1,2,2,4,3,1500,500,v1,0,0,0,0,0,0.3815345416,0,0,0,0,0.07750329419,0,0,0,0,0,0,0.1295313857,0,0,0,0,0.02631245143,0,0,0,0,0,0,0,0,0,0,0,0,0,0,0,0,0,0,0,0,0,0.3200954974,0,0,0.06502282965,0,0,0,0,0,0,0,0,0,0,0,0,0.5132970364,0,0,0,0,-0.4518625938,0,0,0,0,0,0,0,0,0,-0.08644043257,0,0,0,0,0.1478748752,0,0,0,0,0,0,0,0,0,0,0,0,0,0,0,0,0,0,0,-0.07659290835,0,0,0,-0.01555875566,-0.3039877185,0,0,0,0,0,0.3654221612,0,0,0,0,0,0,0,0,0,0,0,0,0,0,0,0,0,-0.01555875566,0,0,0,-0.07659290835,0
1,2,2,4,4,1500,500,v1,0,0,0,0,0,0,0,0,0,0,0,0,0,0,0.4991324452,0,0,0,0,0,0,0.006054533893,0,0,0,0,0.3402015829,0,0,0,0,0,0,0.004126684279,0,0,0,0,0.1486812333,0,0,0,0,0,0,0.001803520438,0,0,0,0,0,0,0,0,0,0,0,0,0,0,0,0,0,0,0,0,0,0,0,0,1.480489068,0,0,0,0.01795850501,-0.4937869451,0,0,-0.5051781034,0,0,0,0,0,0,0,0,0,0,0,-0.6553507038,0,0,-0.3436143447,0,0,0,0,0,0,0,0,0,0,0,-0.8487924481,0,0,-0.1501726004,0,0,0,0,0,0,0,0,0,0,0,0,0,0,0,0,0,0,0.01795850501,0,0,0,1.480489068,0,0,0
1,2,2,4,3,1500,500,v1,0.03084420735,0,0.03257834639,0.002207392805,0.1462715117,0.04664966271,0,0.01136319773,0.1287076714,0.001273604196,0.03164327952,0.08533118512,0.01940882365,0,0.06586882247,0.04080109457,0.05516501182,0.01759350925,0,0.004285529902,0.0485409642,0.005483137624,0.01193398405,0.0321819046,0,0,0.03630093839,0,0,0.006771282834,0,0,0.02675138988,0.003021809615,0.0002647136882,0.01773575559,0,0.0009689536054,0.003288392649,0,0.0005807394765,0.0006133901128,0.002036927554,4.156113099e-05,0.0008783270192,0.0002737366296,2.397961554e-05,0.00059578453,0,0.01200432886,0,0,0.007194758985,0,0.02523541694,0.0005148992495,0.03411947862,0,0,0.002650593937,-0.263389952,-0.03207038983,0,-0.03286835508,-0.1576320852,-0.07794336077,-0.2140352955,0,0.04363769703,0,0.05170182815,0,0.09173485894,0,0.004303829408,-0.5268728707,-0.05995757646,0,-0.07034898882,-0.05932722353,-0.028149528,-0.0805554246,0,0.05614136581,0,0.05804172223,0,0.00401780618,0,0.00226905872,-0.3950080233,0,0,0.02963190141,0,-0.006758890562,-0.04439486494,0.09173485894,0.00401780618,0.3530525454,0.09383276543,0.04363769703,0.05614136581,0.02742711734,0.06364839901,-0.3188856936,0,0.002664972421,0.003379982374,-0.0005709859992,-0.0005799416577,0.001105445809,0,0,0.02742711734,0.3057625574,0,0,0.3530525454,0.2027158201,-0.3068932886,0,-0.03295576661,0,-0.007464738825,0,-0.0366937997,0.004303829408,0.00226905872,0.06364839901,0.2027158201,0.05170182815,0.05804172223,0.09383276543,0.3057625574
1,2,2,4,3,1500,500,v1,0,0.0004477514757,0.2168861209,0,0.001410090548,0.004886511159,0.0004421329631,0.004550734783,0.0002436207968,0.06923647739,0.002726343203,0.002768279315,0.009860963729,0.3222887415,0,0.0006759364342,0.003575941916,0.01239202696,0.08394432506,0.01154050943,0.0006178140974,0,0.006913914114,0.007020262673,0.003017555191,0.03847611716,0,0.0001832558908,0.0001355584469,0.06566309055,0.01002160879,0.000133857421,7.375711446e-05,0,0.02096160449,0.0008381069964,0.0001917704747,7.481556954e-05,0,1.164620593e-05,0,0.004172994774,5.128359731e-06,0,9.40188586e-05,0,0.001332143602,5.245617329e-05,0.005051983474,0.001970934377,0.06441662066,0.0003068065614,0,0.0002269516181,0.0001351010298,0,0.000714732053,0.01677815278,0.0002241037648,0.002306629188,0.04061002836,0,-0.0008898696165,-0.2816527405,-0.005948460722,-0.00752332885,-0.003005652565,0.01231869188,0.01782306435,0.6374440321,0,0.0007481131603,0.001221712086,0.1660306494,0,-0.1521504881,-0.01051617168,-0.4062263118,0,-0.01511619988,-0.01926646172,-0.007637949528,0.0007481131603,0,0.001214253183,0.2208492306,0.01231869188,0,0.001199016407,0.07050161946,-0.7812133893,-0.003163170321,-0.04839712621,0,-0.0002688570135,0.08219520333,-0.000909972614,0.001221712086,0,0.008544446152,0.02593239673,0.01782306435,0,0.02757518571,0.0144685255,-0.247376168,-0.0002002015937,-7.867912876e-05,0,0,0.005223637107,-0.0001441575789,0.1660306494,0.001199016407,0.02757518571,0.001401785089,0.6374440321,0.001214253183,0.008544446152,0.01592857697,-0.490805048,-0.005347831449,-0.002101666818,-0.08102634959,0,-0.0004501197632,-0.003015093974,0,0.07050161946,0.0144685255,0.01592857697,0,0.2208492306,0.02593239673,0.001401785089
1,2,2,4,1,1500,500,v1,0,0,0,0,0,0,0,0,0,0,0,0,0,0.5334667516,0,0,0,0,0.4154444539,0,0,0,0,0,0,0.02746267739,0,0,0,0,0.02138693176,0,0,0,0,0,0,0,0,0,0,0,0,0,0,0,0,0,0,0,0.00125884371,0,0,0,0,0,0,0.000980341579,0,0,0,0,0,0,0,0,0,0,0,0.7468199646,0,0,0,0.5815961565,0,0.04847640588,0,-0.9340871533,0,0,0,0,0,0,0,0,0,0,0,0,-0.9319624671,0,0.04635171971,0,0,0,0,0,0,0,0,0,0,0,0,0,0,0,0,0,0,0,0.5815961565,0,0,0,0.7468199646,0,0,0,-0.8877354336,0,0,0.002124686168,0,0,0,0,0,0,0,0,0,0,0
1,2,2,4,4,1500,500,v1,0,0,0.1994088531,0,0,0,0,0,0,0.2695984313,0,0,0,0,0,0,0,0,0,0,0,0,0,0,0,0,0,0,0,0.1372040366,0,0,0,0,0.1854982488,0,0,0,0,0,0,0.08855929784,0,0,0,0,0.1197311323,0,0,0,0,0,0,0,0,0,0,0,0,0,-0.5298913759,0,0,-0.4689993279,0,0,0,0,0,0,0,0,0,0,0,0,0,0,0,0,0,0,0,0,0,0.6370507828,0,0,0,0.8612852728,-0.6768576977,0,0,0,0,-0.322033006,0,0,0,0,0,0,0,0,0,-0.7910323339,0,0,0,0,-0.2078583699,0,0,0,0,0,0,0,0,0,0,0,0,0,0,0,0,0,0.8612852728,0,0,0,0.6370507828,0,0
1,2,2,4,2,1500,500,v1,0.05726677101,0.03164928365,0.0008305854969,0.04168019646,0,0.0004930509991,0.01949353813,0,0,0.07237143798,0.00728218092,0,0,0,0,0,0,0.002918083572,0,0,0,0,0.04309901522,0,0.1306264594,0,0,0.02180424433,0.1196931961,0.00314115902,0,0.07372185448,0,0,0.2736987295,0,0.01152143759,0,0,0.001923165042,0.01910221776,0.0002770546471,0,0.0139030746,0.0001644647915,0,0.0241406132,0.002429084149,0.004856267889,0,0,0.0008106110512,0.008051554851,0.004449804638,0,0.005860124153,0,0,0.002740739328,0,-0.5422676998,-0.09894532138,-0.05103569552,0.06945889113,0,-0.007759103609,0,0.2173214736,0,0,0,0.03627535601,0,0,0,-0.0103472727,0,0,0,0,-0.04601633362,0,0.03627535601,0.1265448979,0.2307039233,0.0030616283,0.2173214736,0.09210256047,0.1420959985,0.2667689758,0.01546966553,-0.1500479192,0,0,-0.1903916014,-0.2725150486,0,0,0.09210256047,0,0.005361280416,0,0.1265448979,0,0.07918412907,-0.5253078975,-0.01341639347,0,0,-0.03293682913,0.02316908812,-0.002588169093,0,0.1420959985,0,0,0,0.2307039233,0,0,-0.5367737601,-0.005600240456,0,0,-0.01388282175,-0.007105984267,0,0,0.2667689758,0.07918412907,0,0,0.0030616283,0.005361280416,0
1,2,2,4,1,1500,500,v1,0,0.02900552004,0.0466021484,0,0.004480813097,0,0.03054891046,0.0067067682,0.02796239917,0.1868813706,0,0.03431520273,0,0.04063641536,0,0,0.001421433452,0,0.04443130982,0.002127565794,0.008870418989,0,0,0.01088569776,0,0.04961144189,0,0,0.0112335447,0.01804854099,0.05424448307,0.01183128421,0.01082955454,0,0.07237726569,0.01328993113,0,0,0,0,0,0.01844168097,0,0,0,0,0.07395381399,0,0,0,0.07229369944,0,0,0.01636950013,0,0,0.002528783158,0.0790449583,0.01724052501,0.003785018947,-0.2920141967,0,-0.05955343804,-0.2334796316,-0.01116470133,0,-0.06215024324,0,0,-0.02170317782,0,0,0,-0.02372996238,0,-0.1538194295,0,0.08071784693,0,-0.003493316256,0,-0.01944611483,0,0,0.08482623751,0.1245238546,0,0,0.08933985993,0.4993587037,-0.5686301365,0,0.09854532202,0,-0.02301698511,-0.09023823557,-0.0238358446,0,0,0.01255473946,0,0,0,0.0187916172,0,-0.3237178672,0,0,0,0,-0.09220383837,0,-0.02372996238,0.08933985993,0.0187916172,0.07100796841,-0.02170317782,0.08482623751,0.01255473946,0.08714033559,0.08203472823,0,0,-0.1489744088,0,-0.03354030848,-0.006239553524,0,0.4993587037,0,0.08714033559,0,0.1245238546,0,0.07100796841
1,2,2,4,4,1500,500,v1,0.02487205827,0.02136177232,0.1225482668,0.05425356722,0,0,0.2173187135,0,0,0.03897064245,0,0,0,0.0002734699817,0.0007370316792,0,0,0,0.0004783995482,0,0,0.0005382907901,0,0,0.007373385933,0.007812164528,0.02105464265,0.03889944009,0.0137229585,0.07872590133,0.01366634816,0.1396071282,0,0.01537724978,0.02503502523,0,9.878985191e-05,0,0.0002820936065,0.0005211811725,0.0002140757937,0.001054782729,0,0.0004669647899,0,0.0002060269519,0.0003354234348,0,0.004181250203,0,0.004430069823,0.02205883338,0.009060692355,0.007781923193,0,0.01976414161,0,0.007749820981,0.07916747317,0,0.09401418566,-0.07896381112,-0.2349517675,-0.1615161174,0,0,0,0.0173574299,0,0.01864056758,0.03310695578,0.09157180139,0,0.03260920312,0.02417965183,-0.07034188083,0,-0.0007430276583,-0.001272677044,0,0,0,0.09157180139,0.05092696269,0.0009342143914,0.3032420782,0.0173574299,0.1110872871,0.00950399943,0.09643172381,-0.3562849165,-0.04617818953,-0.02143458589,-0.03643128665,0.1454896565,-0.1035457615,0,0,0.1110872871,0,0,0,0.05092696269,0,0,-0.4821091181,-0.0006126802593,0,-0.0004871080407,-0.0006730316498,-0.001387322433,0,0.03260920312,0.00950399943,0,0,0.01864056758,0.0009342143914,0,0,-0.2380674372,-0.02582861773,0,-0.01198890024,-0.02837265708,0.08250330186,0,0.02417965183,0.09643172381,0,0,0.03310695578,0.3032420782,0,0
1,2,2,4,4,1500,500,v1,0,0,0.003738847247,0,0,0.06252655062,0,0,0.006959524312,0.009681635435,0.05865506087,0.006596291294,0.008446785181,0.05219186042,0.004952073496,0.005567570613,0,0.01639010011,0.05762683581,0,0.001824301822,0.018206593,0.01537526555,0.001729087461,0.02788963653,0.06819704063,0.00647067866,0.002816532522,0,0.001280612123,0.0752987081,0,0.002383743068,0.02378983529,0.003316107584,0.002259330227,0.066840065,0.02645137239,0.01550757328,0.006750077815,0,0.00306910409,0.01743502178,0,0.05132611191,0.0570145163,0.007947355146,0.0481481257,0.02250423241,0.008905853575,0.05502839918,0.002272668645,0,0,0.005870158597,0,0,0.06075875622,0,0,-0.1547281496,0,0,-0.01342022389,0,-0.1211789909,-0.01355559015,0.1746243152,0.06526628839,-0.0519109705,0.04035955934,0.01763504765,0.04301928621,-0.05731677442,0.1483843238,-0.4310756675,-0.0138495491,0.1041982861,-0.02311062804,0,-0.03169947417,-0.003546018421,0.01763504765,0,0,0.01211920878,0.1746243152,0,0,0.03138235929,-0.0209157731,-0.03034507066,-0.1412405487,-0.03019774419,0,-0.004587184645,-0.004633442099,0.04301928621,0,0,0.1951517271,0.06526628839,0,0,0.1830685607,-0.3073212437,-0.0734396473,-0.04379664647,-0.07252088323,0,-0.01099363684,-0.09926839346,-0.05731677442,0,0,0.01673808693,-0.0519109705,0,0,0.01586448908,-0.1984731761,-0.02438819059,-0.0145441875,0.1098607592,0,0,0,0.1483843238,0.03138235929,0.1830685607,0.01586448908,0.04035955934,0.01211920878,0.1951517271,0.01673808693
1,2,2,4,2,1500,500,v1,0.03159756739,0.006341802459,0.0003137999786,0.04657622386,0.00148458797,0,0.009503633541,0.003175893432,2.788593158e-05,0.0001973487537,0,7.474638458e-05,0,0.002026315757,0,0,0.01041050809,0,0.01323564831,0.02227059962,0.000195546995,0,0,0.000524150712,0.0001584662035,0.0003553693466,0,0.0002903649369,0.007799226648,0.0003859150724,0.002321229392,0.01168768539,3.429446156e-05,0,0.000242701924,9.192402289e-05,0.0001422716178,0,0,0.0002606908504,0.0348878412,0.0003464761602,0,0.05142623424,0,0,0.0002178987988,0,0.0009437925088,0,0.00211650762,0.001729354565,0.2314367663,0.04645060918,0,0.3411481177,0.01087388263,0.0138247706,0.06960947937,0.02326187004,-0.8235455087,-0.07801163389,0.009829098297,-0.0005059785665,-0.004650814078,0,-0.0001014253757,0.001857646658,0,0.004664587617,0,0.003403851692,0,0.03046851106,0,-0.05234776188,0,-0.01008553938,0,-0.03261371845,0,-0.0007182259685,0.003403851692,0.4466706221,0.05176946759,0.001554393736,0.001857646658,0.6584124224,0.07758015986,0.0009775579788,-0.1352266229,-0.0004417612201,0.002126271178,0,0.01849046289,-0.0006187853952,-0.0001242306218,0,0.6584124224,0.03411618531,0,0,0.4466706221,0.07298276159,0,-0.6548212029,-0.0003982236908,0,0,-0.08613503253,-0.0005632038484,0,0.03046851106,0.07758015986,0.07298276159,0.0003846891833,0.004664587617,0.05176946759,0.03411618531,0.001031133766,-0.1818908909,-0.002667680656,0,-0.01546279758,-0.5725753632,-0.1145526462,-0.0341347654,0,0.0009775579788,0,0.001031133766,0,0.001554393736,0,0.0003846891833
1,2,2,4,3,1500,500,v1,0,0,0,0,0,0,0,0,0.04245756322,0,0,0.1154846552,0,0,0,0,0,0,0,0,0.09939751512,0,0,0.270361436,0,0,0,0,0,0,0,0,0.1269619843,0,0,0.3453368462,0,0,0,0,0,0,0,0,0,0,0,0,0,0,0,0,0,0,0,0,0,0,0,0,-0.8412825205,0,0,0,0,0,-0.1576145959,0,0,0,0,0,0,0,0,-0.6299036852,0,0,0,0,0,-0.3689934312,0,0,0,0,0,0,0,0,-0.5266080271,0,0,0,0,0,-0.4722890893,0,0,0,0,0,0,0,0,0,0,0,0,0,0,0,0,0,0,0.4027810419,0,0,0,1.095564633,0,0,0,0,0,0,0,0,0,0,1.095564633,0,0,0,0.4027810419
1,2,2,4,0,1500,500,v1,0,0,0.1488172025,0,0,0,0,0,0,0.1884647932,0,0,0,0,0,0,0,0,0,0,0,0,0,0,0,0,0,0,0,0.05800653177,0,0,0,0,0.07346051956,0,0,0,0,0,0,0.2344011292,0,0,0,0,0.2968498238,0,0,0,0,0,0,0,0,0,0,0,0,0,-0.3982070555,0,0,0.3200353082,0,0,0,0,0,0,0,0,0,0,0,0,0,0,0,0,0,0,0,0,0,0.05173697777,0,0,0,0.06552064313,-0.202916326,0,0,0,0,0.1247445787,0,0,0,0,0,0,0,0,0,0.444779887,0,0,0,0,-0.5229516342,0,0,0,0,0,0,0,0,0,0,0,0,0,0,0,0,0,0.06552064313,0,0,0,0.05173697777,0,0
1,2,2,4,0,1500,500,v1,0.01415069124,0,0.01270333907,0.008712047303,0,0.001214882013,0,0,0,0.001705065556,0.0004090840118,0,0,0,0,0,0,0.1366767135,0,0,0,0,0.04602278876,0,0,0,0,0,0,0.03409530835,0,0,0,0,0.004576335056,0,0,0,0,0,0.04936245576,0.04431359584,0,0.03039060369,0.004237924395,0,0.005947852414,0.001427025089,0,0,0,0,0.3738740968,0,0,0.2301801912,0,0,0,0,-0.7957993951,0.02169366895,0,-0.01132221505,0,0.0002520903047,0,0,0,0,0,0,0,0,0,-0.005258975692,0,0,0,0,-0.1813470627,0,0,0.5060950564,0,0.0706881197,0,0.3115836531,0,0.009487889623,-0.03652122766,0,0,0,0,-0.01692944522,0,0,0.3115836531,0,0.2093987646,0,0.5060950564,0,0.07051029297,-0.7850106356,0,0,0,0.03054486335,-0.0251990126,-0.005511065997,0,0,0,0,0,0,0,0,0.0522385323,0,0,0,-0.597357672,0,0,0,0.009487889623,0.07051029297,0,0,0.0706881197,0.2093987646,0
1,2,2,4,3,1500,500,v1,0.0001179502505,0,0.0002142122661,0.001579338301,9.631874073e-05,0.001269809227,0,0.0001949768991,0,1.180737612e-05,9.940300147e-05,0,0.00664927872,0,0,0.002263355066,0.003120640543,0.04114067651,0,0.006317076113,0,0,0.003220567816,0,0.006239872024,0,0,0.004957147956,0,0.001268854463,0,0,0,0,6.993923439e-05,0,0.0575929664,0.01122025762,0,0.04575363959,0.00644852086,0.0117113127,0.003819275442,0.08634484397,0.06942241537,0,0.0006455273378,0.005434514344,0.1579334471,0.03076858293,0,0.1254672309,0.01768335947,0,0.01047335072,0.2367778515,0.01444031622,0,0,0.02923136305,-0.3492519484,-0.0004757892029,0,-0.0002239489154,-0.0002906913998,-0.00135743116,0,0.1559866239,0.0431970863,0,0,0.1239206133,0.01470390228,0,0,-0.1534291317,-0.004176639981,0,0,-0.009418139823,-0.04425241306,0,0.1239206133,0.01722051622,0,0.01950986863,0.1559866239,0.2305804443,0,0.001075386185,-0.1958866722,-0.003105660031,0,0,0,-0.001335995748,0,0.01470390228,0.2305804443,0.02647554359,0.1659527321,0.0431970863,0.01722051622,0.0535941329,0.01299108961,-0.550112185,0.07213784959,-0.01480250068,0,0.05520092305,-0.01216355855,-0.07368603691,0,0,0.0535941329,0,0,0,0.02647554359,0,0.09506935152,-0.2556370143,-0.01962151839,0,-0.2199257742,0,-0.0436709531,0,0.001075386185,0.01299108961,0,0,0.01950986863,0.1659527321,0
1,2,2,4,1,1500,500,v1,0,0,0,0,0,0,0,0,0,0,0,0,0,0,0.0139247727,0,0,0,0,0,0,0.278484221,0,0,0,0,0.01508396855,0,0,0,0,0,0,0.3016672029,0,0,0,0,0.01861213568,0,0,0,0,0,0,0.3722276992,0,0,0,0,0,0,0,0,0,0,0,0,0,0,0,0,0,0,0,0,0,0,0,0,-0.01380605802,0,0,0,-0.2761100231,-0.08417941511,0,0,0.2774568025,0,0,0,0,0,0,0,0,0,0,0,-0.1072759491,0,0,0.3005533365,0,0,0,0,0,0,0,0,0,0,0,0.5780101391,0,0,-0.3847327517,0,0,0,0,0,0,0,0,0,0,0,0,0,0,0,0,0,0,-0.2761100231,0,0,0,-0.01380605802,0,0,0
1,2,2,4,3,1500,500,v1,0.001456321443,0.09306844935,0.02218194575,0.001071371857,0.04923167789,0,0.04578729809,0.01112341292,0,0.02986620666,0,0,0.0002729352955,1.628971114e-05,0.00227577378,0.005497985219,0.001835399072,0,9.911956653e-06,0.0004146903503,0,0.000343299417,0,0,9.266595028e-05,2.495624835e-06,0.0003486542835,0.0002396158159,0.0005315624128,0.0001266926514,1.518536761e-06,0.0002615151195,0,5.259433662e-05,0.0001705814697,0,0.004175370028,0.001884084614,0.0157097687,0.01079668091,0.0003747863938,0.005708555275,0.0379528391,0.0002757190705,0,0.002369811307,0.007686110744,0,0.02526078435,0.01139861972,0.0006803085772,0.06531939117,0.002267439343,0.1449041794,0.2296128194,0.001668086885,0.07665192592,0.0004139538799,0.07128915226,0.017318748,-0.308658128,-0.002497968429,-0.1385677992,-0.0483463848,-0.06022993559,0,0,0.03191666463,0.01421489336,0.001048565452,0.02711917013,0.08253018392,0.2863435944,0.0006380306696,0.004090920344,-0.3745424149,0.0006797157811,-2.614731718e-05,-0.002613587138,-0.00224542202,0,0,0.08253018392,0.006106321732,0.3574613713,0.02508583578,0.03191666463,0.004492237085,0.1758618879,0.03377606113,-0.4914614287,-0.0002189894132,-4.005834945e-06,-0.000396530003,-0.0007914324367,-0.0001467411134,0,0.2863435944,0.004492237085,0.1914176651,0,0.01421489336,0.006106321732,0.04324894384,0,-0.384545721,0.01214691627,0.03779989143,-0.01779660984,-0.0006402597823,0.009251861303,0,0.0006380306696,0.1758618879,0.04324894384,0,0.001048565452,0.3574613713,0.1914176651,0,-0.1545954365,-0.08822582588,-0.2388519324,-0.001094244262,-0.003927477667,-0.2161896079,-0.09396904838,0.004090920344,0.03377606113,0,0,0.02711917013,0.02508583578,0,0
1,2,2,4,3,1500,500,v1,0.7884736428,0,0,0.02005356188,0,0,0,0,0,0,0,0,0,0,0,0,0,0,0,0,0,0,0,0,0,0,0,0,0,0,0,0,0,0,0,0,0,0,0,0,0.1278867422,0,0,0.003252594073,0,0,0,0,0,0,0,0,0.05883703357,0,0,0.001496425536,0,0,0,0,0.1816819724,-0.7958962551,0,0,0,0,0,0,0,0,0,0,0,0,0,0,0,0,0,0,0,0,0,0.8984702743,0,0,0,0.0228511497,0,0,0,0,0,0,0,0,0,0,0.0228511497,0,0,0,0.8984702743,0,0,-0.7386479038,0,0,0,0.1244336211,0,0,0,0,0,0,0,0,0,0,-0.671462634,0,0,0,0.05724835131,0,0,0,0,0,0,0,0,0,0
1,2,2,4,1,1500,500,v1,0,0,0,0,0,0,0,0,0,0,0,0,0,0,0,0,0,0,0,0,0,0,0,0,0.004985658568,0,0,0.01237537295,0,0,0,0,0,0,0,0,0.2013991044,0,0,0.4999116959,0,0,0,0,0,0,0,0,0.08079048702,0,0,0.2005376811,0,0,0,0,0,0,0,0,0,0,0,0,0,0,0,0.4304909537,0,0,0,1.068562182,0,0,0,0,0,0,0,0,0,0,1.068562182,0,0,0,0.4304909537,0,0,0,-0.9820437377,-0.01732501921,0,0,0,0,0,0,0,0,0,0,0,0,0,-0.2980696265,-0.7012991304,0,0,0,0,0,0,0,0,0,0,0,0,0,-0.7186241496,-0.2807446073,0,0,0,0,0,0,0,0,0,0,0,0,0
1,2,2,4,0,1500,500,v1,0.1950731751,0,0.001514514964,0.1597067372,0.1652774558,0,0,0.0406409393,0.001943333363,0.002685984084,0,0.003539171054,0,0.0004146408966,0,0,0.0005619064669,0,0.0001812499711,0.0001381701243,6.606899768e-06,0,0,1.203239179e-05,0.001753701389,0.1337797,0,0.00152824639,0,0.001661277042,0.05847847371,0,0.002131649523,0,0.002946265833,0.003882129762,0.0008285890474,0,0,0.0007220660415,0.1010996355,0.0007849203803,0,0.08277044195,0,0,0.001392052042,0,7.473917974e-05,0,0.005701418217,6.513074706e-05,0.00911924174,0,0,0.007465938582,0.007726357417,0.00249223339,0,0.001899874495,0.1671375372,-0.3492374675,0,-0.004134673493,-0.2026995001,0,-0.005396597621,0.003982689995,0,0.2098212721,0,0.003470677234,0,0.09171815857,0,-0.4241354193,0,-0.0005946548,0,-0.0006918437969,0,-1.860062773e-05,0.003470677234,0.1311641862,0,0.005886501057,0.003982689995,0.1073843403,0,0.01043967757,-0.02215957183,-0.003281893114,-0.1922549769,0,0,-0.004598074037,-0.006001878316,0,0.1073843403,0.2564386067,0,0,0.1311641862,0.06305712556,0,-0.3456545788,-0.00154743858,0,0,0.1744680074,-0.002151371557,0,0.09171815857,0,0.06305712556,0.006070360607,0.2098212721,0,0.2564386067,0.01105525424,-0.5758397674,-0.000139579792,0,-0.008176655361,0.01573710912,0,-0.009605810954,0,0.01043967757,0,0.01105525424,0,0.005886501057,0,0.006070360607
1,2,2,4,0,1500,500,v1,0,0,0,0,0.0004949895037,3.468433447e-05,0,0.0002713882145,0,0,0.0002656466011,0,0,0,0,0,0.4541160087,0.031820294,0,0.2489784771,0,0,0.2437109744,0,0,0,0,0,0,0,0,0,0,0,0,0,0,0,0,0,0,0,0,0,0.00177972056,0,0,0.013630843,0,0,0,0,0,0,0,0,0.003162866665,0,0,0.001734106947,-0.964465314,0,0,0,0.0007190669262,0.0002849737304,0,0,0,0,0,0,0,0,0,0.01078341436,0,0,0,-0.7030170183,-0.2712276694,0,0,0,0,0,0,0,0,0,0,0,0,0,0,0,0,0,0,0.6850891071,0.04440344999,0,0,0.3756142468,0.3400851061,-0.2709426957,0,0,0,0,0,0.01461699161,0,0,0.3756142468,0,0,0,0.6850891071,0,-0.7022979514,0,0,0,0,0,-0.004837617913,0,0,0.3400851061,0,0,0,0.04440344999,0
1,2,2,4,4,1500,500,v1,0,0,0,0,0,0.07784587576,0,0,0,0,0.003495627779,0,0.0001221358481,0,0,3.358730449e-05,0,0.0004980887989,0,0,0,0,2.236641344e-05,0,0,0,0,0,0,0,0,0,0,0,0,0,0,0.1467760552,0,0,0,0,0.0403633506,0,0.5985753582,0,0,0.02687870911,0,0.08265794617,0,0,0,0,0.02273089883,0,0,0,0,0,-0.625963043,0,0,0,0,-0.08117277533,0,0,0.09890386434,0,0,0,0.02719851918,0,0,-0.7908324588,0.0001477603618,0,0,0,-0.0005193756224,0,0,0,0,0,0,0,0,0,0,0,0,0,0,0,0,0.02719851918,0,0,1.015120289,0.09890386434,0,0,0.04558343839,0.01845546757,0,-0.1842158742,0,0,0,-0.6254436674,0,0,0,0,0,0,0,0,-0.1840681138,0,0.09999985816,0,0,0,0,0,0,0.04558343839,0,0,0,1.015120289,0
1,2,2,4,1,1500,500,v1,0.02995257135,0.03255674895,0.03082411994,0.009921794935,0.1390237178,0,0.004911823025,0.04160474379,0.02681469271,0.04726621666,0,1.313647227e-05,0,0,0,0,0.3867780523,0,0,0.1157486077,0.07460118883,0,0,3.65469953e-05,6.657853648e-05,0,0,7.433962747e-05,0.0002690662322,0.0002547468675,0,4.059390931e-05,0.0002216108355,0,0.000390633071,1.085667707e-07,0.00218851437,0,0,0.002443630509,0.008137058461,0.00837382751,0,0.002695402157,0,0,0.01284056596,0,0.0006429393018,0,0,0.0007178870356,0.002390495926,0.002598333707,0,0.0007918522284,0.01109539569,0,0.0003920095138,0.003320448497,-0.5937808358,-0.03987370326,-0.03746794896,-0.07808903792,0.1713921531,0,-0.0267716369,0.004344786056,0,0,0,0.004851259814,0,0,0,0.1580801046,0,0,0,-0.4946760955,0,-0.07347100367,0.004851259814,0.06068668527,0.05312648947,0.05915142504,0.004344786056,0.020102476,0.008015171127,0.09070377584,-0.2459442273,-0.0001406258548,0,0,-0.0003090178077,-0.0006440412148,-0.0002191120157,0,0.020102476,0.3574392824,0,0,0.06068668527,0.1069685806,0,-0.1232811588,-0.004632067836,0,0,-0.01080999064,-0.02117038812,0,0,0.008015171127,0.1069685806,0.1506188409,0,0.05312648947,0.3574392824,7.378792526e-05,-0.4165172968,-0.001358003556,0,0,-0.00317574695,-0.002984140295,0.01367870042,0,0.09070377584,0,7.378792526e-05,0,0.05915142504,0,0.1506188409
1,2,2,4,3,1500,500,v1,0,0,0,0,0,0,0,0,0,0,0,0,0,0.002283126848,0.4298519664,0,0,0,4.911925836e-06,0,0,0.1086102174,0,0,0,1.341389825e-05,0.002525479713,0,0,0,2.885870026e-08,0,0,0.000638110145,0,0,0,0,0.36314576,0,0,0,0,0,0,0.09175563452,0,0,0,0,0.001168835696,0,0,0,0,0,0,2.514636564e-06,0,0,0,0,0,0,0,0,0,0,0,0.005194329053,0.1142443427,0,0,1.117509509e-05,0.02886599077,0.4334533799,0,-0.002288000563,-0.5300426044,0,0,0,0,0,0,0,0,0,0,0,-0.1018656322,0,-1.341487238e-05,0.003001821979,0,0,0,0,0,0,0,0,0,0,0,-0.5270407824,0,0,0.4316338934,0,0,0,1.117509509e-05,0,0,0,0.005194329053,0,0,0,-0.002301415435,0,0,-0.001168920664,0,0,0,0.02886599077,0,0,0,0.1142443427,0,0,0
1,2,2,4,0,1500,500,v1,0,0,0,0,0,0,0,0,0,0,0,0,0,0,0,0,0,0,0,0,0,0,0,0,0.008976718707,0,0,0.001023345394,0,0,0,0,0,0,0,0,0.02583148647,0,0,0.002944787907,0,0,0,0,0,0,0,0,0.8628579114,0,0,0.0983657501,0,0,0,0,0,0,0,0,0,0,0,0,0,0,0,1.346369349,0,0,0,0.1534860249,0,0,0,0,0,0,0,0,0,0,0.1534860249,0,0,0,1.346369349,0,0,0,-0.9899242617,-0.00997932078,0,0,0,0,0,0,0,0,0,0,0,0,0,-0.9711869993,-0.02871658321,0,0,0,0,0,0,0,0,0,0,0,0,0,-0.03869590399,-0.9612076785,0,0,0,0,0,0,0,0,0,0,0,0,0
1,2,2,4,2,1500,500,v1,0,0,0.7140093271,0,0,0,0,0,0,0.1384242769,0,0,0,0,0,0,0,0,0,0,0,0,0,0,0,0,0,0,0,0.1122016217,0,0,0,0,0.02175241662,0,0,0,0,0,0,0.0114018855,0,0,0,0,0.002210472183,0,0,0,0,0,0,0,0,0,0,0,0,0,0.140020695,0,0,-0.8391167412,0,0,0,0,0,0,0,0,0,0,0,0,0,0,0,0,0,0,0,0,0,0.878357731,0,0,0,0.1702863383,-0.8262004416,0,0,0,0,0.1271043954,0,0,0,0,0,0,0,0,0,-0.7120123458,0,0,0,0,0.01291629962,0,0,0,0,0,0,0,0,0,0,0,0,0,0,0,0,0,0.1702863383,0,0,0,0.878357731,0,0
1,2,2,4,4,1500,500,v1,0,0,0,0,0,0,0,0,0,0,0,0,0,0.2347880309,0,0,0,0,0.04461115349,0,0,0,0,0,0,0.1147070196,0,0,0,0,0.02179503118,0,0,0,0,0,0,0,0,0,0,0,0,0,0,0,0,0,0,0,0.4908367902,0,0,0,0,0,0,0.09326197463,0,0,0,0,0,0,0,0,0,0,0,0.2273174607,0,0,0,0.04319169972,0,-0.4454517421,0,0.2651123019,0,0,0,0,0,0,0,0,0,0,0,0,-0.3098615574,0,0.1295221171,0,0,0,0,0,0,0,0,0,0,0,0,0,0,0,0,0,0,0,0.04319169972,0,0,0,0.2273174607,0,0,0,0.394634419,0,0,-0.5749738592,0,0,0,0,0,0,0,0,0,0,0
1,2,2,4,1,1500,500,v1,0,0,0,0,0.1324911833,0,0,0.04412785742,0,0,0,0,0,0,0,0,0.503330854,0,0,0.1676406808,0,0,0,0,0,0,0,0,0,0,0,0,0,0,0,0,0,0,0,0,0,0,0,0,0,0,0,0,0,0,0,0,0,0,0,0,0.1143302835,0,0,0.038079141,-0.5158734246,0,0,0,0.1675877538,0,0,0,0,0,0,0,0,0,0,0.3122038325,0,0,0,-0.6604895034,0,0,0,0,0,0,0,0,0,0,0,0,0,0,0,0,0,0,0,0.3919009564,0,0,0,0.1305275499,0,0,0,0,0,0,0,0,0,0,0.1305275499,0,0,0,0.3919009564,0,-0.4929017496,0,0,0,0,0,0.1446160788,0,0,0,0,0,0,0,0
1,2,2,4,3,1500,500,v1,0,0,0,0,0,0,0,0,0,0,0,0,0,0,0,0,0,0,0,0,0,0,0,0,0.006513112181,0,0,0.03195891166,0,0,0,0,0,0,0,0,0.09209367641,0,0,0.4518905229,0,0,0,0,0,0,0,0,0.07068797499,0,0,0.3468558019,0,0,0,0,0,0,0,0,0,0,0,0,0,0,0,0.02610216726,0,0,0,0.1280796084,0,0,0,0,0,0,0,0,0,0,0.1280796084,0,0,0,0.02610216726,0,0,0,-0.1392926352,0.03650478473,0,0,0,0,0,0,0,0,0,0,0,0,0,0.4326965323,-0.5354843827,0,0,0,0,0,0,0,0,0,0,0,0,0,-0.498979598,0.3961917475,0,0,0,0,0,0,0,0,0,0,0,0,0
1,2,2,4,2,1500,500,v1,0,0,0.0004315694282,0,0,0.001689016872,0,0,0.002073949004,0.004333603703,0.001342901658,0.003167037588,0.04138482631,0.2611923293,0.1596106447,0.01723356746,0,0.003493245294,0.04894071552,0,0.004289366622,0.1296557365,0.002777405586,0.006550105762,0.0004928914771,0.01284541029,0.007849634114,3.184390527e-05,0,4.389684719e-05,0.002406899056,0,0.000210950583,0.006376454992,0.0004407901189,0.0003221334876,0.00524537206,0.02165976244,0.08353614005,0.0003388841941,0,0.0004671521146,0.009019609612,0,0.00182827548,0.06785850519,0.00469090719,0.001453623237,0.002237699234,0.00924015175,0.05831743115,0.0001445695163,0,0,0.003847805893,0,0,0.01092718463,0,0,-0.02651210153,0,0,-0.004711469977,0,-0.003025629406,-0.005179354069,0.01189671765,0.1083299323,0.4508854013,0.1177284987,0.000768603189,0.04511100789,0.08448431166,0.09563382223,0.0323066855,-0.0586174164,-0.3021743286,-0.2849683265,0,-0.006270546396,-0.01081730544,0.000768603189,0,0,0.001404152766,0.01189671765,0,0,0.01409979689,-0.5535227801,-0.0005164569796,0.007086761255,0.01349864833,0,-0.0004770348933,-0.0005246621541,0.04511100789,0,0,0.01050477536,0.1083299323,0,0,0.008352124967,-0.3605032952,-0.005572836372,-0.03061573465,0.1292281309,0,-0.005147461568,-0.003275091081,0.08448431166,0,0,0.009806659142,0.4508854013,0,0,0.01497532335,-0.3904100118,-0.002354253874,-0.01306080905,-0.06182557457,0,0,0,0.09563382223,0.01409979689,0.008352124967,0.01497532335,0.1177284987,0.001404152766,0.01050477536,0.009806659142
1,2,2,4,2,1500,500,v1,0,0,0,0,0.0005365624701,0.002978000399,0,0.0001100309413,0,0,0.0004411999972,0,0,0,0,0,0.1002353834,0.5563210779,0,0.02055491056,0,0,0.08242069345,0,0,0,0,0,0,0,0,0,0,0,0,0,0,0,0,0,0,0,0,0,0.00876047755,0,0,0.001297891925,0,0,0,0,0,0,0,0,0.1878268027,0,0,0.03851696875,-0.9956483973,0,0,0,-0.0006452521705,-0.003412107885,0,0,0,0,0,0,0,0,0,-0.2404348674,0,0,0,-0.1205397394,-0.6387311505,0,0,0,0,0,0,0,0,0,0,0,0,0,0,0,0,0,0,0.4325798869,0.8520389342,0,0,0.0887076037,0.1262322112,-0.6421432584,0,0,0,0,0,-0.01003750521,0,0,0.0887076037,0,0,0,0.4325798869,0,-0.1211849915,0,0,0,0,0,-0.2263400022,0,0,0.1262322112,0,0,0,0.8520389342,0
1,2,2,4,1,1500,500,v1,0.0006756566945,0.0004381370314,4.169842969e-05,0.00099414294,0,0.003361798006,7.838979212e-07,0,0.005033689186,7.130906334e-05,0.002039509054,0.001460503675,0,0,0.00377164552,0,0,0.01173084771,0,0,0.01756483915,0.001938787184,0.007116778004,0.005096363956,0,0,0.07012434662,0,0.02842534222,0.002705300052,0,5.085752876e-05,0.3265743991,0.03604691475,0.004626371166,0.09475418374,0,0,0.04437563216,0,0.0277394311,0.001711950354,0,0.04081504677,0.1380203362,0.02281097374,0.00292763006,0.08373308713,0,0,0,0,0.004236377037,0.002747125388,0,0.006233290304,0,0,4.91505106e-06,0,-0.7242234721,-0.001666335938,-0.0004380104674,-0.0001127730795,0,-0.00443218731,-0.005719268797,0,0,0,0.05352478347,0,0,0,0.02751401498,-0.6963223608,0,0,0.005418433754,0,0.008575664872,0.01611231878,0,0.04896122169,0.04740528711,0.00668289926,0,0.07204021402,8.481571598e-05,0.01142851721,0.05318292787,0,0,-0.1047428174,-0.02847572625,-0.007331546085,-0.4150813189,0,0.07204021402,0,0.1937251001,0,0.04896122169,0,0.1175276131,-0.1147395111,0,0,0.045298518,-0.06855333796,-0.004629958486,-0.2116452864,0,8.481571598e-05,0,0.4705145828,0,0.04740528711,0,0.1365178206,-0.09913341061,0,0,0,-0.01044794991,-0.00274633183,0,0.02751401498,0.01142851721,0.1175276131,0.1365178206,0.05352478347,0.00668289926,0.1937251001,0.4705145828
1,2,2,4,2,1500,500,v1,0,0,0,0,0,0,0,0,0,0,0,0,0.06407756856,0,0,0.246924317,0,0,0,0,0,0,0,0,0,0,0,0,0,0,0,0,0,0,0,0,0,0.102469651,0,0,0,0,0.3948690495,0,0,0,0,0,0,0.03948872919,0,0,0,0,0.1521706847,0,0,0,0,0,0,0,0,0,0,0,0,0,0.3087291131,0,0,0,1.189694448,0,0,-0.6885922552,-0.3103567854,0,0,0,0,0,0,0,0,0,0,0,0,0,0,0,0,0,0,0,0,1.189694448,0,0,0,0.3087291131,0,0,0,-0.5016186366,0,-0.4973304039,0,0,0,0,0,0,0,0,0,0,0,0,-0.8076871893,0,-0.1912618512,0,0,0,0,0,0,0,0,0,0,0,0
1,2,2,4,4,1500,500,v1,0,0,0,0,0,0,0,0,0.1312249208,0,0,0.02350748272,0,0,0,0,0,0,0,0,0.002720698177,0,0,0.0004873827701,0,0,0,0,0,0,0,0,0.7141309171,0,0,0.1279285985,0,0,0,0,0,0,0,0,0,0,0,0,0,0,0,0,0,0,0,0,0,0,0,0,-0.8452469403,0,0,0,0,0,-0.1544114392,0,0,0,0,0,0,0,0,-0.9964569531,0,0,0,0,0,-0.003201426364,0,0,0,0,0,0,0,0,-0.1576128655,0,0,0,0,0,-0.842045514,0,0,0,0,0,0,0,0,0,0,0,0,0,0,0,0,0,0,1.271680224,0,0,0,0.2278073457,0,0,0,0,0,0,0,0,0,0,0.2278073457,0,0,0,1.271680224
1,2,2,4,4,1500,500,v1,0,0,0.1836480971,0,0,0,0,0,0,0.003281712933,0,0,0,0,0.01875171925,0,0,0,0,0,0,0.006169845925,0,0,0.05217977404,0,0.03469883188,0.02178753312,0,0.2329738226,0,0,0,0.01141689696,0.004163142547,0,0.003344041213,0,0.002223741401,0.001396295979,0,0.01493057566,0,0,0,0.0007316738076,0.000266803,0,0.2878460852,0,0,0.1201894073,0,0,0,0,0,0,0,0,-0.2522970287,0,0,-0.1865435146,0,0,0,0.3459969894,0,0,0.08344530654,0.1444701708,0,0,0.02745586627,-0.04906424358,0,0,-0.02486987163,0,0,0,0.1444701708,0,0,0.6467044725,0.3459969894,0,0,0.01155634253,-0.6266916747,0.0701850424,0,-0.04611495884,0,-0.2371311742,0,0,0,0,0,0,0,0,0,-0.8261355696,0.004497943478,0,-0.002949284736,0,-0.01516585445,0,0,0,0,0,0,0,0,0,0.07468298588,-0.4016610927,0,0,0,0,0,0.02745586627,0.01155634253,0,0,0.08344530654,0.6467044725,0,0
1,2,2,4,2,1500,500,v1,0,0,0.1970741429,0,0,0.102676024,0,0,0,0.07869669428,0.05496684407,0,0,0,0,0,0,0.02710177275,0,0,0,0,0.01450873201,0,0,0,0,0,0,0.3468140516,0,0,0,0,0.1384916306,0,0,0,0,0,0,0.01803808326,0,0,0.009397877588,0,0.007203063289,0.00503108371,0,0,0,0,0,0,0,0,0,0,0,0,-0.5096968974,0,0,0.2616694832,0,-0.1576402469,0,0,0,0,0,0,0,0,0,-0.1720392779,0,0,0,0,-0.04152419131,0,0,0,0,0.2059251587,0,0,0,0.08223112897,0.285619942,0,0,0,0,-0.4777241338,0,0,0,0,0.2086473828,0,0,0,0.111697821,-0.4152190887,0,0,0,0,0.02395045877,-0.01439903103,0,0,0,0,0,0,0,0,0,0,0,0,0,0,0,0,0.08223112897,0.111697821,0,0,0.2059251587,0.2086473828,0
1,2,2,4,2,1500,500,v1,0.004360604167,0,0,0.2490880668,0,0,0,0,0,0,0,0,0,0,0,0,0,0,0,0,0,0,0,0,0,0,0,0,0,0,0,0,0,0,0,0,0,0,0,0,0.00278623295,0,0,0.1591562436,0,0,0,0,0,0,0,0,0.01005824094,0,0,0.5745506115,0,0,0,0,-0.7462056871,-0.252922938,0,0,0,0,0,0,0,0,0,0,0,0,0,0,0,0,0,0,0,0,0,0.02578512868,0,0,0,1.472907809,0,0,0,0,0,0,0,0,0,0,1.472907809,0,0,0,0.02578512868,0,0,-0.8375220689,0,0,0,-0.1616065563,0,0,0,0,0,0,0,0,0,0,-0.4145294943,0,0,0,-0.5845991309,0,0,0,0,0,0,0,0,0,0
1,2,2,4,4,1500,500,v1,0.005801693951,0.1342363202,0.02303001281,0.004931147076,0,0,0.03225226075,0,0,0.01599814019,0,0,0.00906925515,0.001490784238,0.0005333516635,0.002834749921,0,0,0.01071699612,0,0,0.003090665389,0,0,0.004942559985,0.001559591417,0.000557968521,0.001886207136,0.1064082322,0.01825573695,0.01121163931,0.02556615114,0,0.003233315116,0.0126816186,0,0.0006420473966,0.001232488299,7.248111048e-05,0.0002450216861,0.0005974136558,0.002371452935,0.0003852351765,0.0005077714589,0,0.000420013426,0.001647364976,0,0.0160876522,0.03088221087,0.005076349982,0.006139459001,0.01496927355,0.3463506029,0.009652760166,0.0127231271,0,0.03649302272,0.0832158535,0,-0.3608652391,-0.01071036371,0.1579753062,-0.03902731547,0,0,0,0.03210431765,0.06102086213,0.01203986309,0.001743802331,0.01225182584,0.01907310813,0.0865525155,0.0101049868,-0.09946257851,-0.01187988769,-0.01206444912,-0.003616509998,0,0,0,0.01225182584,0.03167280762,0.1689007284,0.0654209908,0.03210431765,0.02692029251,0.04058089737,0.04544570145,-0.3877664743,-0.006814466475,-0.01274423981,-0.003791209808,0.1252259687,-0.0308733311,0,0.01907310813,0.02692029251,0,0,0.06102086213,0.03167280762,0,0,-0.1957539822,-0.0008766372853,-0.001614367801,-0.0004914729459,-0.001092188306,-0.004010481601,0,0.0865525155,0.04058089737,0,0,0.01203986309,0.1689007284,0,0,0.2254046747,-0.02187965857,-0.03990172468,-0.04091956346,-0.02725951473,-0.422855692,0,0.0101049868,0.04544570145,0,0,0.001743802331,0.0654209908,0,0
1,2,2,4,2,1500,500,v1,0,0,0,0,0.004345391103,0,0,0.04787577197,0,0,0,0,0.3249755978,0.01611428431,0,0.02744532181,0.01322055272,0,0.07012125732,0.1456587341,0,0,0,0,0,0.004937135183,0,0,0,0,0.02148392817,0,0,0,0,0,0,0.04221714481,0,0,0,0,0.003565385011,0,0,0,0,0,0,0.1512144698,0.007498141322,0,0,0,0.01277058898,0,0.006151658411,0.0326281383,0,0.0677764989,-0.2326514484,0,0,0,-0.05211283973,0,0,0,0.7770008412,0.006094704589,0,0,0.06562043012,0.02652108779,0,-0.2720756293,-0.3524150425,-0.08488835341,0,-0.1588766388,0,0,0,0,0,0,0,0,0,0,-0.04681390297,0,0.02507004139,0,0,0,0,0.06562043012,0,0.03554341225,0,0.7770008412,0,0.39160302,0,-0.516059952,0,-0.04568756226,0,0,0,0,0.02652108779,0,0.39160302,0,0.006094704589,0,0.03554341225,0,-0.6689103953,0,-0.1636449095,0.03807445044,0,0,-0.0737748096,0,0,0,0,0,0,0,0
1,2,2,4,0,1500,500,v1,0.00406317875,0.01061268109,0.02679331344,0.0002747378924,0.002515858883,0.04836566378,0.02470327322,0.0004085094485,0,0.05736758918,0.2781841812,0,0,0,0,0,0.0002616941578,0.005030890937,0,4.249226251e-05,0,0,0.02893611225,0,0.01050698839,0,0,0.05546728314,0.004808502693,0.01213979001,0,0.01119281309,0,0,0.02599269729,0,0.01496245522,0,0,0.07898807053,0.00262165349,0.017287643,0,0.0001772670115,0.03120660424,0,0.03701484714,0.1794906339,0.003768565833,0,0,0.01989457876,0.000660311,0.001724676785,0,4.464791328e-05,0.0004088545931,0,0.004014552164,6.638725467e-05,0.1143198037,-0.004270105069,-0.03476423987,-0.08284530259,-0.00287865484,-0.3214483016,0,0.04381222228,0,0,0,0.2312883819,0,0,0,-0.1248778918,0,0,0,-0.0003006114694,0.03223012505,0,0.2312883819,0.01090255901,0.02545012092,0.08343443072,0.04381222228,0.0007371927117,0.0592405712,0.1786427585,-0.2950885216,-0.06583751499,0,0,-0.0159688976,-0.03768405619,0,0,0.0007371927117,0.004714714669,0.01983835333,0,0.01090255901,0.0007655466625,0.1141039526,-0.5041658837,-0.09394882809,0,0,-0.002793060711,-0.0541887674,0.1999233059,0,0.0592405712,0.0007655466625,0,0,0.02545012092,0.004714714669,0,-0.2207619126,-0.02361405969,0,0,-0.0006966687034,-0.005727323948,-0.0004742412443,0,0.1786427585,0.1141039526,0,0,0.08343443072,0.01983835333,0
1,2,2,4,2,1500,500,v1,0,0,0,0,0,0,0,0,0,0,0,0,0,0,0.3533063862,0,0,0,0,0,0,0.2190197344,0,0,0,0,0.1245133302,0,0,0,0,0,0,0.07718761273,0,0,0,0,0.1394968335,0,0,0,0,0,0,0.08647610296,0,0,0,0,0,0,0,0,0,0,0,0,0,0,0,0,0,0,0,0,0,0,0,0,0.1459151652,0,0,0,0.09045491949,0.4058050829,0,0,-0.5633851393,0,0,0,0,0,0,0,0,0,0,0,-0.3489671675,0,0,0.1913871111,0,0,0,0,0,0,0,0,0,0,0,-0.3719980282,0,0,0.2144179718,0,0,0,0,0,0,0,0,0,0,0,0,0,0,0,0,0,0,0.09045491949,0,0,0,0.1459151652,0,0,0
1,2,2,4,0,1500,500,v1,0,0,0,0,0,0,0,0,0.1799688453,0,0,0.01269913378,0,0,0,0,0,0,0,0,0.7320881886,0,0,0.05165830694,0,0,0,0,0,0,0,0,0.02203095605,0,0,0.001554569392,0,0,0,0,0,0,0,0,0,0,0,0,0,0,0,0,0,0,0,0,0,0,0,0,-0.7491231777,0,0,0,0,0,0.1828160413,0,0,0,0,0,0,0,0,0.2051955379,0,0,0,0,0,-0.7715026744,0,0,0,0,0,0,0,0,-0.5886866331,0,0,0,0,0,0.02237949666,0,0,0,0,0,0,0,0,0,0,0,0,0,0,0,0,0,0,0.7934710421,0,0,0,0.05598966256,0,0,0,0,0,0,0,0,0,0,0.05598966256,0,0,0,0.7934710421
1,2,2,4,0,1500,500,v1,0.001002430219,0.07120984358,0.001722664274,0.002002719224,0.02012979315,0.007974883283,0.03650521415,0.004053915853,0,0.002067026866,0.0009848849044,0,0,0.01821706959,0.001577104609,0,0.01755203889,0.006953646293,0.0106173552,0.003534784892,0,0.01134298969,0.000858763824,0,4.752373685e-05,0.01807399106,0.001564717885,3.943986649e-05,0.0616032802,0.001490268264,0.01053396552,0.03158047852,0,0.01125390081,0.001788174623,0,0.0001023179742,0,0.003368816822,8.491350867e-05,0.001867064436,0.003208527776,0,0.00373014078,0.01485352365,0.02422949895,0.003849916211,0.00183438562,0.0001917257698,0,0.07291619048,0.0001591128826,0.003498548218,0.2485270961,0,0.006989623457,0.07025431858,0.04249734516,0.1274056283,0.01414843629,-0.4377227371,-0.002957981701,0.1022071261,-0.003730265672,-0.01813064253,-0.008819271636,0,0.0005118802094,0,0.1636961392,0.009756099235,0.0004248084881,0,0.095406127,0.07016866894,-0.2711086186,0,-0.02877461301,-0.01289329426,-0.009223355436,-0.007774690101,0,0.0004248084881,0.009484796974,0.2304752192,0.009561802892,0.0005118802094,0.0189493345,0.1181514635,0.01147321892,-0.4655019816,-8.678321311e-05,-0.02854861456,-0.01279202913,0.03709470771,-0.00324891756,0,0,0.0189493345,0.08803296095,0.04439081306,0,0.009484796974,0.01772885659,0.005482192141,-0.06312078862,-0.000186843111,0,-0.0275978554,-0.005531383403,-0.007044164644,-0.0166547084,0.095406127,0.1181514635,0.01772885659,0,0.1636961392,0.2304752192,0.08803296095,0,0.0458616169,-0.0003508328076,0,-0.1154116166,-0.01046672254,-0.3717196223,-0.0431538804,0.07016866894,0.01147321892,0.005482192141,0,0.009756099235,0.009561802892,0.04439081306,0
1,2,2,4,2,1500,500,v1,0,0,0,0,0,0,0,0,0,0,0,0,0,0,0.210411776,0,0,0,0,0,0,0.3054473879,0,0,0,0,0.1005205992,0,0,0,0,0,0,0.1459222248,0,0,0,0,0.09695371214,0,0,0,0,0,0,0.1407443,0,0,0,0,0,0,0,0,0,0,0,0,0,0,0,0,0,0,0,0,0,0,0,0,0.02962211794,0,0,0,0.04300138861,0.4593846369,0,0,-0.5078003079,0,0,0,0,0,0,0,0,0,0,0,-0.2822568151,0,0,0.2338411441,0,0,0,0,0,0,0,0,0,0,0,-0.2739591638,0,0,0.2255434928,0,0,0,0,0,0,0,0,0,0,0,0,0,0,0,0,0,0,0.04300138861,0,0,0,0.02962211794,0,0,0
1,2,2,4,1,1500,500,v1,0.139403007,0,0.04486059451,0.08163508946,0.000497154166,0.2123707588,0,0.0004009800532,0,0.07896639576,0.0570763807,0,0.001516629116,0,0.05067600938,0.03980273698,0.0002699226084,0.1153036082,0,0.0002177062756,0,0.04239430656,0.03098878901,0,0,0,0.01373149678,0,0,0.006599768095,0,0,0,0.01148743343,0.01161732039,0,0,0.0001218264904,0.00407065927,0,0.006079707212,0.001956480608,0.003197240316,0.003560306572,0.009262009917,0.003405413707,0.003443918291,0.00248924102,0,0.0002117920823,0,0,0.01056940774,0,0.005558316438,0.006189497375,3.769377146e-05,0,0,3.040193871e-05,0.06893751875,-0.2210344211,0,-0.1238249313,-0.0008963287891,-0.2465627375,0,0,0.002736972294,0,0.0780802589,0,0.07182967422,0,0.06531996579,-0.2596281755,-0.04067306286,0,-0.09161544817,-0.000479982458,0.1184765303,0,0,0.2340229027,0,0.08009752334,0,0.1370449677,0,0.1409926194,-0.2217100159,0,0,-0.003104261974,0,-0.01817930044,0,0.07182967422,0.1370449677,0.001198888981,0.1503418782,0.002736972294,0.2340229027,0.0009669648279,0.04040560493,-0.648999761,0,-0.003280048729,-0.0008804396474,-0.009620017322,-0.00538919675,0.0009212185437,0,0,0.0009669648279,0,0,0,0.001198888981,0,-0.2759838613,0,-0.005757986087,0,-0.0167241418,0,-6.759129218e-05,0.06531996579,0.1409926194,0.04040560493,0,0.0780802589,0.08009752334,0.1503418782,0
1,2,2,4,4,1500,500,v1,0.003178548191,0,0,0.006503664183,0.0001975282479,0.002439740593,0,0.0002294781874,0,0,0.0002799817348,0,0.00139323334,0,0,0.02700323012,0.0008452068468,0.01043944588,0,0.0009819179645,0,0,0.001198018419,0,0.09691703001,0,0,0.03992223,0,0,0,0,0,0,0,0,0.004713491648,0.0001568927327,0,0.001941589602,0.001531586621,0,0.003040847821,0.003133797084,0.001175591442,0,0,0.0001349094786,0.2537436866,0.00844608273,0,0.1045225366,0.08245064693,0,0.1636994386,0.1687032214,0.005123827248,0,0,0.005952599699,-0.2775102443,-0.009661815624,0,0,-0.0004261206878,-0.002714080757,0,0.2300189073,0.01478911349,0,0,0.09474978459,0.2866384002,0,0,-0.1879660639,-0.02833698447,0,0,-0.001823423019,-0.01163727079,0,0.09474978459,0.1287707147,0,0,0.2300189073,0.2634795778,0,0,-0.3463545422,0.1298420809,0,0,0,0,0,0.2866384002,0.2634795778,0.009126591974,0.02107065747,0.01478911349,0.1287707147,0.01060280646,0.002418043642,-0.6918598002,0.006314778485,-0.00316013561,0,-0.00461052633,0,-0.001307782524,0,0,0.01060280646,0,0,0,0.009126591974,0,0.08813785364,-0.3526693207,-0.1694545557,0,-0.2472278531,0,-0.01090338858,0,0,0.002418043642,0,0,0,0.02107065747,0
1,2,2,4,0,1500,500,v1,0,0,0,0,0,4.193894952e-05,0,0,0.0008819842772,0,4.291338968e-05,0.001878767956,0,0,0,0,0,0.01466632978,0,0,0.308435772,0,0.01500709799,0.6570176587,0,0,0,0,0,0,0,0,0.0002860523415,0,0,0.000609337362,0,0,0,0,0,0,0,0,0.0005595728357,0,0,0.0005725743594,0,0,0,0,0,0,0,0,0,0,0,0,-0.9802989459,0,0,0,0,4.362201984e-05,0.002619583164,0,0,0,0,0,0,0,0,0.00239483548,0,0,0,0,-0.02963162693,-0.9503989493,0,0,0,0,0,0,0,0,-0.9477793661,0,0,0,0,0,0.0008463655159,0,0,0,0.02276261351,0,0,0,0.02329149668,-0.02958800491,0,0,0,0,0,-0.001114735219,0,0,0,0.4537785073,0,0,0,0.9666209937,0,0,0,0,0,0,0,0,0,0.02329149668,0.9666209937,0,0,0.02276261351,0.4537785073
1,2,2,4,0,1500,500,v1,0,0,0,0,0.1805520178,0,0,0.1035416457,0,0,0,0,0,0,0,0,0.07778005038,0,0,0.04460473232,0,0,0,0,0,0,0,0,0,0,0,0,0,0,0,0,0,0,0,0,0,0,0,0,0,0,0,0,0,0,0,0,0,0,0,0,0.3772048725,0,0,0.2163166813,-0.4681227177,0,0,0,0.2695667318,0,0,0,0,0,0,0,0,0,0,-0.3146827112,0,0,0,0.1161267253,0,0,0,0,0,0,0,0,0,0,0,0,0,0,0,0,0,0,0,0.1892844957,0,0,0,0.1085494831,0,0,0,0,0,0,0,0,0,0,0.1085494831,0,0,0,0.1892844957,0,0.3856934572,0,0,0,0,0,-0.584249443,0,0,0,0,0,0,0,0
1,2,2,4,4,1500,500,v1,0.02682177554,0,0.142564997,0.0006065549106,0,0.03322295303,0,0,0.08677304534,0.08318812721,0.01367832846,0.1998998517,1.188879148e-05,0,0.003708987532,6.087566313e-05,0,0.0008994524168,0,0,0.002349226008,0.001665608156,0.0003703164368,0.005411933267,0,0,0.06331542006,0,0,0.06588810076,0,0,0.04010318995,0.02843327974,0.03844637761,0.0923860825,0,4.362216677e-05,0.01360895874,0,0.002664385174,0.01416192838,0.000223364026,6.025312935e-05,0.003300256665,0.006111423258,0.008263629396,0.001358759248,0,0.0002974181478,0,0,0.01816591339,0,0.001522907269,0.000410808895,0,0,0,0,-0.2521609683,-0.02699983516,0,-0.2257493627,0,-0.04690050163,-0.2866681251,0,0.0005220730785,0,0.1208945859,0,0.002673232888,0,0.0542905595,-0.5839173733,-7.190875599e-05,0,-0.005363447064,0,-0.001267134948,-0.007745060157,0,0.009956404845,0,0.3336699033,0,0.0002251568467,0,0.1946997892,-0.5675845106,0,0,-0.09174717422,0,-0.104118059,-0.1322144499,0.002673232888,0.0002251568467,0,0.05612009723,0.0005220730785,0.009956404845,0,0.02310538507,-0.4863824822,0,-0.0002664249776,-0.01967947564,0.002585315894,-0.02237904002,-0.004649351629,0,0,0,0.193703934,0,0,0,0.4462375187,-0.024752853,0,-0.001791870244,0,0.01762681147,0,0,0.0542905595,0.1946997892,0.02310538507,0.4462375187,0.1208945859,0.3336699033,0.05612009723,0.193703934
1,2,2,4,2,1500,500,v1,8.740926498e-06,0.001858451285,0,1.951892358e-05,0,0,0.0001995888665,0,0,0,0,0,9.063201468e-05,0.001755312342,0.004856428983,0.0007186975611,0,0,0.008506248833,0,0,0.003723511872,0,0,0.2468330113,0.01707963881,0.04725429825,0.1482017487,0.3234004029,0,0.08276798049,0.03473167167,0,0.03623072449,0,0,0.003654624304,1.30570602e-05,0.0006996499614,0.00219428394,2.252093099e-05,0,0.000103540425,5.029035894e-05,0,0.0005364342702,0,0,0.009832468843,3.512895632e-05,0.0006803588204,0.005903542109,6.05907294e-05,0.01288249237,0.000278567075,0.0001353021121,0,0.003297020868,0.00138351867,0,-0.36703802,-2.820123014e-05,-0.002033837936,0,0,0,0,0.3452692554,0.000208074854,0.02885491195,0.07807980006,0.2073041492,0.001650000747,0.1398312593,0.05986531174,-0.1860483582,-0.0008093161152,-0.01024003061,-0.008561867519,0,0,0,0.2073041492,0.000137680097,0.499555045,0,0.3452692554,0.0003074465072,0.05364991714,0,-0.01974237897,-0.3888634597,-0.09828680931,-0.08217999228,-0.352533793,0,0,0.001650000747,0.0003074465072,0,0,0.000208074854,0.000137680097,0,0,-0.4660204104,0.005549828551,-0.0001163556248,-0.001221548069,-7.266025671e-05,0,0,0.1398312593,0.05364991714,0,0,0.02885491195,0.499555045,0,0,-0.8474346352,0.01493136141,-0.000313045327,-0.003930607594,-0.0001958895826,-0.01423567721,0,0.05986531174,0,0,0,0.07807980006,0,0,0
1,2,2,4,2,1500,500,v1,0.007850953396,0,0.001678563959,0.01681628411,0,0,0,0,0,0.000430547864,0,0,0.0002274302917,0.0035895211,0.003157114028,6.678278686e-05,0,0,0.01212906795,0,0,0.003154659028,0,0,0.01490419823,0.0323136417,0.02842102015,0.1640845767,0,0.00698605249,0.1091884808,0,0,0.02839891971,0.001791906684,0,0.0009202967226,0.0001264203418,0.00175492645,0.01013180956,0.002017602499,0.0004313711554,3.712215588e-05,0.004321586836,0,0.001753561804,0.000110645727,0,0.01901358577,0.002611879357,0.04122316333,0.2093259983,0.04168422773,0,0.000766954046,0.08928518374,0,0.1392939435,0,0,-0.1464708083,-0.02461606979,0,-0.002104726106,0,0,0,0.006348888471,0.004447428842,0.08609616771,0.04929180665,0.06989656364,0.001305946056,0.2909207032,0.04925360365,-0.3054185437,-0.0002936027868,-0.008866440309,-0.006298517309,0,0,0,0.06989656364,0.07729742996,0,0.01346869868,0.006348888471,0.1655665851,0,0.003454692617,-0.06372965749,-0.1115711859,-0.139281315,-0.05593118237,0,-0.008640742387,0,0.001305946056,0.1655665851,0,0,0.004447428842,0.07729742996,0,0,-0.2888634505,0.00580229738,-0.0001632032584,-0.003467240514,-0.006326039835,-0.0005367923745,0,0.2909207032,0,0,0,0.08609616771,0,0,0,-0.2853155594,0.05493858707,-0.00337877722,-0.1031968253,-0.1309672337,0,0,0.04925360365,0.003454692617,0,0,0.04929180665,0.01346869868,0,0
1,2,2,4,3,1500,500,v1,0,0.02774684834,0,0,0.0156274613,0,0.03380319822,5.975641986e-06,0,0,0,0,0.0911479973,0,0,0.01815099093,0.01079122802,0,0,4.126358976e-06,0,0,0,0,0.01923257739,0,0,0.03571832319,0.03963012663,0,0,0.04828025905,0,0,0,0,0.009300878837,0.09117231694,0,0.01727338929,0,0,0.01815583388,0,0,0,0,0,0.02575533904,0.2524679629,0,0.04783225384,0,0.05307075214,0.05027585729,0,0.02989028213,0,0.06465459183,1.142947159e-05,-0.2461255582,0,-0.06142237278,0,-0.0156010091,0,0,0.03376032017,0.2103533819,0,0,0.06269892717,0.04188926196,0,0,-0.2414642422,0.02780025782,0,0,-0.01077296137,0,0,0.06269892717,0,0.1804605778,0,0.03376032017,0,0.2198500575,0,-0.2273116639,-0.01614012999,0,0,-0.08772812791,0,0,0.04188926196,0,0.08438050927,0,0.2103533819,0,3.226549158e-05,0,-0.3223705096,-0.01383515257,0.1037377347,0,0,0,0,0,0.2198500575,3.226549158e-05,0,0,0.1804605778,0.08438050927,0,-0.07396176121,-0.03433088233,-0.2996997551,0,0,-0.1177232562,-0.02990121271,0,0,0,0,0,0,0,0
1,2,2,4,4,1500,500,v1,8.553842623e-06,0,0,4.91829487e-05,4.476963407e-05,0.000492685816,0,6.37870859e-05,0,0,0.000104092159,0,0.03737224611,0,0.07481696251,0.01283711241,0.0001289167768,0.00141871759,0,0.0001836786403,0,0.0983083361,0.000299739453,0,0,0,0.1126743381,0,0,0,0,0,0,0.1480523445,0,0,0,0.01889413131,0.03782490113,0,1.24527388e-05,0,0.006490005629,7.160085128e-05,0.0007172551621,0.04970133735,0,0.0001515380309,0,0.2943887626,0,0,0.0001940256636,0,0.1011205382,0.001115610221,0.001015503598,0,0,0.001446873904,-0.006694283029,-5.705825331e-05,0,0,-0.0001072801246,-0.0005955400672,0,0,0.3546008015,0,0.3376209792,0,0.1218029641,0,0.4436288018,-0.7173051077,0.04764193928,0,-0.1727662264,-0.0003119387896,-0.001718428394,0,0,0.0003178088662,0,0,0,0.001827336935,0,0,-0.2601109075,0,0,-0.2607222798,0,0,0,0.1218029641,0.001827336935,0.001758776012,0.003939187707,0.3546008015,0.0003178088662,0.00250588109,0.0008322516003,-0.7788373445,0,0.02408613745,-0.08734468116,-8.387516292e-05,0,-0.0008669910769,0,0,0.00250588109,0,0,0,0.001758776012,0,0.0711679244,0,-0.3893305872,0,-0.001289163784,0,-0.002423885821,0.4436288018,0,0.0008322516003,0,0.3376209792,0,0.003939187707,0
1,2,2,4,0,1500,500,v1,0,0,0,0,0,0.2488101543,0,0,0,0,0.2560962015,0,0,0,0,0,0,0.06683115305,0,0,0,0,0.06878820716,0,0,0,0,0,0,0,0,0,0,0,0,0,0,0,0,0,0,0,0,0,0.1771434466,0,0,0.1823308374,0,0,0,0,0,0,0,0,0,0,0,0,0.4697772737,0,0,0,0,-0.4970184612,0,0,0,0,0,0,0,0,0,-0.1559257498,0,0,0,0,0.1286845623,0,0,0,0,0,0,0,0,0,0,0,0,0,0,0,0,0,0,0,0.02013606285,0,0,0,0.02072571846,-0.3683338989,0,0,0,0,0,0.3410927114,0,0,0,0,0,0,0,0,0,0,0,0,0,0,0,0,0,0.02072571846,0,0,0,0.02013606285,0
1,2,2,4,0,1500,500,v1,0.09161725953,0.03070840543,0.111292405,0.004218580012,0.1169181043,0,0.01490611167,0.04892835973,0.02660531283,0.01924183201,0,0.06682303467,0,0.001392825843,0,0,0.05281718601,0,0.0008611162477,0.02210314897,0.01201882091,0,0,0.0301869815,0.02615475691,0.0004529848012,0,0.001948439947,0.004511672573,0.01635105712,0.0002800583964,0.002190002843,0.003908847056,0,0.002827005979,0.00981762643,0.03589967161,0,0,0.002674402766,0.01847555073,0.02244324362,0,0.0008507194978,0,0,0.003880310821,0,0.06953493159,0,0.001204303572,0.00518011461,0.0357857356,0.01199471457,0,0.001647778919,0.04566825497,0.000744562127,0.005822332755,0.01911143548,-0.04939114001,-0.09433773968,-0.04490147381,-0.1284950026,-0.1632555789,0,-0.0919678806,0.1971892248,0,0.00456997991,0,0.01468992271,0,0.002825393415,0,-0.2099976394,0,-0.002253893587,0,0.07108933664,0,-0.04211742029,0.01468992271,0.2162312823,0.06998488201,0.2224030258,0.1971892248,0.009956517256,0.03397122997,0.03845223454,-0.4689383244,-0.02804490187,-0.0007315226323,0,-0.006622864737,-0.01913828269,-0.01356505225,0,0.009956517256,0.03246319368,0,0,0.2162312823,0.01358532821,0,-0.3820848607,-0.03849405964,0,0,-0.01909899632,-0.02627022158,0,0.002825393415,0.03397122997,0.01358532821,0.06306892082,0.00456997991,0.06998488201,0.03246319368,0.1584066089,-0.3266516945,-0.07471380347,0,-0.001944832663,-0.03735513034,-0.01777973611,0.06146722767,0,0.03845223454,0,0.1584066089,0,0.2224030258,0,0.06306892082
1,2,2,4,4,1500,500,v1,0.01232742902,0,0.2363473143,0.0063055112,0.001525397713,0.004416704487,0,0.0002624411917,0.00273263209,0.03394117957,0.002069351321,0.007446188494,0.001643650618,0,0.001561816452,0.000748450214,0.0005108802421,0.00147922541,0,8.78957785e-05,0.0009152024627,0.0005499509743,0.0006930590591,0.002493848357,0,0,0.01104599659,0,0,0.5598370014,0,0,0.006472798559,0.003889545777,0.0803966326,0.01763782191,0,3.330823841e-05,3.164988603e-05,0,8.366632318e-05,0.001604090418,1.516718814e-05,4.279553643e-05,2.99761957e-05,1.114464227e-05,0.0002303589575,1.404469789e-05,0,0.0001007540785,0,0,0.0002530822312,0,4.587922201e-05,0.0001294522029,3.131642908e-05,0,0,5.387920078e-06,-0.671056436,-0.01860113815,0,-0.2697278407,-0.001762709254,-0.006485947853,-0.01015770658,0,0.002359157976,0,0.01895396085,0,0.001074262542,0,0.006674119242,-0.05746554654,-0.002327085315,0,-0.002107386948,0.0004511596943,-0.002167778494,-0.003401979361,0,0.01822628328,0,1.195928242,0,0.009322790108,0,0.1717439274,-0.2872682635,0,0,-0.01493529402,0,-0.6402229615,-0.02411021929,0.001074262542,0.009322790108,0.001633963419,0.008884053025,0.002359157976,0.01822628328,0.0002811196728,0.004162430865,-0.9561446932,0,-4.207004813e-05,-4.270575881e-05,-0.0001154422469,-0.001830644143,-4.392958023e-05,0,0,0.0002811196728,0.01516943784,0,0,0.001633963419,0.04133542,-0.02239728532,0,8.020835088e-05,0,0.0003505314673,0,3.482749881e-05,0.006674119242,0.1717439274,0.004162430865,0.04133542,0.01895396085,1.195928242,0.008884053025,0.01516943784
1,2,2,4,1,1500,500,v1,0,0,0.01036743989,0,0.0004599742905,0.001109072644,0,0.001546337731,0.03727387296,0.0009381350467,0.006142999212,0.2505848222,0.001432067569,0.15921252,0.006125535913,9.156054319e-05,4.662155157e-05,0.000112412125,0.1152601886,0.000156731943,0.003777962869,0.05856092777,0.0006226351352,0.02539849173,0.0006032041433,0.02073100919,0.0007976039907,0.001572127306,0,0.0001368257756,0.01500799077,0,0.0004919272866,0.007625198897,1.238117189e-05,0.003307129147,0.00463089977,0.001431554224,0.006123340131,0.01206948603,0,0.001050434517,9.152772204e-05,0,0.0001123718293,0.05853993579,9.505234123e-05,0.000622411943,0.002937436038,0.0009080522526,0.1009542361,0.00765582176,0,0,5.80571471e-05,0,2.956201639e-05,0.07308473164,0,9.938133994e-05,-0.0174487604,0,0,-0.01130538695,-0.002002209287,-0.007237748077,-0.2476402143,0.01224617655,0.005604768832,0.09781281064,0.01939278375,0.03191713875,0.0003583460368,0.07081031012,0.1853975605,-0.1783090687,-0.00149978733,-0.270182156,-0.06367382843,-0.0002001454754,-0.0007234517145,-0.01136620613,0.03191713875,0,0,0.01732809756,0.01224617655,0,0,0.001567995164,-0.5662521616,-0.002170819119,0.02690729435,-0.008323752004,0,-0.0001488974447,-0.003006982305,0.0003583460368,0,0.0008012011863,0.001994324248,0.005604768832,0,0.002693471461,0.0110462848,-0.1066106517,-0.0167001053,-0.001519927706,-0.06452931573,0,-0.001143110753,-0.0007325395729,0.07081031012,0,0.002693471461,0.05089087692,0.09781281064,0,0.0008012011863,0.3421292272,-0.2673678558,-0.01057128579,-0.0009556948764,0.1308594478,0,0,-0.000127427002,0.1853975605,0.001567995164,0.0110462848,0.3421292272,0.01939278375,0.01732809756,0.001994324248,0.05089087692
1,2,2,4,1,1500,500,v1,1.922040726e-05,0,0,0.0003675174017,0.0004785512963,0.001466312979,0,0.003057816747,0,0,0.002268976766,0,0.0002936176814,0,0,0.0009597887848,0.0002691256809,0.0008246189738,0,0.001719642221,0,0,0.001276017685,0,0.0003581999122,0,0,0.007987439187,0,0,0,0,0,0,0,0,0.001435065409,0.07321761825,0,0.03200028055,0.002695396268,0,0.2393365703,0.05153923221,0.2056301137,0,0,0.3181926077,8.744461654e-05,0.004461459743,0,0.001949912697,0.0001642419165,0,0.01458379143,0.003140503819,0.004089308878,0,0,0.02612960673,-0.6075216562,-0.0003859355914,0,0,-0.003059506626,-0.003639659418,0,0.002819642501,0.1023763216,0,0,0.06287473066,0.3346516629,0,0,-0.8508485249,0.001189314433,0,0,-0.0003018750712,0.001919890932,0,0.06287473066,0.004317649821,0,0,0.002819642501,0.08255867954,0,0,-0.03546792119,-0.008328327584,0,0,0,0,0,0.3346516629,0.08255867954,0.006371514798,0.3093150663,0.1023763216,0.004317649821,0.04071223557,0.4786349907,0.0008963180288,-0.03343479001,-0.3080133612,0,-0.05423372668,0,-0.5235802695,0,0,0.04071223557,0,0,0,0.006371514798,0,-0.4065682083,-0.002033131185,0.01547205708,0,-0.003297890639,0,-0.02802778521,0,0,0.4786349907,0,0,0,0.3093150663,0
1,2,2,4,0,1500,500,v1,0.002874232393,0,0,0.008091552373,0.0008289808713,0,0,0.001904646878,0,0,0,0,0,0,0,0,0.006778458974,0,0,0.0155740273,0,0,0,0,0,0,0,0,0,0,0,0,0,0,0,0,0,0,0,0,0.1262233594,0,0,0.3553445873,0,0,0,0,0,0,0,0,0.1012067243,0,0,0.28491764,0.02918985907,0,0,0.06706593104,-0.2258126011,0.01040505729,0,0,-0.002690417629,0,0,0,0,0,0,0,0,0,0,-0.09874937604,0,0,0,-0.02208962443,0,0,0,0.03823868329,0,0,0,0.1076497582,0,0,0,0,0,0,0,0,0,0,0.1076497582,0.0549671878,0,0,0.03823868329,0.1262913129,0,0.3767827317,0,0,0,-0.4740416927,0,0,0,0,0.1262913129,0,0,0,0.0549671878,0,-0.4884166775,0,0,0,0.3663776744,0,-0.09605895841,0,0,0,0,0,0,0,0
1,2,2,4,2,1500,500,v1,0,0,0,0,0,0,0,0,0,0,0,0,0,0.02362737341,0,0,0,0,0.2413597314,0,0,0,0,0,0,0.03986612389,0,0,0,0,0.4072427682,0,0,0,0,0,0,0,0,0,0,0,0,0,0,0,0,0,0,0,0.02567074119,0,0,0,0,0,0,0.2622332619,0,0,0,0,0,0,0,0,0,0,0,-0.01130094533,0,0,0,-0.1154420799,0,-0.166941824,0,0.2514371742,0,0,0,0,0,0,0,0,0,0,0,0,0.5246194041,0,-0.4401240539,0,0,0,0,0,0,0,0,0,0,0,0,0,0,0,0,0,0,0,-0.1154420799,0,0,0,-0.01130094533,0,0,0,-0.1886868797,0,0,0.2731822299,0,0,0,0,0,0,0,0,0,0,0
1,2,2,4,3,1500,500,v1,0.001164376309,0.0378918556,0.01132216932,0.001522712722,0.04844163694,0.2170988307,0.05663686326,0.05675388224,0,0.002370623873,0.4921272581,0,0.0003793058872,0,0,0.001709635668,0.0009179399006,0.004113892338,0,0.001075451952,0,0,0.009325515713,0,0.0001786301763,0,0,0.0009650392052,0.003478566593,0.001039403305,0,0.005199404919,0,0,0.000217629168,0,4.74300156e-05,0.0004879182185,0,0.0002562379185,2.838221263e-05,0.000275983129,0.002199181235,3.711682892e-05,0.005291884699,0,5.778505653e-05,0.01199583019,0.0001519722846,0.001563356989,0,0.0008210214859,9.094050766e-05,0.00295944237,0.007046478739,0.0001189274179,0.003783404918,0,0.004423471223,0.004432610679,0.001097509396,-0.002681594261,-0.09452714705,-0.0136647931,-0.10519377,-0.6981464382,0,0.0005649311727,0.003622898797,0,0,0.003052008019,0.01632939855,0,0,-0.8063726167,-0.00206437592,0,0,-0.001989256923,0.01275219364,0,0.003052008019,0.001919699782,0.06647382004,0.01889672522,0.0005649311727,0.002510486737,0.09935825511,0.0039565764,-0.1171579132,-0.001141410191,0,0,-0.008659970633,-0.001242249962,0,0.01632939855,0.002510486737,0.07969863629,0.3071736845,0.003622898797,0.001919699782,0.09337436355,0.6963121021,-0.7159592798,-0.0002988993082,-0.002644926989,0,-6.446350796e-05,-0.000328491359,0.01640372009,0,0.09935825511,0.09337436355,0,0,0.06647382004,0.07969863629,0,-0.2192658148,-0.0009709832955,-0.008592228655,0,-0.0002073999107,-0.007367599077,-0.008198972961,0,0.0039565764,0.6963121021,0,0,0.01889672522,0.3071736845,0
1,2,2,4,1,1500,500,v1,0,0,0.03721416255,0,0,0.01271532747,0,0,0.004879403818,0.05379378552,0.00667250542,0.02362397554,0,0.002849589539,0.001285117057,0,0,0.002065423336,0.0105180157,0,0.0007925894588,0.003123844326,0.001083853203,0.00383737741,0.01918342585,0.03196638203,0.0144163018,0.01157580972,0,0.06781112637,0.1179899433,0,0.008891181375,0.03504294207,0.09802228341,0.04304727774,0.02391569354,0,0.01797259042,0.01443139092,0,0.08453912921,0,0,0.02888531242,0.04368751806,0.1222029322,0.01515787967,0.003907042828,0,0.006510517183,0.0023576177,0,0,0,0,0,0.0240307318,0,0,-0.4607057191,0,0,-0.09081916858,0,-0.01652911813,-0.02330870049,0.07043674087,0,0.05157530848,0.01500010533,0.04250351325,0,0.1903677344,0.03646205326,-0.3374587037,0,0.009626015932,0.004183495343,0,-0.001126461391,0.000856526819,0.04250351325,0,0,0.2840177307,0.07043674087,0,0,0.4105528396,-0.4361795,-0.03069559657,-0.1464783522,0.02244734064,0,-0.1654900828,-0.0483334691,0,0,0,0.05659577939,0,0,0,0.02969924554,-0.2842812571,-0.03834624056,0,-0.06093894171,0,-0.2067377955,-0.0398744371,0.1903677344,0,0,0.01817635799,0.05157530848,0,0,0.08800210616,-0.2058941734,-0.006251665624,0,-0.0244430256,0,0,0,0.03646205326,0.4105528396,0.02969924554,0.08800210616,0.01500010533,0.2840177307,0.05659577939,0.01817635799
1,2,2,4,4,1500,500,v1,0.02217897284,0.1665203387,0.0339471087,0.004807287144,0,0,0.02032563715,0,0,0.003963407853,0,0,0.01345397069,0,0,0.03750949693,0,0,0,0,0,0,0,0,0.01557636801,0,0,0.2214307785,0.2838838567,0.05787302752,0,0.03465114418,0,0,0.006756817312,0,0.001073306003,0.003492794296,0,0.01525792044,0.002605386746,0.003987801767,0.00973786549,0.0005647169642,0,0,0.0004655855961,0,0.000783892133,0.002550972381,0,0.01114366617,0.001902851719,0.01428666309,0.007112078126,0.0004124426623,0,0,0.00174384422,0,-0.3730774165,-0.02693107556,0.1593602485,-0.03783188493,0,0,0,0.02364451928,0.02913320788,0,0,0.3361261308,0.08122300816,0,0,-0.02270779992,-0.05086301078,0,0,0,0,0,0.3361261308,0.03987178455,0.1861298215,0.1435924227,0.02364451928,0.00864219992,0.02271919726,0.01676476679,0.1128278207,-0.2203799079,0,0,-0.3138037266,-0.06462875845,0,0.08122300816,0.00864219992,0,0,0.02913320788,0.03987178455,0,0,-0.4173233315,-0.01456818862,-0.01319686651,0,-0.003132823772,-0.004444149618,0,0,0.02271919726,0,0,0,0.1861298215,0,0,-0.4835153513,-0.004899003527,-0.009510933407,0,-0.00227875698,0.01521079891,0,0,0.01676476679,0,0,0,0.1435924227,0,0
1,2,2,4,4,1500,500,v1,0,0,0,0,0,0,0,0,0,0,0,0,0,0,0,0,0,0,0,0,0,0,0,0,0.01404033668,0,0,0.01432423407,0,0,0,0,0,0,0,0,0.0249069247,0,0,0.02541054588,0,0,0,0,0,0,0,0,0.4560483021,0,0,0.4652696566,0,0,0,0,0,0,0,0,0,0,0,0,0,0,0,0.6179521748,0,0,0,0.6304472463,0,0,0,0,0,0,0,0,0,0,0.6304472463,0,0,0,0.6179521748,0,0,0,-0.8591804497,0.02691416893,0,0,0,0,0,0,0,0,0,0,0,0,0,-0.8800108038,0.04774452311,0,0,0,0,0,0,0,0,0,0,0,0,0,0.07465869205,-0.9069249728,0,0,0,0,0,0,0,0,0,0,0,0,0
1,2,2,4,3,1500,500,v1,0.0005413940988,0.009856841763,0.03764425661,0.006885458448,0,0,0.5663830758,0,0.03967985895,0.1688648308,0,1.216322133e-05,0.0002289636223,0.003986786143,0.001090745197,0.0005679871005,0,0,0.0009645226727,0,0.0007382577219,0.001041517941,0,2.263010078e-07,7.814284689e-05,0.0007929776976,0.000216950843,1.800061482e-05,3.647654502e-05,0.0001393075443,0.0001918449951,0.00209597539,0.0001468405597,0.0002071594685,0.0006249066132,4.501160726e-08,0.00250781965,0.001461542981,0.00696255139,0.0005776894157,6.429785734e-05,0.00447076362,0.003625630797,0.0008177411354,0,0.006648319156,0.02005497811,0,0.002523370038,0.001470605659,0.0256066453,0.0005812715292,6.469655293e-05,0.001177891828,0.003648112463,0.0008228117519,0,0.006195012493,0.06768273374,0,-0.05076085414,-0.006306899889,-0.5762303359,-0.2052397127,0,0,-0.03969136218,0.007595891388,0.0009772755226,0.0455641029,0.01223513442,0.001749753519,0.002424314178,0.01102331771,0.01168295526,-0.08907706247,0.0003699079274,-0.004941038223,-0.002127816956,0,0,-0.0007369521716,0.001749753519,0.0007938567841,0.01660279088,0.05012518487,0.007595891388,0.01009628275,0.9540114359,0.2248518532,-0.9265335586,-9.50128292e-05,-0.0009827798565,-0.0004196027249,-0.00212802855,-0.0005642784698,-0.0001465808838,0.002424314178,0.01009628275,0,0,0.0009772755226,0.0007938567841,0,0,-0.2157872175,-0.003037169048,-0.005007489529,-0.01339797344,-0.000277784225,0.02248596575,0,0.01102331771,0.9540114359,0,0.06084369219,0.0455641029,0.01660279088,0,1.865065336e-05,-0.5986366302,-0.003098248061,0.002369855134,-0.031801129,-0.0006754089082,-0.06871778668,0,0.01168295526,0.2248518532,0,1.865065336e-05,0.01223513442,0.05012518487,0,0.06084369219
1,2,2,4,3,1500,500,v1,0,0,0,0,0,0,0,0,0.013480678,0,0,0.08018970138,0,0,0,0,0,0,0,0,0.1301404008,0,0,0.7741390956,0,0,0,0,0,0,0,0,0.0002950459384,0,0,0.001755078319,0,0,0,0,0,0,0,0,0,0,0,0,0,0,0,0,0,0,0,0,0,0,0,0,-0.9063103318,0,0,0,0,0,-0.09347607716,0,0,0,0,0,0,0,0,-0.09552194881,0,0,0,0,0,-0.9042644602,0,0,0,0,0,0,0,0,-0.9977405373,0,0,0,0,0,-0.002045871647,0,0,0,0,0,0,0,0,0,0,0,0,0,0,0,0,0,0,0.2158280783,0,0,0,1.283851535,0,0,0,0,0,0,0,0,0,0,1.283851535,0,0,0,0.2158280783
1,2,2,4,4,1500,500,v1,0.07469336324,0,0,0.03010716133,0,0,0,0,0,0,0,0,0.0879911673,0,0,0.09119687088,0,0,0,0,0,0,0,0,0,0,0,0,0,0,0,0,0,0,0,0,0,0.007833911516,0,0,0.004983770427,0,0.008119317415,0.002008842202,0,0,0,0,0,0.2366186717,0,0,0.150531843,0,0.2452391884,0.06067589256,0,0,0,0,-0.2148165266,-0.1045810664,0,0,0,0,0,0,0.2129955584,0,0,0,0.220755436,0,0,-0.4591927143,0.1700253848,0,0,0,0,0,0,0.3414612917,0,0,0,0.1376350978,0,0,0,0,0,0,0,0,0,0.220755436,0.1376350978,0,0,0.2129955584,0.3414612917,0,0,-0.6167920142,0,0.01513747214,0,-0.006910380566,0,0,0,0,0,0,0,0,0,0,0.07367140993,0,-0.4743301865,0,-0.207906146,0,0,0,0,0,0,0,0,0,0
1,2,2,4,4,1500,500,v1,0,0,0,0,0,0.004158614698,0,0,0.01929977966,0,0.001472770277,0.005632836998,0,0,0,0,0,0.07760739353,0,0,0.3601693602,0,0.02748460022,0.1051190912,0,0,0,0,0,0,0,0,0.07107675454,0,0,0.02074447376,0,0,0,0,0,0,0,0,0.2268836503,0,0,0.08035067464,0,0,0,0,0,0,0,0,0,0,0,0,-0.9690146884,0,0,0,0,-0.005619703687,-0.02488089846,0,0,0,0,0,0,0,0,-0.4293605745,0,0,0,0,-0.1048740014,-0.4652807146,0,0,0,0,0,0,0,0,-0.4901616131,0,0,0,0,0,-0.0916307618,0,0,0,0.4627144102,0,0,0,0.1638699634,-0.1104937051,0,0,0,0,0,-0.3072292106,0,0,0,0.6755286537,0,0,0,0.1971599086,0,0,0,0,0,0,0,0,0,0.1638699634,0.1971599086,0,0,0.4627144102,0.6755286537
1,2,2,4,4,1500,500,v1,0.003146276192,0,0,0.0007533885391,0.002537593734,0,0,0.0007207143582,0,0,0,0,0,0,0,0,2.138637096e-05,0,0,6.074047401e-06,0,0,0,0,0,0,0,0,0,0,0,0,0,0,0,0,0,0,0,0,0.2496947862,0,0,0.05979042484,0,0,0,0,0,0,0,0,0.3003563909,0,0,0.07192155066,0.2422490744,0,0,0.06880233973,-0.3790177882,0.003700258196,0,0,-0.003251370205,0,0,0,0,0,0,0,0,0,0,-0.3094404634,0,0,0,-2.713748802e-05,0,0,0,0.08362710342,0,0,0,0.02002484546,0,0,0,0,0,0,0,0,0,0,0.02002484546,0.3615233501,0,0,0.08362710342,0.1026780513,0,-0.3627578259,0,0,0,0.2936565267,0,0,0,0,0.1026780513,0,0,0,0.3615233501,0,0.2940782772,0,0,0,-0.3664580841,0,-0.3061890932,0,0,0,0,0,0,0,0
1,2,2,4,2,1500,500,v1,0,0,0,0,0,0,0,0,0.3441924972,0,0,0.009983017269,0,0.03795346904,0.01866730671,0,0,0,0.02581154111,0,0.3020138198,0.01922456941,0,0.008759659794,0,0.02143195391,0.01054124609,0,0,0,0.0145755256,0,0.1705442593,0.0108559269,0,0.004946494477,0,0,0.0001219620616,0,0,0,0,0,0,0.000125602914,0,0,0,0,0.0001494856041,0,0,0,0,0,0,0.0001016627442,0,0,0.4613942016,0,0,0,0,0,-0.348636527,0,0,0.08867919541,0.04368841471,0,0,0.06030928161,0.04499261111,-0.2391167161,0,-0.06363460339,-0.03781438226,0,0,0.294877041,0,0,0,0,0,0,0,0,-0.1557013202,0,-0.03544285308,-0.02106164796,0,0,0.1665171606,0,0,0,0,0,0,0,0,-0.05887603023,0,0,-0.0002446536491,0,0,0,0.06030928161,0,0,-0.1643691219,0.08867919541,0,0,-0.004767389863,-0.09907745647,0,0,-0.0002481948819,0,0,0,0.04499261111,0,0,-0.004767389863,0.04368841471,0,0,-0.1643691219
1,2,2,4,2,1500,500,v1,0,0.187795739,0,0,0,0,0.04693900355,0,0,0,0,0,0,0,0,0,0,0,0,0,0,0,0,0,0,0,0,0,0.01232077801,0,0,0.003079542943,0,0,0,0,0,0,0,0,0,0,0,0,0,0,0,0,0,0,0,0,0,0.5999173295,0,0,0,0,0.149947607,0,-0.7235375761,0,0.2227317493,0,0,0,0,0,0,0,0,0,0,0,0,0,0,0,0,0,0,0,0,0,0.6009924179,0,0,0,0.1502163222,0,-0.5154186634,0,0,0,0.01461283668,0,0,0,0,0,0,0,0,0,0,0,0,0,0,0,0,0,0,0.1502163222,0,0,0,0.6009924179,0,0,0.237344586,0,0,0,0,-0.7381504128,0,0,0,0,0,0,0,0,0
1,2,2,4,0,1500,500,v1,0,0,0.001495175369,0,0,0,0,0,0,0.1057504072,0,0,0,0,0.04289931815,0,0,0,0,0,0,0.00223541132,0,0,0.0006422231742,0,0.03764981822,0.0009491045062,0,0.004841617907,0,0,0,0.001961868707,0.3424367977,0,0.000758894842,0,0.04448960112,0.00112152682,0,0.005721186971,0,0,0,0.002318278291,0.4046467488,0,3.310174566e-05,0,0,4.89191565e-05,0,0,0,0,0,0,0,0,-0.07443581127,0,0,0.1017616573,0,0,0,0.00214920942,0,0,0.1873063682,0.003176189263,0,0,0.009760215706,-0.08633657229,0,0,-0.04504115029,0,0,0,0.003176189263,0,0,-0.0005714491576,0.00214920942,0,0,-0.04041731985,-0.3960012937,-0.001588038485,0,-0.03952953164,0,0.3295167214,0,0,0,0,0,0,0,0,0,0.3450378075,-0.001880376539,0,-0.04680704066,0,-0.4039525327,0,0,0,0,0,0,0,0,0,-0.003468415024,-8.185076466e-05,0,0,0,0,0,0.009760215706,-0.04041731985,0,0,0.1873063682,-0.0005714491576,0,0
1,2,2,4,1,1500,500,v1,0,0,0,0,0,0,0,0,0.3586505863,0,0,0.05293859196,0,0,0,0,0,0,0,0,0.1116829618,0,0,0.01648495491,0,0,0,0,0,0,0,0,0.4010464717,0,0,0.05919643335,0,0,0,0,0,0,0,0,0,0,0,0,0,0,0,0,0,0,0,0,0,0,0,0,-0.3314228777,0,0,0,0,0,0.3905286518,0,0,0,0,0,0,0,0,-0.06250836892,0,0,0,0,0,0.121614143,0,0,0,0,0,0,0,0,0.5121427947,0,0,0,0,0,-0.4530370207,0,0,0,0,0,0,0,0,0,0,0,0,0,0,0,0,0,0,-0.07725538583,0,0,0,-0.01140327523,0,0,0,0,0,0,0,0,0,0,-0.01140327523,0,0,0,-0.07725538583
1,2,2,4,1,1500,500,v1,0,0,0.01567631439,0,0,0,0,0,0.01110635283,0.02608806506,0,0.006057530206,0,0,0,0,0,0,0,0,0.1929591296,0,0,0.1052420875,0,0,0,0,0,0.02438755616,0,0,0.01727809207,0,0.04058505947,0.009423666458,0,0,0,0,0,0.2068921936,0,0,0,0,0.3443039527,0,0,0,0,0,0,0,0,0,0,0,0,0,-0.8842311063,0,0,-0.04167774681,0,0,0.01628622029,0,0,0,0,0,0,0,0,0.04162260371,0,0,0,0,0,-0.2935426669,0,0,0,0.3703042781,0,0,0,0.6162495764,-0.8701211745,0,0,0,0,-0.06483784172,0.02533638342,0,0,0,0,0,0,0,0,-0.1065155885,0,0,0,0,-0.5511869811,0,0,0,0,0.2445174936,0,0,0,0.1333626012,0,0,0,0,0,0,0,0,0.6162495764,0,0.1333626012,0,0.3703042781,0,0.2445174936
1,2,2,4,4,1500,500,v1,0,0.07109820374,0,0,0,0,0.1407996646,0,0,0,0,0,0,0,0,0,0,0,0,0,0,0,0,0,0,0,0,0,0.08197754867,0,0,0.1623446269,0,0,0,0,0,0,0,0,0,0,0,0,0,0,0,0,0,0,0,0,0,0.182454776,0,0,0,0,0.3613251801,0,-0.3034559882,0,0.2010626234,0,0,0,0,0,0,0,0,0,0,0,0,0,0,0,0,0,0,0,0,0,0.05153414971,0,0,0,0.1020558976,0,-0.3342222986,0,0,0,0.2318289338,0,0,0,0,0,0,0,0,0,0,0,0,0,0,0,0,0,0,0.1020558976,0,0,0,0.05153414971,0,0,0.4328915571,0,0,0,0,-0.535284922,0,0,0,0,0,0,0,0,0
1,2,2,4,3,1500,500,v1,0,0,0.04711918691,0,0,0.03205716052,0,0,0,0.0370178299,0.08369935556,0,0,0,0,0,0,0.1191521952,0,0,0,0,0.3110993546,0,0,0,0,0,0,0.002308098086,0,0,0,0,0.001813290677,0,0,0,0,0,0,0.08621122577,0,0,0.0586531153,0,0.06772936249,0.153139825,0,0,0,0,0,0,0,0,0,0,0,0,-0.3781741368,0,0,-0.08396082338,0,0.1098373903,0,0,0,0,0,0,0,0,0,0.3108004461,0,0,0,0,-0.4235300751,0,0,0,0,0.2012475825,0,0,0,0.1581043287,-0.2354950189,0,0,0,0,-0.004072921856,0,0,0,0,0.04682835926,0,0,0,0.1222660844,-0.40172643,0,0,0,0,-0.1515341955,0.2009630557,0,0,0,0,0,0,0,0,0,0,0,0,0,0,0,0,0.1581043287,0.1222660844,0,0,0.2012475825,0.04682835926,0
1,2,2,4,2,1500,500,v1,0,0,0,0,0,0,0,0,0,0,0,0,0,0.033446859,0,0,0,0,0.162470289,0,0,0,0,0,0,0.1296412925,0,0,0,0,0.629740995,0,0,0,0,0,0,0,0,0,0,0,0,0,0,0,0,0,0,0,0.007631253786,0,0,0,0,0,0,0.0370693107,0,0,0,0,0,0,0,0,0,0,0,0.1329576015,0,0,0,0.6458501811,0,-0.7051042547,0,0.1858990664,0,0,0,0,0,0,0,0,0,0,0,0,0.2283138998,0,-0.7475190882,0,0,0,0,0,0,0,0,0,0,0,0,0,0,0,0,0,0,0,0.6458501811,0,0,0,0.1329576015,0,0,0,-0.5616200218,0,0,0.04241483345,0,0,0,0,0,0,0,0,0,0,0
1,2,2,4,3,1500,500,v1,0.04143090526,0.003739258165,0.002711706966,0.1118798377,0,0,0.01632333558,0,0.02397175521,0.00122479647,0,0.04462377952,0,0,0,0,0,0,0,0,0.04923674183,0,0,0.09165492857,0.00130736866,0,0,0.2935339481,0.008971973476,0.006506467833,0,0.03916620018,0.05751781301,0,0.00293877581,0.107070266,8.472546947e-05,0,0,0.0190227916,0.006442328515,0.0004216588317,0,0.01739683611,0,0,0.000190450611,0,9.679989614e-05,0,0,0.02173377454,0.00736043996,0.0006643008412,0,0.01987610029,0,0,0.00289993498,0,-0.3224461126,-0.1510963133,-0.0200209777,-0.003890211093,0,0,-0.06845324573,0.001959807701,0,0,0,0.4400213265,0,0,0,-0.2330373436,0,0,0,0,0,-0.1406004813,0.4400213265,0.04322588768,0.02004937303,0.01438197147,0.001959807701,0.1167270005,0.08752341642,0.006495904112,-0.2378609995,-0.2939172927,0,0,-0.04813737281,-0.009425928258,-0.1645840979,0,0.1167270005,0,0,0,0.04322588768,0,0,-0.4548542809,0.01762862717,0,0,0.02262016618,-0.0006024443701,0,0,0.08752341642,0,0.1958602414,0,0.02004937303,0,0.3645964961,-0.4729231631,-0.01836542397,0,0,0.02184088835,-0.00355684246,0,0,0.006495904112,0,0.3645964961,0,0.01438197147,0,0.1958602414
1,2,2,4,3,1500,500,v1,0,0.1336058169,0,0,0.006185768372,0,0.04272021535,0.001220573709,0.0007954829205,0,0,0.004853297131,0.003312025378,0.002529766423,0,9.626862646e-05,0.0007431122111,0,0.009466647238,0.0001466306485,9.556340238e-05,0,0,0.0005830390253,0.2175850516,0.01022518694,0,0.08377035651,0.06487493621,0,0.03826370563,0.02074364207,0.0003862624017,0,0,0.002356614023,0.01179218932,0.0007255208144,0,0.00453999894,0,0,2.108827207e-05,0,0,0,0,0,0.1625808407,0.010002874,0.007640320315,0.06259370711,0,0.04847493702,0.0002907474523,0,0.002244323931,0.02859086773,0.01549977236,0.0004428492339,-0.1562668647,0,-0.1763230942,0,-0.007406218776,0,-0.00564868584,0.07309382201,0.02095434623,0.03056099803,0,0.02814115651,0.0006090672374,0.1143624595,0,-0.1141251957,-0.003368213078,-0.01197152928,0,-0.0008878972492,0,-0.0006771947899,0.02814115651,0,0.3700775125,0,0.07309382201,0,0.1183316085,0,-0.06546150257,-0.2966470559,-0.04848804576,0,-0.08544098107,0,-0.002737186963,0.0006090672374,0,0.013750357,0,0.02095434623,0,0.002713215789,0,-0.09662782409,0.01549705363,-0.0007348241983,0,0,0,0,0.1143624595,0.1183316085,0.002713215789,0.001914444054,0.03056099803,0.3700775125,0.013750357,0.01168015734,-0.6157708059,0.2136600166,-0.0102725717,-0.03615606331,0,-0.06384200544,-0.002681599166,0,0,0,0.01168015734,0,0,0,0.001914444054
1,2,2,4,4,1500,500,v1,0,0,0,0,0.000280138728,0,0,0.0008797637644,0,0,0,0,0.003968093497,0.003943882606,0,0.108988995,0.01457056178,0,0.072030967,0.04575822976,0,0,0,0,0,0.006366364306,0,0,0,0,0.1162751083,0,0,0,0,0,0,0.02033583559,0,0,0,0,0.5585509226,0,0,0,0,0,0,0.0007649476305,0.0007602803857,0,0,0,0.02101030975,0,0.002808834196,0.01388574074,0,0.008821024366,-0.07165216503,0,0,0,-0.001146262215,0,0,0,0.02473245219,0.01290953637,0,0,0.6793098778,0.23577944,0,-0.6713048512,0.08089960884,-0.05734196661,0,-0.06020542254,0,0,0,0,0,0,0,0,0,0,-0.05239848657,0,-0.1133941644,0,0,0,0,0.6793098778,0,0.02637332743,0,0.02473245219,0,0.08282431345,0,0.1015614042,0,-0.5709229575,0,0,0,0,0.23577944,0,0.08282431345,0,0.01290953637,0,0.02637332743,0,-0.7221111644,0,0.02066179534,0.004943480042,0,0,-0.01144674249,0,0,0,0,0,0,0,0
1,2,2,4,4,1500,500,v1,2.201664184e-06,0,0,3.738083435e-05,0.02325448481,0.0002147404531,0,0.004039818558,0,0,0.0009056669216,0,0.0002179681925,0,0.02144502256,4.915443546e-05,0.3171262042,0.002928459836,0,0.05509183863,0,0.03720569499,0.01235076655,0,0.002819063492,0,0.006044555167,0.004548129752,0,0,0,0,0,0.01048690321,0,0,9.780928178e-05,2.131602267e-06,0.0002097198595,0.000157800385,2.936226372e-07,0,4.807018165e-07,4.985255808e-06,2.863863554e-05,0.0003638500778,0,0.0001207833201,0.01253431102,0.0002731659541,0,0.02022220252,3.762789573e-05,0,6.160219118e-05,0.0006388631598,0.3974345117,0,0,0.06904316861,-0.1221040049,-3.949844301e-05,0,0,0.02589862891,-0.001118083293,0,0.0228741836,0.0007327708323,0,0.0415289513,0.03690401273,0.0001652485823,0,0.07204998256,-0.45195776,-0.000266564543,0,-0.05864974216,0.3531827439,-0.01527897232,0,0.03690401273,5.92903828e-05,0,0,0.0228741836,0.00100665681,0,0,-0.0917219859,-0.007352267318,0,-0.01649716691,0,0,0,0.0001652485823,0.00100665681,0.1023745186,0.004756928077,0.0007327708323,5.92903828e-05,0.01778471933,0.02006232336,-0.1324425288,-0.0002550794509,-2.581583784e-06,-0.0005723801704,-5.216799638e-06,0,-0.0001491120069,0,0,0.01778471933,0,0,0,0.1023745186,0,0.3711601647,-0.03224478412,-0.0003295334829,0,-0.0006659162191,0,-0.4591875314,0.07204998256,0,0.02006232336,0,0.0415289513,0,0.004756928077,0
1,2,2,4,3,1500,500,v1,0,0,0,0,0,0,0,0,0.02206808438,0,0,0.4372474973,0,0,0,0,0,0,0,0,0.002377792753,0,0,0.04711255913,0,0,0,0,0,0,0,0,0.02359970473,0,0,0.4675943617,0,0,0,0,0,0,0,0,0,0,0,0,0,0,0,0,0,0,0,0,0,0,0,0,-0.5405656872,0,0,0,0,0,-0.4583702066,0,0,0,0,0,0,0,0,-0.9495482007,0,0,0,0,0,-0.04938769312,0,0,0,0,0,0,0,0,-0.5077578997,0,0,0,0,0,-0.4911779941,0,0,0,0,0,0,0,0,0,0,0,0,0,0,0,0,0,0,0.0719917208,0,0,0,1.42641212,0,0,0,0,0,0,0,0,0,0,1.42641212,0,0,0,0.0719917208
1,2,2,4,3,1500,500,v1,0,0,0,0,0,0,0,0,0,0,0,0,0,0.704144671,0.006811354836,0,0,0,0.08786768869,0,0,0.005935071354,0,0,0,0.1510922417,0.001461550323,0,0,0,0.01885425909,0,0,0.001273521299,0,0,0,0,0.001840641256,0,0,0,0,0,0,0.001603842034,0,0,0,0,0.01699447841,0,0,0,0,0,0,0.002120680025,0,0,0,0,0,0,0,0,0,0,0,1.307806526,0.005357415436,0,0,0.1631964871,0.004668181831,-0.1828059173,0,-0.7919991902,-0.01254729935,0,0,0,0,0,0,0,0,0,0,0,-0.8203536449,0,-0.1695939776,0.002595215712,0,0,0,0,0,0,0,0,0,0,0,-0.00995208364,0,0,0.003268352128,0,0,0,0.1631964871,0,0,0,1.307806526,0,0,0,-0.9615931678,0,0,-0.0190755075,0,0,0,0.004668181831,0,0,0,0.005357415436,0,0,0
1,2,2,4,2,1500,500,v1,0.01750745186,0,0.00119045276,0.01371613428,0.0651709597,0.09122885861,0,0.1345510944,0.124218489,0.0002947501035,0.1205826074,0.05575551067,0.0002473306255,0.003567336904,0.002056087295,0.0001080846046,0.005913028425,0.008277288483,0.01703461714,0.01220795965,0.01127047169,0.0005651466322,0.0109405844,0.005058755018,0,0.0007386715989,0.0004257442822,0,0,2.236532901e-05,0.003527277692,0,0.002333723325,0.0001170222431,5.537542739e-06,0.001047492502,0,0.000200231305,0.001664545349,0,0.001285976028,8.744240597e-05,8.750198804e-05,0.001007492126,0.006701039434,0.0004575254174,2.165029901e-05,0.0088571623,0,0.001593044049,0.02297703657,0,0.0102312496,0,0.0006961674717,0.008015626408,0.03808551702,0.1097191074,0,0.07863085063,-0.2019154364,-0.03122306333,0,-0.001482277335,-0.1997187077,-0.211807944,-0.1796819467,0,0.003059476657,0.02815616394,0.00617384584,0,0.00133700517,0.1344502877,0.001696974682,-0.8519804199,-0.0003546779856,0.0182386559,-0.002615862532,-0.01808339936,-0.01917800889,-0.01509879221,0,0.04350074192,0,0.001946029062,0,0.03408046167,0,0.0004818269877,-0.3135369491,0,0.004047813059,-0.000534226636,0,-2.746163213e-05,0.003079001132,0.00133700517,0.03408046167,0.1636157308,0.1592618997,0.003059476657,0.04350074192,0.3377988432,0.2105059233,-0.2877217241,0,-0.0002871364424,-0.002097124513,-0.00228871077,-0.0001088317324,-0.01552592906,0.1344502877,0,0.3377988432,0.1984695032,0.02815616394,0,0.1636157308,0.08908310343,-0.2296692266,0,-0.002289173456,-0.13069077,-0.01820902829,0,-0.1164742756,0.001696974682,0.0004818269877,0.2105059233,0.08908310343,0.00617384584,0.001946029062,0.1592618997,0.1984695032
1,2,2,4,3,1500,500,v1,0,0,0,0,0,0,0,0,0.02285115242,0,0,0.0604493125,0,0,0,0,0,0,0,0,0.2015243718,0,0,0.533102642,0,0,0,0,0,0,0,0,0.04994650317,0,0,0.1321260181,0,0,0,0,0,0,0,0,0,0,0,0,0,0,0,0,0,0,0,0,0,0,0,0,-0.9163096434,0,0,0,0,0,-0.0831276732,0,0,0,0,0,0,0,0,-0.264822518,0,0,0,0,0,-0.7346147986,0,0,0,0,0,0,0,0,-0.8177424718,0,0,0,0,0,-0.1816948448,0,0,0,0,0,0,0,0,0,0,0,0,0,0,0,0,0,0,0.4112515063,0,0,0,1.087904469,0,0,0,0,0,0,0,0,0,0,1.087904469,0,0,0,0.4112515063
1,2,2,4,0,1500,500,v1,0,0,0,0,0,0,0,0,0,0,0,0,0,0,0.1628334667,0,0,0,0,0,0,0.3849969349,0,0,0,0,0.0760441354,0,0,0,0,0,0,0.1797957118,0,0,0,0,0.0583557501,0,0,0,0,0,0,0.1379740011,0,0,0,0,0,0,0,0,0,0,0,0,0,0,0,0,0,0,0,0,0,0,0,0,0.4454277846,0,0,0,1.053151623,-0.4512316619,0,0,-0.5478212765,0,0,0,0,0,0,0,0,0,0,0,-0.7437437773,0,0,-0.2553091612,0,0,0,0,0,0,0,0,0,0,0,-0.8031304377,0,0,-0.1959225008,0,0,0,0,0,0,0,0,0,0,0,0,0,0,0,0,0,0,1.053151623,0,0,0,0.4454277846,0,0,0
1,2,2,4,4,1500,500,v1,0.003569716203,0,0,0.01380501819,0.007493795744,0.06709940134,0,0.04115951658,0.009158782323,0,0.09816035939,0.02130569025,0.0009339595269,0.001044830202,0,4.821620686e-05,0.0009706696409,0.008691370037,0.001456864423,0.005331382726,0.00118633497,0,0.0127146888,0.002759721163,0,0.03279381128,0,0,0,0,0.04572622122,0,0.03723518428,0,0,0.08661864371,0,0.003183903697,0,0,0.001576286486,0,0.0001643708906,0.006095908576,0.02962921239,0,0,0.0433448597,0,0.03233668599,0.03617538575,0,0.01600924085,0,0.001669400328,0.06191188561,0.03360770834,0.05044133716,0,0.184589636,-0.5273485449,-0.01733953315,0,0,-0.04855135154,-0.1652570096,-0.03040127955,0,0.05389701442,0.005252607493,0,0,0.00278247032,0.00732401213,0,-0.7032444946,-0.00097062569,0.002373772282,0,-0.006227941194,-0.02136165584,-0.003937870755,0,0.03134196255,0,0,0,0.1212074962,0,0,-0.1172243718,0,0.07450080841,0,0,0,-0.1238517686,0.00278247032,0.1212074962,0.06227956836,0.1580090658,0.05389701442,0.03134196255,0.3420691214,0.2311529854,-0.3151071564,0,-0.003341190963,0,-0.007656280466,0,-0.07282270203,0.00732401213,0,0.3420691214,0.07133733504,0.005252607493,0,0.06227956836,0.1659490433,-0.007212342315,0,-0.03347450651,-0.08525899377,-0.07670382557,0,-0.2147865004,0,0,0.2311529854,0.1659490433,0,0,0.1580090658,0.07133733504
1,2,2,4,2,1500,500,v1,0,0,0,0,0,0,0,0,0,0,0,0,0,0.1263037082,0,0,0,0,0.03302390185,0,0,0,0,0,0,0.1433587834,0,0,0,0,0.03748319397,0,0,0,0,0,0,0,0,0,0,0,0,0,0,0,0,0,0,0,0.5230670809,0,0,0,0,0,0,0.1367633317,0,0,0,0,0,0,0,0,0,0,0,0.3885332142,0,0,0,0.1015875378,0,-0.4779276759,0,0.1511805079,0,0,0,0,0,0,0,0,0,0,0,0,-0.4983419217,0,0.1715947537,0,0,0,0,0,0,0,0,0,0,0,0,0,0,0,0,0,0,0,0.1015875378,0,0,0,0.3885332142,0,0,0,0.3227752616,0,0,-0.6495224296,0,0,0,0,0,0,0,0,0,0,0
1,2,2,4,3,1500,500,v1,0,0,0,0,0,0,0,0,0,0,0,0,0,0,0,0,0,0,0,0,0,0,0,0,0.09709071139,0,0,0.1218198514,0,0,0,0,0,0,0,0,0.1377318903,0,0,0.1728123954,0,0,0,0,0,0,0,0,0.2086951078,0,0,0.2618500437,0,0,0,0,0,0,0,0,0,0,0,0,0,0,0,-0.02607042666,0,0,0,-0.0327106008,0,0,0,0,0,0,0,0,0,0,-0.0327106008,0,0,0,-0.02607042666,0,0,0,-0.1685293764,0.207716728,0,0,0,0,0,0,0,0,0,0,0,0,0,-0.2554774622,0.2946648139,0,0,0,0,0,0,0,0,0,0,0,0,0,0.5023815419,-0.4631941902,0,0,0,0,0,0,0,0,0,0,0,0,0
1,2,2,4,3,1500,500,v1,0.003530238774,0,0.02812024106,0.00434406377,0.0891511976,0.09765225004,0,0.03424702221,0.01519073563,0.01381078366,0.02089972474,0.01870892481,0,0,0.07205056453,0,0.02348011601,0.025719073,0,0.009019778492,0.004000846253,0.0129013579,0.005504446095,0.004927446145,0,0,0.1978032421,0,0,0.02033237513,0,0,0.01098368021,0.03541860411,0.009985904235,0.01352751126,0,0,0.007056634648,0,9.106204146e-05,0.0007253578924,0,0.0001120545494,0.002518926852,0.001263559415,0.0003562473347,0.0005391056307,0,0,0,0,0.005809491652,0,0,0.007148752201,0.1467105121,0,0,0.05635816793,-0.3421211262,-0.007856092151,0,-0.04184491896,-0.123142275,-0.1158500989,-0.03389905107,0,0,0,0.1847466831,0,0,0,0.03308069966,-0.7219189945,0,0,0.07655461033,-0.03243247936,-0.02936541185,-0.008909772273,0,0.0141146207,0,0.07330436682,0,0.01736845923,0,0.03600220794,-0.001268966061,0,0,-0.2296676124,0,-0.02996154983,-0.02446038048,0,0.01736845923,0.3886586087,0.1790880735,0,0.0141146207,0.1493014226,0.03832877828,-0.3909237978,0,0,0.007894746957,-0.0001999038496,-0.001064581042,0.0002709429583,0,0,0.1493014226,0.04521588953,0,0,0.3886586087,0.05568791621,-0.1636307503,0,0,0,-0.01293272395,0,-0.2030652665,0.03308069966,0.03600220794,0.03832877828,0.05568791621,0.1847466831,0.07330436682,0.1790880735,0.04521588953
1,2,2,4,4,1500,500,v1,0.001164389755,0,0,0.000549676945,0,0,0,0,0,0,0,0,0.3390620458,0,0,0.1534699811,0,0,0,0,0,0,0,0,0.09060202961,0,0,0.05912017976,0,0,0,0,0,0,0,0,8.577125324e-05,4.46392291e-05,0,5.596797259e-05,8.413398769e-05,0,2.020509737e-05,3.971738254e-05,0,0,0,0,0.09232965692,0.04805251821,0,0.06024750149,0.09056719968,0,0.02175005771,0.04275432811,0,0,0,0,-0.1313586699,-0.001710289993,0,0,0,0,0,0.04494317921,0.4380286947,0,0,0.02932659363,0.198265351,0,0,0.02781183613,-0.4520078666,0,0,0,0,0,0.02932659363,0.1355934542,0,0,0.04494317921,0.06400998558,0,0,-0.1500927319,0.10057955,0,0,0,0,0,0.198265351,0.06400998558,0,0,0.4380286947,0.1355934542,0,0,-0.6067050317,9.541630752e-05,-4.616191597e-05,0,-0.0001223948949,0,0,0,0,0,0,0,0,0,0,-0.3532117471,-0.1501881482,0.02785799805,0,-0.131236275,0,0,0,0,0,0,0,0,0,0
1,2,2,4,0,1500,500,v1,0,0,0,0,0,0,0,0,0,0,0,0,0,0,0.0287790234,0,0,0,0,0,0,0.05775146074,0,0,0,0,0.02680909939,0,0,0,0,0,0,0.05379837354,0,0,0,0,0.27700014,0,0,0,0,0,0,0.5558619029,0,0,0,0,0,0,0,0,0,0,0,0,0,0,0,0,0,0,0,0,0,0,0,0,0.4987025241,0,0,0,1.000756657,-0.9132884616,0,0,-0.08635099233,0,0,0,0,0,0,0,0,0,0,0,-0.9191991866,0,0,-0.08044026734,0,0,0,0,0,0,0,0,0,0,0,-0.1667912597,0,0,-0.8328481943,0,0,0,0,0,0,0,0,0,0,0,0,0,0,0,0,0,0,1.000756657,0,0,0,0.4987025241,0,0,0
1,2,2,4,1,1500,500,v1,0,0,0.2206326526,0,0,4.046825612e-05,0,0,0.002341944355,0.4480905214,0.0401105823,0.005677752934,0.147753466,0.003840909749,0.008703828487,0.02361148092,0,2.151165359e-05,0.003895797349,0,0.001244904044,0.05606475562,0.02132152542,0.003018115085,2.538835052e-05,1.387711571e-05,3.144672562e-05,0.0006595706604,0,0.0004237348648,1.40754233e-05,0,4.497808744e-06,0.0002025606306,0.0008605778619,1.090437813e-05,1.919693766e-06,4.036456282e-05,2.377786737e-06,4.987223113e-05,0,3.203993807e-05,6.450387463e-06,0,5.876738571e-09,1.531625221e-05,6.507102363e-05,5.824797723e-06,0.0002127798505,0.004474029034,0.0001163041531,0.005527863909,0,0,0.0007149642847,0,0,0.0001179661697,0,0,0.006719820088,0,0,-0.6687120546,0,-0.03181396072,-0.000724147558,0.0003600415667,0.2249209252,0.0058660794,0.0129021249,0.009353614911,0.03594306736,0.005949903887,0.08310737159,-0.03827445978,-0.1686861759,-0.007615767282,-0.06375572879,0,0.01229384606,-0.004194425859,0.009353614911,0,0,0.3316257201,0.0003600415667,0,0,0.6735101992,-0.7511425391,-0.0006835381876,-2.776825665e-05,-0.0002331162428,0,-0.001281648653,-1.307274732e-06,0.03594306736,0,0,2.951109756e-05,0.2249209252,0,0,0.02925026289,-0.9337896164,-5.168449193e-05,-4.646144595e-05,-1.748595974e-05,0,-9.690952261e-05,2.653321364e-07,0.005949903887,0,0,0.002155085315,0.0058660794,0,0,0.005224735722,-0.1771113956,-0.005740548305,-0.005176690994,-0.0002337866533,0,0,0,0.08310737159,0.6735101992,0.02925026289,0.005224735722,0.0129021249,0.3316257201,2.951109756e-05,0.002155085315
1,2,2,4,3,1500,500,v1,0.1908260874,0,0,0.2137052766,0,0,0,0,0,0,0,0,0.08773620621,0,0,0.1259484372,0,0,0,0,0,0,0,0,0.01340441201,0,0,0.03050633502,0,0,0,0,0,0,0,0,0.03019877897,0.06614419049,0,0.06872767474,0.02907354873,0,0.09495233249,0.03255933639,0,0,0,0,0.001522575044,0.003334886284,0,0.003465141506,0.001465842702,0,0.004787347595,0.001641590646,0,0,0,0,0.043965121,-0.3905929599,0,0,0,0,0,0.06343047364,0.03309329008,0,0,0.1443576572,0.04750663394,0,0,0.09862243341,-0.1523557161,0,0,0,0,0,0.1443576572,0.2452676363,0,0,0.06343047364,0.2746741221,0,0,-0.1015361962,-0.03698922437,0,0,0,0,0,0.04750663394,0.2746741221,0,0,0.03309329008,0.2452676363,0,0,-0.5822566422,-0.09737907776,0.09468405012,0,0.04606512769,0,0,0,0,0,0,0,0,0,0,-0.5365678003,-0.004157118465,0.003938383287,0,-0.002100006681,0,0,0,0,0,0,0,0,0,0
1,2,2,4,1,1500,500,v1,0.002271055674,0,0,0.007997298126,0,0,0,0,0,0,0,0,0.04291877845,0,0,0.08049556717,0,0,0,0,0,0,0,0,0.03434005371,0,0,0.05188986574,0,0,0,0,0,0,0,0,0.01003822371,0.07977900017,0,0.01516835369,0.001202631131,0,0.1496281138,0.004234946681,0,0,0,0,0.02007388329,0.1595376219,0,0.03033283284,0.002404955066,0,0.2992180072,0.008468811603,0,0,0,0,-0.01629974061,-0.01024718974,0,0,0,0,0,0.09658368924,0.06093236898,0,0,0.1459437078,0.1142806431,0,0,-0.233912317,0.1171036423,0,0,0,0,0,0.1459437078,0.008807094471,0,0,0.09658368924,0.03101330105,0,0,-0.07545644986,-0.0862284815,0,0,0,0,0,0.1142806431,0.03101330105,0,0,0.06093236898,0.008807094471,0,0,-0.4921364876,-0.02515429092,0.2176765406,0,-0.005426298552,0,0,0,0,0,0,0,0,0,0,0.2077239222,-0.05030215894,-0.4515888576,0,-0.01087344206,0,0,0,0,0,0,0,0,0,0
1,2,2,4,1,1500,500,v1,0.006123624047,0,0.1680043472,0.009721618609,0.007211286116,0.02796599459,0,0.0007776985985,0.004049431171,0.04535936706,0.001273101014,0.006993038154,0,4.502272461e-05,0.0001849763103,0,2.109740924e-05,8.181758747e-05,0.0004489044597,2.275242631e-06,1.184705547e-05,0.0002081796512,3.724596786e-06,2.045890087e-05,0.002810682563,0.01503231958,0.061760434,0.01219729086,0,0.1641085267,0.14988154,0,0.003955529689,0.06950763363,0.04430753741,0.006830877936,0.001190808298,0,0.02616618406,0.00516765406,0.002534248509,0.06952823414,0,0.004023270742,0.01157366611,0.02944845781,0.01877187552,0.0005268700888,0.0003066324619,0,0.001639956508,0.001330667992,0.000652567555,0,0,0.001035989936,0.0007684748954,0.01635138248,0,8.287590308e-05,-0.327937341,-0.01584497879,0,-0.2133592739,-0.007973272607,-0.02917932231,-0.01101959489,0.006457455523,0,0.02490162382,0.05384354281,0.02802289574,0,0.2482846181,0.06059765216,-0.3307084413,0,0.0002770129648,0.0003730522157,-2.298752759e-05,-8.414925618e-05,-3.177554764e-05,0.02802289574,0.01395559172,0,0.6017305146,0.006457455523,0.02215533433,0,0.1624607389,-0.285012096,-0.01500772374,-0.1646914954,-0.1292214684,0,-0.2079846147,-0.01065985484,0,0.02215533433,0.01197707876,0.05914064503,0,0.01395559172,0.001291663819,0.002692270149,-0.613627438,-0.006345272935,0,0.05255428624,-0.006543917029,-0.08811694708,-0.01195847189,0.2482846181,0,0.001291663819,0.01194272516,0.02490162382,0,0.01197707876,0.02062411276,-0.216152635,-0.001633904171,0,-0.01770967892,-0.001685054885,0,-0.0008495682516,0.06059765216,0.1624607389,0.002692270149,0.02062411276,0.05384354281,0.6017305146,0.05914064503,0.01194272516
1,2,2,4,0,1500,500,v1,0.03117663331,0,0,0.246642638,0,0,0,0,0,0,0,0,0,0,0,0,0,0,0,0,0,0,0,0,0,0,0,0,0,0,0,0,0,0,0,0,0,0,0,0,0.04088211695,0,0,0.3234240552,0,0,0,0,0,0,0,0,0.04016036672,0,0,0.3177141898,0,0,0,0,-0.01903949186,0.2636131712,0,0,0,0,0,0,0,0,0,0,0,0,0,0,0,0,0,0,0,0,0,-0.04116876351,0,0,0,-0.3256917555,0,0,0,0,0,0,0,0,0,0,-0.3256917555,0,0,0,-0.04116876351,0,0,0.6031596405,0,0,0,-0.3585859611,0,0,0,0,0,0,0,0,0,0,-0.09497278991,0,0,0,0.3395464693,0,0,0,0,0,0,0,0,0,0
1,2,2,4,4,1500,500,v1,0,0,0,0,0,0,0,0,0,0,0,0,0,0,0.262155273,0,0,0,0,0,0,0.1118585247,0,0,0,0,0.2947905807,0,0,0,0,0,0,0.1257836208,0,0,0,0,0.1439782154,0,0,0,0,0,0,0.06143378534,0,0,0,0,0,0,0,0,0,0,0,0,0,0,0,0,0,0,0,0,0,0,0,0,1.050114409,0,0,0,0.4480715593,-0.6255490823,0,0,-0.3732415633,0,0,0,0,0,0,0,0,0,0,0,-0.5782274746,0,0,-0.4205631711,0,0,0,0,0,0,0,0,0,0,0,-0.7938047344,0,0,-0.2049859112,0,0,0,0,0,0,0,0,0,0,0,0,0,0,0,0,0,0,0.4480715593,0,0,0,1.050114409,0,0,0
1,2,2,4,1,1500,500,v1,0,0,0,0,0,0,0,0,0.09066713014,0,0,0.5861567832,0,0,0.04222563258,0,0,0,0,0,0.006826881586,0.001755767,0,0.04413532163,0,0,0.0437477674,0,0,0,0,0,0.007072974622,0.001819058273,0,0.04572629624,0,0,0.124682034,0,0,0,0,0,0,0.005184353373,0,0,0,0,0,0,0,0,0,0,0,0,0,0,0.06344969465,0,0,0,0,0,-0.6698475329,0,0,0,0.1471551602,0,0,0,0.006118799373,-0.7913827148,0,0,0.03444594904,0,0,0.04835628781,0,0,0,0,0,0,0,0,-0.7088537559,0,0,-0.01482012889,0,0,0.01509340684,0,0,0,0,0,0,0,0,0.01962582015,0,0,-0.1218084599,0,0,0,0,0,0,0.1218493111,0,0,0,0.7877474463,0,0,0,0,0,0,0,0.006118799373,0,0,0.7877474463,0.1471551602,0,0,0.1218493111
1,2,2,4,1,1500,500,v1,0.5402941024,0,0,0.05141948552,0,0.03021192328,0,0,0,0,0.2083124431,0,0,0,0,0,0,0.0002590680568,0,0,0,0,0.001786284817,0,0,0,0,0,0,0,0,0,0,0,0,0,0,0,0,0,0.09440427066,0,0,0.008984401286,0.005278855664,0,0,0.03639792508,0,0,0,0,0.02068286366,0,0,0.001968376489,0,0,0,0,-0.08429203119,-0.591703749,0,0,0,-0.2347980982,0,0,0,0,0,0,0,0,0,-0.1952524295,0,0,0,0,0.001940765234,0,0,0.9827002881,0,0,0,0.09352303312,0,0,0,0,0,0,0,0,0,0,0.09352303312,0,0.03672780222,0,0.9827002881,0,0.2532396941,-0.8471653362,0,0,0,-0.1031742109,0,0.0395456687,0,0,0,0,0,0,0,0,-0.6948779599,0,0,0,-0.02260425425,0,0,0,0,0.2532396941,0,0,0,0.03672780222,0
1,2,2,4,1,1500,500,v1,0.005496628825,0,0,0.00222011268,0.004913245394,0.006381495584,0,0.0001542242228,0,0,0.05348056074,0,0.0002809448417,0,0.02031120207,0.01432490903,0.00491560661,0.006384562415,0,0.0001542983402,0,7.006961306e-06,0.05350626253,0,0.0001091341972,0,0.01877383581,0.001347800076,0,0,0,0,0,6.47660048e-06,0,0,0.0001431419022,0.0003405997912,0.02462401924,0.001767792972,0.006666968294,0,0.01736661544,0.002692817965,0.007740240443,8.494797568e-06,0,0.06486761508,0.002775325343,0.006603763242,0,0.03427508339,0.1292633797,0,0.3367148767,0.05221005048,0.1155440408,0,0,0.00362686747,-0.3197011503,-0.007700734523,0,0,-0.004593410929,0.0469022031,0,0.004540547991,0.009951901166,0,0.09469070803,0.05607546567,0.5074308468,0,3.266641294e-05,-0.5429587942,0.01102493296,0,-0.0199996848,0.0004789901638,0.05680223333,0,0.05607546567,0.2120993945,0,0,0.004540547991,0.08566788301,0,0,-0.08353854737,-0.001453912127,0,-0.01856713258,0,0,0,0.5074308468,0.08566788301,0.1726956449,-0.00514297856,0.009951901166,0.2120993945,0.005420826661,-0.04310113158,-0.4914447246,-0.001906970986,-0.01601434039,-0.02458209893,-0.009340371079,0,-0.07154169634,0,0,0.005420826661,0,0,0,0.1726956449,0,-0.02950581691,-0.03704979266,-0.3399324245,0,-0.1814704127,0,-0.1146298936,3.266641294e-05,0,-0.04310113158,0,0.09469070803,0,-0.00514297856,0
1,2,2,4,0,1500,500,v1,0,0,0,0,0,0,0,0,0,0,0,0,0,0,0.03702377202,0,0,0,0,0,0,0.2909674595,0,0,0,0,0.05264986502,0,0,0,0,0,0,0.4137719264,0,0,0,0,0.02320673432,0,0,0,0,0,0,0.1823802428,0,0,0,0,0,0,0,0,0,0,0,0,0,0,0,0,0,0,0,0,0,0,0,0,0.1691318363,0,0,0,1.329196111,-0.6715741075,0,0,-0.3273111908,0,0,0,0,0,0,0,0,0,0,0,-0.5324717156,0,0,-0.4664135827,0,0,0,0,0,0,0,0,0,0,0,-0.7937247736,0,0,-0.2051605248,0,0,0,0,0,0,0,0,0,0,0,0,0,0,0,0,0,0,1.329196111,0,0,0,0.1691318363,0,0,0
1,2,2,4,1,1500,500,v1,0,0,0,0,0.0008586771752,0,0,8.456507424e-05,0,0,0,0,0.01079381229,0.03730085748,0,0.02263525544,0.08630690966,0,0.1474876362,0.008499760368,0,0,0,0,0,0.1184753586,0,0,0,0,0.4684517131,0,0,0,0,0,0,0.02514589957,0,0,0,0,0.05273242158,0,0,0,0,0,0,0.0007319615255,0.002529485581,0,0,0,0.001534966114,0,0.005852736325,0.01000158908,0,0.0005763948269,-0.09973935898,0,0,0,-0.0009321498822,0,0,0,0.02222868403,0.1225941148,0,0,0.04661485427,0.484737287,0,-0.6534391866,0.01996865652,0.1753394662,0,-0.09332373838,0,0,0,0,0,0,0,0,0,0,0.1767900229,0,-0.5816776241,0,0,0,0,0.04661485427,0,0.1374689199,0,0.02222868403,0,0.01353834342,0,0.01962018231,0,-0.06551587451,0,0,0,0,0.484737287,0,0.01353834342,0,0.1225941148,0,0.1374689199,0,-0.5461412641,0,-0.0003484742139,0.001450556715,0,0,-0.006415620597,0,0,0,0,0,0,0,0
1,2,2,4,0,1500,500,v1,0,0,0,0,0,0,0,0,0,0,0,0,0.2067379248,0,0,0.2223927574,0,0,0,0,0,0,0,0,0,0,0,0,0,0,0,0,0,0,0,0,0,0.1851455392,0,0,0,0,0.1991653298,0,0,0,0,0,0,0.08987636672,0,0,0,0,0.0966820821,0,0,0,0,0,0,0,0,0,0,0,0,0,0.7217788579,0,0,0,0.7764336912,0,0,-0.5696880124,-0.4291203537,0,0,0,0,0,0,0,0,0,0,0,0,0,0,0,0,0,0,0,0,0.7764336912,0,0,0,0.7217788579,0,0,0,-0.6152918208,0,-0.3835165452,0,0,0,0,0,0,0,0,0,0,0,0,-0.8126368989,0,-0.1861714671,0,0,0,0,0,0,0,0,0,0,0,0
1,2,2,4,0,1500,500,v1,0,0,0,0,0.09475716118,0,0,0.2565139822,0,0,0,0,0,0,0,0,0.001802051572,0,0,0.004878274307,0,0,0,0,0,0,0,0,0,0,0,0,0,0,0,0,0,0,0,0,0,0,0,0,0,0,0,0,0,0,0,0,0,0,0,0,0.1731958268,0,0,0.4688527039,-0.6256795815,0,0,0,0.3333091334,0,0,0,0,0,0,0,0,0,0,-0.2987091803,0,0,0,0.006338732245,0,0,0,0,0,0,0,0,0,0,0,0,0,0,0,0,0,0,0,0.1183026027,0,0,0,0.3202530694,0,0,0,0,0,0,0,0,0,0,0.3202530694,0,0,0,0.1183026027,0,0.3396478657,0,0,0,0,0,-0.6320183137,0,0,0,0,0,0,0,0
