1,2,2,4,4,1500,500,v1,0,0,0,0,0,0.03283326246,0,0,0,0,0.004104865277,0,0.009647548217,0,0.2125453913,0.01164667088,0,0.01846196051,0,0,0,0.2224601704,0.002308142869,0,0,0,0.1034386773,0,0,0,0,0,0,0.1082638661,0,0,0,0.004677131643,0.1030420116,0,0,0,0.005646306367,0,0.008950358967,0.1078486968,0,0.001118987727,0,0.01948425482,0,0,0,0,0.02352169673,0,0,0,0,0,-0.03077548068,0,0,0,0,-0.03693751095,0,0,0.008381505731,0,0.6278913476,0,0.01011828462,0,0.6571811217,-0.5012411841,0.020205354,0,-0.4349983136,0,-0.02072702102,0,0,0,0,0,0,0,0,0,-0.6454515711,0,0,-0.2112634085,0,0,0,0.01011828462,0,0,0.09028225948,0.008381505731,0,0,0.01128722796,-0.7260550042,0,0.009795556473,-0.2104532574,0,0,-0.01004845966,0,0,0,0,0,0,0,0,0.03000091047,0,-0.04233410404,0,0,0,0,0.6571811217,0,0.01128722796,0,0.6278913476,0,0.09028225948,0
1,2,2,4,3,1500,500,v1,0,0,0,0,0,0,0,0,0,0,0,0,0.4188982081,0,0,0.2125496836,0,0,0,0,0,0,0,0,0,0,0,0,0,0,0,0,0,0,0,0,0,0.0005266286561,0,0,0,0,0.0002672123014,0,0,0,0,0,0,0.2439683167,0,0,0,0,0.1237899507,0,0,0,0,0,0,0,0,0,0,0,0,0,0.270541842,0,0,0,0.1372734039,0,0,0.3497064461,-0.6215832767,0,0,0,0,0,0,0,0,0,0,0,0,0,0,0,0,0,0,0,0,0.1372734039,0,0,0,0.270541842,0,0,0,-0.272630079,0,0.0007532484742,0,0,0,0,0,0,0,0,0,0,0,0,-0.6208300282,0,0.3489531977,0,0,0,0,0,0,0,0,0,0,0,0
1,2,2,4,4,1500,500,v1,0,0,0.3865726712,0,0,0,0,0,0,0.1259377552,0,0,0,0,0.001471111222,0,0,0,0,0,0,0.008218671529,0,0,0.01693571285,0,0.004193086773,0.002741124252,0,0.03982166209,0,0,0,0.0234255591,0.01297311244,0,0.04529343194,0,0.01121413028,0.00733095358,0,0.1065003734,0,0,0,0.06265009191,0.03469572204,0,0.09469758381,0,0,0.01532724639,0,0,0,0,0,0,0,0,-0.193588471,0,0,-0.5125019045,0,0,0,0.05125664731,0,0,0.02529958841,0.008296127851,0,0,0.1413414608,-0.1014243498,0,0,-0.009669683053,0,0,0,0.008296127851,0,0,0.7988771404,0.05125664731,0,0,0.2602584229,-0.7953103173,0.01867067627,0,-0.02756135612,0,-0.05268526134,0,0,0,0,0,0,0,0,0,-0.6920535293,0.04993347416,0,-0.07386299366,0,-0.1409032097,0,0,0,0,0,0,0,0,0,0.06860415043,-0.1083060005,0,0,0,0,0,0.1413414608,0.2602584229,0,0,0.02529958841,0.7988771404,0,0
1,2,2,4,1,1500,500,v1,0,0,0,0,0,0,0,0,0,0,0,0,0,0,0.1175575608,0,0,0,0,0,0,0.09838556537,0,0,0,0,0.3355537706,0,0,0,0,0,0,0.2808296395,0,0,0,0,0.09127997611,0,0,0,0,0,0,0.07639348752,0,0,0,0,0,0,0,0,0,0,0,0,0,0,0,0,0,0,0,0,0,0,0,0,0.1982293665,0,0,0,0.1659009268,-0.4476545585,0,0,0.2049010297,0,0,0,0,0,0,0,0,0,0,0,0.364000632,0,0,-0.6067541609,0,0,0,0,0,0,0,0,0,0,0,-0.4018531312,0,0,0.1590996023,0,0,0,0,0,0,0,0,0,0,0,0,0,0,0,0,0,0,0.1659009268,0,0,0,0.1982293665,0,0,0
1,2,2,4,4,1500,500,v1,0,0,0.07680505976,0,0,0.1563439152,0,0,0,0.1604202469,0.06332283834,0,0,0,0,0,0,0.02251516442,0,0,0,0,0.009119153215,0,0,0,0,0,0,0.1376776191,0,0,0,0,0.287562795,0,0,0,0,0,0,0.0144960862,0,0,0.02950814542,0,0.03027750692,0.01195146942,0,0,0,0,0,0,0,0,0,0,0,0,-0.5428563559,0,0,-0.236733236,0,-0.219663101,0,0,0,0,0,0,0,0,0,-0.2610367153,0,0,0,0,-0.03156869798,0,0,0,0,0.3431806227,0,0,0,0.7167902965,-0.2814139544,0,0,0,0,-0.4252333251,0,0,0,0,0.3123850687,0,0,0,0.1265230513,-0.91319836,0,0,0,0,-0.04468071842,-0.04137361438,0,0,0,0,0,0,0,0,0,0,0,0,0,0,0,0,0.7167902965,0.1265230513,0,0,0.3431806227,0.3123850687,0
1,2,2,4,0,1500,500,v1,0.0105787963,0.02056606467,0.06559965206,0.007321689188,0.1152686249,0,0.04198056655,0.04516811045,0.06371897774,0.04046533553,0,0.002677421089,0,4.068030273e-05,0.0009981283395,0,0.03851932912,0,0.007737782854,0.01509383247,0.02129297784,0.001639100594,0,0.0008947141016,0.003212190741,1.607434803e-05,0.0003943987933,0.001547324479,0.002715613697,0.00866200299,0.003057494812,0.005543257952,0.008413672303,0.0006476715176,0.005343181653,0.0003535358611,0.01498294947,0,0.001839634588,0.007217343664,0.006515519321,0.04040306556,0,0.004509455142,0,0.003021000434,0.02492274811,0,0.02893873912,0,0.0001448143655,0.01393990054,0.0125843656,0.0244650591,0,0.008709763467,0.1371216985,0.02754507807,0.04993940543,0.05373125629,-0.3067683416,-0.01761985575,-0.06156616474,-0.1044069795,0.1061111737,0,-0.06535739129,0.07064348333,0,0.0003021733216,0.004843863873,0.03402923358,0,0.05747625731,0.007954468081,-0.1465383263,0,-0.007762328144,-0.002631758603,0.03471794263,0,-0.02214136145,0.03402923358,0.04411565052,0.0589985258,0.1696977105,0.07064348333,0.03053286936,0.1204309752,0.1046786219,-0.4784304975,-0.004749642469,-0.003067193598,-0.001039908725,-0.005738802701,-0.01384291637,-0.008664110604,0,0.03053286936,0.001230491505,0,0,0.04411565052,0.0004821987226,0,-0.2084194885,-0.02215424321,0,-0.004860553975,-0.01089532265,-0.06466765912,0,0.05747625731,0.1204309752,0.0004821987226,0.1384276671,0.0003021733216,0.0589985258,0.001230491505,0.005816627922,0.007275563116,-0.0428779256,0,-0.02768943201,-0.02125050152,-0.05231469992,-0.1419709099,0.007954468081,0.1046786219,0,0.005816627922,0.004843863873,0.1696977105,0,0.1384276671
1,2,2,4,4,1500,500,v1,0,0,0,0,0,0,0,0,0,0,0,0,0,0,0.1337387614,0,0,0,0,0,0,0.09471254833,0,0,0,0,0.3506782528,0,0,0,0,0,0,0.2483470807,0,0,0,0,0.100997714,0,0,0,0,0,0,0.07152564274,0,0,0,0,0,0,0,0,0,0,0,0,0,0,0,0,0,0,0,0,0,0,0,0,0.8773829623,0,0,0,0.6213544669,-0.7711808548,0,0,-0.2279774314,0,0,0,0,0,0,0,0,0,0,0,-0.4001429197,0,0,-0.5990153665,0,0,0,0,0,0,0,0,0,0,0,-0.8269927979,0,0,-0.1721654883,0,0,0,0,0,0,0,0,0,0,0,0,0,0,0,0,0,0,0.6213544669,0,0,0,0.8773829623,0,0,0
1,2,2,4,3,1500,500,v1,0,0.02384436212,0.004370989965,0,0.01349417648,0.01388262658,0.07434855721,0.00352767387,7.928377063e-05,0.004224804282,0.09017542067,9.042331831e-05,0,0.07248199314,0.03452544982,0,0.008664291651,0.008913706275,0.05030187852,0.00226503598,5.090623446e-05,0.001542477134,0.05789950541,5.805867462e-05,0,0.01303875608,0.006210769039,0,0.002754091847,0.0005048618102,0.009048784342,0.008587470455,9.157501684e-06,0.0002774755804,0.0004879769468,1.044415122e-05,0,0,0.147247384,0,0,0.01196946471,0,0,0.03801601246,0.006578501484,0.01156915165,0.2469352536,0,0,0.01179277665,0,0,0.002490911696,0,0,0.001409675036,0.008184085354,0.007766854477,0.0003685199904,-0.2756187587,0,-0.0981912866,-0.008577792577,-0.01702155852,0.09873711337,-0.0001697042072,0,0,0.1458912182,0.2783047551,0,0,0.101247248,0.01243368625,-0.4005583056,0,-0.12278183,-0.0359923927,-0.01090666237,0.06339676644,-0.0001087389196,0,0,0.04361713407,0.02496468128,0,0,0.1360015827,0.02412974557,-0.4705856102,0,-0.02204172383,-0.006411943849,-0.01131803629,-0.0009811631234,-1.956099283e-05,0,0,0.03532052864,0.02368719113,0,0,0.009233562425,0.1538615488,0.1101705876,0,0,-0.151421291,0,-0.0231706622,-0.2804997064,0.101247248,0.1360015827,0.009233562425,0.0002088323935,0.1458912182,0.04361713407,0.03532052864,0.0002381737859,-0.2822610976,0,0,-0.01993542362,0,-0.0102364883,-0.001774506483,0.01243368625,0.02412974557,0.1538615488,0.0002381737859,0.2783047551,0.02496468128,0.02368719113,0.0002088323935
1,2,2,4,3,1500,500,v1,0.03182535098,0.007776021919,0.01308026386,0.02959275858,0,0,0.07140270572,0,0,0.04092956531,0,0,0.4586998493,0.1070408652,0.01149295906,0.1307641022,0,0,0.08311428147,0,0,0.009525293042,0,0,2.584714581e-05,0.0001001301839,1.075096041e-05,0.0001439892092,2.238018022e-05,3.764632681e-05,7.774832793e-05,0.0002055042332,0,8.910329176e-06,0.0001177994426,0,6.02053138e-05,0.0009994618742,2.504202785e-05,0.0003353915974,0.0002133543671,8.768894388e-05,0.0002849221224,0.000198387263,0,2.075467705e-05,0.000274388223,0,2.984991124e-05,0.0004955351338,0.0001156366402,0.0001662878039,0.0001057815086,2.58460411e-05,0.0001412649404,9.836078941e-05,0,8.978866388e-05,0.0002373292264,0,-0.0001945025747,-0.06134803343,-0.07917741107,-0.05394807896,0,0,0,0.0001718907417,0.6753492565,0.1608816069,0.01721717386,0.0009575688725,0.1925255465,0.1249201334,0.01426948669,0.00142655936,-0.5803882262,-0.1901519848,-0.02099515095,0,0,0,0.0009575688725,0.04756789084,0.01173602821,0.01954466243,0.0001718907417,0.04423093749,0.10776515,0.06115737009,-0.3450020287,-0.0001678392171,-0.0001775095351,-1.938581611e-05,-0.0002274117085,-0.0001532057953,0,0.1925255465,0.04423093749,0,0,0.6753492565,0.04756789084,0,0,-0.7168282976,-0.0003894020104,0.00121870795,2.342972871e-05,0.0003477762301,0.0002999297442,0,0.1249201334,0.10776515,0,0,0.1608816069,0.01173602821,0,0,-0.9104613337,-0.0001957318487,0.0005863162189,-0.0002049991866,-0.0001989616869,-0.0002626293581,0,0.01426948669,0.06115737009,0,0,0.01721717386,0.01954466243,0,0
1,2,2,4,3,1500,500,v1,0.0002025531163,0.0002436174388,2.334386593e-05,0.0003147546807,0.03397118393,0.007778696297,0.002698940117,0.004733528648,0.0892119748,0.001094719321,0.01063856988,0.02404966449,0.001427170161,0.02153622437,0.01068210621,0.01096249703,0.008685776512,0.001988862612,0.01566171343,0.001210271977,0.02280978128,0.01243466947,0.002720077126,0.006149035353,0,0.01806589717,0.008960801526,0,5.225120465e-05,5.006805432e-06,0.01313799946,0.0005788701872,0.01913423429,0.01043095837,0.0002347960128,0.005158185503,0,0.01990113552,0.1489563397,0,0.0007221692582,8.322864961e-05,0.1528662418,0.00112220517,0.02773364063,0.1733949104,0.003903038643,0.03793004155,0,0.001569726755,0.02368742602,0,5.696199623e-05,6.851010682e-05,0.01205751448,8.85153251e-05,0.009553377833,0.01722612431,0.000758996058,0.001331163134,-0.1507463318,-0.0005162597342,-0.002942508628,-0.001115721079,-0.03870406901,-0.01837869145,-0.113259756,0,0.03385025549,0.09481045545,0.1919862548,0,0.2600137348,0.06894871567,0.2234845427,-0.8247160231,-0.01224398802,-0.03712108571,0.02193471607,-0.00987552093,-0.004653563323,-0.02889874681,0,0.001454810932,0.000546186303,0.0001652558017,0,0.002260683811,0.006050979486,0.007749731378,-0.524380777,0,-0.03113918814,0.01840017628,-0.0006298122449,-0.000236982774,-0.02424202957,0.2600137348,0.002260683811,0.07825790939,0.05554198752,0.03385025549,0.001454810932,0.01090441996,0.0759622434,-0.01055413714,0,-0.1700666913,-0.317315424,-0.001815561206,-0.003923954266,-0.0646372325,0.06894871567,0.006050979486,0.01090441996,0.1966012526,0.09481045545,0.000546186303,0.07825790939,0.05299954601,-0.3050546849,0,-0.01359864755,-0.0409125069,-0.0001451755548,-0.0008257896532,-0.01086196296,0.2234845427,0.007749731378,0.0759622434,0.05299954601,0.1919862548,0.0001652558017,0.05554198752,0.1966012526
1,2,2,4,3,1500,500,v1,0,0,0,0,0,0,0,0,0,0,0,0,0,0.0038624687,0,0,0,0,0.005935951851,0,0,0,0,0,0,0.00384362105,0,0,0,0,0.005906986247,0,0,0,0,0,0,0,0,0,0,0,0,0,0,0,0,0,0,0,0.3864869008,0,0,0,0,0,0,0.5939640713,0,0,0,0,0,0,0,0,0,0,0,0.5912558689,0,0,0,0.9086588506,0,-0.9901650508,0,-0.009778095504,0,0,0,0,0,0,0,0,0,0,0,0,-0.9902127649,0,-0.009730381429,0,0,0,0,0,0,0,0,0,0,0,0,0,0,0,0,0,0,0,0.9086588506,0,0,0,0.5912558689,0,0,0,-0.01950847693,0,0,-0.9804346694,0,0,0,0,0,0,0,0,0,0,0
1,2,2,4,2,1500,500,v1,0,0,0.2182681753,0,0,0,0,0,0,0.05303701258,0,0,0,0,0,0,0,0,0,0,0,0,0,0,0,0,0,0,0,0.01006314923,0,0,0,0,0.002445245954,0,0,0,0,0,0,0.5761802921,0,0,0,0,0.1400061248,0,0,0,0,0,0,0,0,0,0,0,0,0,-0.6931292304,0,0,0.2574321884,0,0,0,0,0,0,0,0,0,0,0,0,0,0,0,0,0,0,0,0,0,0.5257849974,0,0,0,0.1277605655,-0.4475658294,0,0,0,0,0.01186878745,0,0,0,0,0,0,0,0,0,0.2693009759,0,0,0,0,-0.7049980178,0,0,0,0,0,0,0,0,0,0,0,0,0,0,0,0,0,0.1277605655,0,0,0,0.5257849974,0,0
1,2,2,4,3,1500,500,v1,0,0,0.0550013075,0,0,0,0,0,0,0.1415629289,0,0,0,0,0.004794977342,0,0,0,0,0,0,0.01829504028,0,0,0.0002025649583,0,4.882235586e-05,9.250381864e-06,0,0.001732572467,0,0,0,0.0001862797055,0.004459312771,0,0.02358799867,0,0.005685196863,0.001077175426,0,0.201752156,0,0,0,0.02169163652,0.5192717667,0,0.0006130189144,0,0,2.799427451e-05,0,0,0,0,0,0,0,0,-0.7038846952,0,0,0.1865130659,0,0,0,0.03604678594,0,0,0.01564425682,0.001646119941,0,0,0.05969002339,-0.0271810513,0,0,-0.02304180218,0,0,0,0.001646119941,0,0,0.2171512728,0.03604678594,0,0,0.5589061711,-0.5981566926,-0.0002093244466,0,-0.0002323372968,0,0.005875267665,0,0,0,0,0,0,0,0,0,0.1682652002,-0.02427961003,0,-0.026948714,0,-0.7097599628,0,0,0,0,0,0,0,0,0,-0.02448893448,-0.0006396694383,0,0,0,0,0,0.05969002339,0.5589061711,0,0,0.01564425682,0.2171512728,0,0
1,2,2,4,3,1500,500,v1,0,0,0,0,0,0,0,0,0,0,0,0,0.3994258167,0,0,0.3331679708,0,0,0,0,0,0,0,0,0,0,0,0,0,0,0,0,0,0,0,0,0,0.08141259839,0,0,0,0,0.0679076541,0,0,0,0,0,0,0.06438299346,0,0,0,0,0.05370296657,0,0,0,0,0,0,0,0,0,0,0,0,0,0.3822682184,0,0,0,0.3188565218,0,0,0.2537325892,-0.7211490827,0,0,0,0,0,0,0,0,0,0,0,0,0,0,0,0,0,0,0,0,0.3188565218,0,0,0,0.3822682184,0,0,0,-0.6091013628,0,0.1416848694,0,0,0,0,0,0,0,0,0,0,0,0,-0.5794642133,0,0.1120477199,0,0,0,0,0,0,0,0,0,0,0,0
1,2,2,4,4,1500,500,v1,0,0,0,0,0,0,0,0,0,0,0,0,0,0,0,0,0,0,0,0,0,0,0,0,0.07674332055,0,0,0.1279768378,0,0,0,0,0,0,0,0,0.2663156238,0,0,0.4441068114,0,0,0,0,0,0,0,0,0.03181044404,0,0,0.05304696237,0,0,0,0,0,0,0,0,0,0,0,0,0,0,0,0.2387283742,0,0,0,0.3981024303,0,0,0,0,0,0,0,0,0,0,0.3981024303,0,0,0,0.2387283742,0,0,0,-0.6188058107,0.194251941,0,0,0,0,0,0,0,0,0,0,0,0,0,0.2747702253,-0.699324095,0,0,0,0,0,0,0,0,0,0,0,0,0,-0.505072154,0.0805182843,0,0,0,0,0,0,0,0,0,0,0,0,0
1,2,2,4,3,1500,500,v1,0,0.02471620641,0.002297585257,0,0.01636037267,0.003689020293,0.01295585532,0.05023321928,0.0009053759884,0.004935680379,0.01039822202,0.005484165902,0,0.01021905226,0.002162237101,0,0.004934930726,0.001112753356,0.04652663104,0.01515231115,0.0002730969443,0.0006121856534,0.003136512009,0.001654239751,0,0.02056617166,0.004351571776,0,0.01500418873,0.001394769175,0.09363634285,0.007864965005,0.0005496163925,0.001232043336,0.002996247834,0.003329210756,0,0,0.005193990015,0,0,0.001664781725,0,0,0.002672986148,0.001470553886,0.003576289703,0.007534331943,0,0,0.07058652266,0,0,0.05149687191,0,0,0.0340872706,0.3213755066,0.02699386836,0.1046622454,-0.271944343,0,-0.03759391908,-0.003353292268,-0.06645545661,-0.003566016411,-0.006389434799,0,0,0.1519600718,0.01738808187,0,0,0.6918635911,0.004923019326,-0.7377391694,0,-0.05662797467,-0.002741795965,-0.02004557454,0.001773677502,-0.001923338785,0,0,0.1367010251,0.005010665129,0,0,0.07165657622,0.01076392711,-0.5907934499,0,-0.1139656221,-0.005572003795,-0.02282171582,-0.002004620405,-0.003870781739,0,0,0.08300674944,0.0009620585381,0,0,0.2548656075,0.002711751284,-0.01546405134,0,0,-0.006560267705,0,-0.005158482157,-0.0006568676386,0.6918635911,0.07165657622,0.2548656075,0.002589551541,0.1519600718,0.1367010251,0.08300674944,0.01568578144,-0.3175102628,0,0,-0.3919555118,0,-0.07848943263,-0.1387472068,0.004923019326,0.01076392711,0.002711751284,0.01568578144,0.01738808187,0.005010665129,0.0009620585381,0.002589551541
1,2,2,4,0,1500,500,v1,0,0,0,0,0,0,0,0,0.000342976997,0,0,0.0001246288566,0,0.0006488649596,0.05018247276,0,0,0,0.02367746719,0,0.004316741478,0.05797445181,0,0.001568590779,0,0.0008741498729,0.06760574991,0,0,0,0.03189824729,0,0.005815507462,0.07810309207,0,0.002113203078,0,0,0.305147109,0,0,0,0,0,0,0.3525281915,0,0,0,0,0.0004555424063,0,0,0,0,0,0,0.01662301257,0,0,-0.0022204537,0,0,0,0,0,0.0004436951664,0,0,0.00296437768,0.6340288912,0,0,0.1081718741,0.7324764081,-0.8602470122,0,-0.02427592213,-0.1079325726,0,0,0.005584381041,0,0,0,0,0,0,0,0,-0.8008879123,0,-0.03277178342,-0.1454065954,0,0,-0.007804834742,0,0,0,0,0,0,0,0,-0.253339168,0,0,-0.6576643648,0,0,0,0.1081718741,0,0,0.001954810771,0.00296437768,0,0,0.0007103270293,-0.05704770555,0,0,-0.01704312898,0,0,0,0.7324764081,0,0,0.0007103270293,0.6340288912,0,0,0.001954810771
1,2,2,4,3,1500,500,v1,0.4614298025,0,0,0.07161628808,0,0,0,0,0,0,0,0,0,0,0,0,0,0,0,0,0,0,0,0,0,0,0,0,0,0,0,0,0,0,0,0,0,0,0,0,0.3448667847,0,0,0.05352510581,0,0,0,0,0,0,0,0,0.05935051283,0,0,0.009211506065,0,0,0,0,0.4430759661,-0.5247179607,0,0,0,0,0,0,0,0,0,0,0,0,0,0,0,0,0,0,0,0,0,0.1060097338,0,0,0,0.0164532581,0,0,0,0,0,0,0,0,0,0,0.0164532581,0,0,0,0.1060097338,0,0,-0.459661811,0,0,0,0.3780198164,0,0,0,0,0,0,0,0,0,0,-0.1466981442,0,0,0,0.06505614964,0,0,0,0,0,0,0,0,0,0
1,2,2,4,1,1500,500,v1,0.2412702101,0,0,0.1466011605,0,0,0,0,0,0,0,0,0,0,0,0,0,0,0,0,0,0,0,0,0,0,0,0,0,0,0,0,0,0,0,0,0,0,0,0,0.04042206141,0,0,0.024561346,0,0,0,0,0,0,0,0,0.340344384,0,0,0.206800838,0,0,0,0,-0.6119842074,-0.3870671759,0,0,0,0,0,0,0,0,0,0,0,0,0,0,0,0,0,0,0,0,0,0.9321699985,0,0,0,0.5664070765,0,0,0,0,0,0,0,0,0,0,0.5664070765,0,0,0,0.9321699985,0,0,-0.9342027722,0,0,0,-0.06484861111,0,0,0,0,0,0,0,0,0,0,-0.451915787,0,0,0,-0.5471355963,0,0,0,0,0,0,0,0,0,0
1,2,2,4,1,1500,500,v1,0.03628924346,0,0,0.1342263623,0,0,0,0,0,0,0,0,0,0,0,0,0,0,0,0,0,0,0,0,4.585381999e-05,0,0,0.008693622606,0,0,0,0,0,0,0,0,0.0005334358381,0,0,0.1011363909,0.006920751605,0,0,0.02559842046,0,0,0,0,0.00272923664,0,0,0.5174476926,0.03540888614,0,0,0.1309701037,0,0,0,0,-0.1984880482,-0.1705102447,0,0,0,0,0,0.004960918928,0,0,0,0.9405619193,0,0,0,0,0,0,0,0,0,0,0.9405619193,0.1177957086,0,0,0.004960918928,0.4357017308,0,0,-0.6216272109,-0.008721347966,0,0,0,0,0,0,0.4357017308,0,0,0,0.1177957086,0,0,-0.8654362037,-0.1014589311,0,0,-0.03245171694,0,0,0,0,0,0,0,0,0,0,-0.3131422407,-0.5201682798,0,0,-0.1660363313,0,0,0,0,0,0,0,0,0,0
1,2,2,4,0,1500,500,v1,0.009416937348,0.02150873196,0.02539601744,0.07439320863,0.03775086053,0,0.004030496539,0.005711863791,0.002778250916,0.01130061705,0,0.002545435965,0,0.001499305646,0,0,0.006259482071,0,0.0001277580587,0.0009470859337,0.0004606626592,0,0,0.0004220595388,0.004340277594,0.01465306539,0,0.02569538601,0.03485496593,0.04115432395,0.001248609443,0.00653143197,0.004502164107,0,0.0183126845,0.004124886767,0.001570271434,0,0,0.009296347931,0.005520987445,0.01488924565,0,0.04361545114,0,0,0.006625356267,0,0.008257366341,0,0.02787741713,0.04888540213,0.029032443,0.06631147807,0,0.2293544609,0.1163860038,0.002375476076,0.01242603159,0.01760969132,-0.4991598783,0.06037474374,-0.0007655883049,-0.03612120125,-0.005019998266,0,-0.005240207171,0.02123327653,0,0.06599372903,0,0.1257056065,0,0.005623423451,0,-0.1520808729,0,-0.001623688656,0,-0.002609327459,0,-0.000875119526,0.1257056065,0.03287481639,0.08719443662,0.1166900695,0.02123327653,0.2597089673,0.01633926624,0.05192427789,-0.2163524166,-0.02997336177,-0.01586868989,0,-0.0149361398,-0.0561207758,-0.008609624477,0,0.2597089673,0.1234069445,0,0,0.03287481639,0.01867198913,0,-0.356795271,-0.01084407853,0,0,-0.01761773868,-0.02016758785,0,0.005623423451,0.01633926624,0.01867198913,0.01152667611,0.06599372903,0.08719443662,0.1234069445,0.01056075065,-0.03888386762,-0.05714181506,0,-0.03025238977,-0.2378128609,-0.05332074046,-0.08708996335,0,0.05192427789,0,0.01056075065,0,0.1166900695,0,0.01152667611
1,2,2,4,1,1500,500,v1,0,0,0,0,0,0.01329444682,0,0,0,0,0.01222648981,0,0.01187074328,0,0,0.006391381281,0,0.02354475302,0,0,0,0,0.02165337803,0,0,0,0,0,0,0,0,0,0,0,0,0,0,0.1609665217,0,0,0,0,0.08666672251,0,0.3192653492,0,0,0.293618425,0,0.03282716504,0,0,0,0,0.01767462435,0,0,0,0,0,-0.5688075578,0,0,0,0,-0.02091684724,0,0,0.1826890968,0,0,0,0.09836247372,0,0,-0.8342542846,0.01732830403,0,0,0,0.03983386178,0,0,0,0,0,0,0,0,0,0,0,0,0,0,0,0,0.09836247372,0,0,0.4608016464,0.1826890968,0,0,0.4237849612,0.07564870943,0,-0.2440994086,0,0,0,-0.6086414196,0,0,0,0,0,0,0,0,-0.2267711046,0,0.03940339086,0,0,0,0,0,0,0.4237849612,0,0,0,0.4608016464,0
1,2,2,4,1,1500,500,v1,0,0,0,0,0,0,0,0,0.01784063715,0,0,0.01352552568,0,0.1383177201,0.01536506934,0,0,0,0.02506773768,0,0.1479537148,0.001794848616,0,0.1121681783,0,0.06329540501,0.007031190841,0,0,0,0.01147121719,0,0.06770492092,0.0008213385099,0,0.05132914475,0,0,0.01801206708,0,0,0,0,0,0,0.002104053875,0,0,0,0,0.2592183133,0,0,0,0,0,0,0.0469789169,0,0,-0.266977762,0,0,0,0,0,-0.002715833449,0,0,0.1838611008,0.06007177643,0,0,0.03332169753,0.007017198778,-0.2651984946,0,0.07893700291,-0.01689093751,0,0,-0.256055682,0,0,0,0,0,0,0,0,-0.4440817081,0,0.003555861817,-0.007760184798,0,0,-0.01092208004,0,0,0,0,0,0,0,0,-0.02465112231,0,0,-0.02007486117,0,0,0,0.03332169753,0,0,0.2300969351,0.1838611008,0,0,0.1744434581,0.08249286472,0,0,-0.2272813969,0,0,0,0.007017198778,0,0,0.1744434581,0.06007177643,0,0,0.2300969351
1,2,2,4,1,1500,500,v1,0,0,0.002583012615,0,0,0,0,0,0,0.003308731096,0,0,0,0,0,0,0,0,0,0,0,0,0,0,0,0,0,0,0,0.001860741031,0,0,0,0,0.002383531414,0,0,0,0,0,0,0.433968496,0,0,0,0,0.5558954878,0,0,0,0,0,0,0,0,0,0,0,0,0,-0.994082993,0,0,-0.005879522356,0,0,0,0,0,0,0,0,0,0,0,0,0,0,0,0,0,0,0,0,0,0.657593724,0,0,0,0.8423500491,-0.9957270469,0,0,0,0,-0.004235468471,0,0,0,0,0,0,0,0,0,-0.01011499083,0,0,0,0,-0.9898475246,0,0,0,0,0,0,0,0,0,0,0,0,0,0,0,0,0,0.8423500491,0,0,0,0.657593724,0,0
1,2,2,4,2,1500,500,v1,0,0.073258686,0.004899089967,0,0,0,0.02611147431,0,0,0.4366733854,0,0,0,0,0,0,0,0,0,0,0,0,0,0,0,0,0,0,0.06022625399,0.004027561137,0,0.02146634576,0,0,0.3589909082,0,0,0,0,0,0,0.0001186870783,0,0,0,0,0.01057900317,0,0,0,0,0,0,0.002689861891,0,0,0,0,0.0009587430993,0,0.1246026179,0,-0.06557595331,-0.2911960469,0,0,0,0,0,0,0,0,0,0,0,0,0,0,0,0,0,0,0,0,0.1640703664,0.001394649142,0,0,0.05847932203,0.1243097359,-0.3525858066,0,0,0,-0.08041204036,0.2008284647,0,0,0,0,0,0,0,0,0,-0.09036758222,0,0,0,0,0.006564658849,0,0,0.05847932203,0,0,0,0.1640703664,0,0,-0.1459879937,0,0,0,0,-0.002378465274,0,0,0.1243097359,0,0,0,0.001394649142,0,0
1,2,2,4,1,1500,500,v1,0,0,0,0,0.06927019187,0,0,0.06427200791,0,0,0,0,0.03979919635,0,0,0.02845661361,0.07197811917,0,0,0.06678454498,0,0,0,0,0,0,0,0,0,0,0,0,0,0,0,0,0,0.1659716426,0,0,0,0,0.1186705094,0,0,0,0,0,0,0.0720545661,0,0,0,0,0.05151935551,0,0.1303129867,0,0,0.1209102658,-0.1165705817,0,0,0,0.06421527253,0,0,0,0.2475520699,0,0,0,0.1770008954,0,0,-0.5276642192,0.06060748485,0,0,0.131666115,0,0,0,0,0,0,0,0,0,0,0,0,0,0,0,0,0,0.1770008954,0,0.04073613495,0,0.2475520699,0,0.0377968288,0,-0.003681723524,0,-0.2793535867,0,0,0,0,0,0,0.0377968288,0,0,0,0.04073613495,0,-0.02286471425,0,-0.06428920837,0,0,0,-0.2482366967,0,0,0,0,0,0,0,0
1,2,2,4,1,1500,500,v1,0.01198806222,0,0.001711156975,0.01370759188,0.04465533044,0.2602030098,0,0.06431385061,0.006384250953,0.001387655115,0.4897560149,0.06857691569,1.89395048e-05,0,0,1.657940009e-05,3.03585223e-05,0.0001768966616,0,4.372318934e-05,4.340275237e-06,0,0.0003329561948,4.662139556e-05,0,0,0,0,0,9.708954256e-05,0,0,0.000362236787,0,7.873433142e-05,0.003890993914,0,1.344987584e-06,0,0,5.787699376e-07,8.261270233e-08,1.177384916e-06,6.617868638e-07,1.256230382e-05,0,6.699440242e-08,2.364486045e-05,0,0.004795863535,0,0,0.002063737742,0,0.004198237557,0.002359753745,0.007687388431,0,0,0.01107159092,0.009572026866,-0.02569522684,0,-0.003098760564,-0.107266846,-0.7498883281,-0.07495410026,0,0.00720903722,0,0,0,0.006310698914,0,0,-0.9275267192,-3.495481835e-05,0,0,7.029359689e-05,0.0004837818993,4.835578261e-05,0,0.02107184602,0,0.002712148667,0,0.02409432485,0,0.002199404862,-0.07800465434,0,0,0,0,-0.0001754591592,-0.004203213354,0.006310698914,0.02409432485,0.05495191759,0.3900345669,0.00720903722,0.02107184602,0.0791432822,0.7341259245,-0.7917989733,0,-2.492709783e-06,0,-1.237983491e-06,-1.492967719e-07,-3.578137351e-05,0,0,0.0791432822,0.01010626159,0,0,0.05495191759,0.1085571752,-0.1329304647,0,-0.008975709895,0,-0.004414315756,0,0.01779975251,0,0.002199404862,0.7341259245,0.1085571752,0,0.002712148667,0.3900345669,0.01010626159
1,2,2,4,1,1500,500,v1,0,0.07680376247,0,0,0,0,0.2404135079,0,0,0,0,0,0,0,0,0,0,0,0,0,0,0,0,0,0,0,0,0,0.04796878274,0,0,0.1501533643,0,0,0,0,0,0,0,0,0,0,0,0,0,0,0,0,0,0,0,0,0,0.1173446711,0,0,0,0,0.3673159114,0,-0.6823635773,0,-0.3165593425,0,0,0,0,0,0,0,0,0,0,0,0,0,0,0,0,0,0,0,0,0,0.3627846685,0,0,0,1.135599711,0,-0.8012117412,0,0,0,-0.1977111786,0,0,0,0,0,0,0,0,0,0,0,0,0,0,0,0,0,0,1.135599711,0,0,0,0.3627846685,0,0,-0.5142705211,0,0,0,0,-0.4846523987,0,0,0,0,0,0,0,0,0
1,2,2,4,0,1500,500,v1,0,0,0,0,0,0,0,0,0,0,0,0,0,0,0.1931608035,0,0,0,0,0,0,0.007238313189,0,0,0.01179781363,0,0.09449777837,0.003198966042,0,0,0,0,0,0.003541114466,0,0,0.06487463981,0,0.5196309697,0.01759069742,0,0,0,0,0,0.01947212702,0,0,0.05113230152,0,0,0.01386447535,0,0,0,0,0,0,0,0,0,0,0,0,0,0,0,0.1915097053,0,0,1.210026323,0.05192763712,0,0,0.04534330597,-0.6369296608,0,0,-0.1999834253,0,0,0,0.05192763712,0,0,0,0.1915097053,0,0,0,-0.8864034472,-0.01496567157,0,-0.09783552892,0,0,0,0,0,0,0,0,0,0,0,-0.3776466859,-0.08246382989,0,-0.5390941319,0,0,0,0,0,0,0,0,0,0,0,-0.09742950145,-0.06486206014,0,0,0,0,0,0.04534330597,0,0,0,1.210026323,0,0,0
1,2,2,4,1,1500,500,v1,0,0,0.0007805449946,0,0,0,0,0,0,0.002184675957,0,0,0,0,0,0,0,0,0,0,0,0,0,0,0.1247809177,0,0,0.08063990296,0,0.02760909562,0,0,0,0,0.07727540094,0,0.08530872585,0,0,0.05513092467,0,0.01887545638,0,0,0,0,0.05283072216,0,0.2882813,0,0,0.1863023328,0,0,0,0,0,0,0,0,-0.1764401433,0,0,-0.002959070138,0,0,0,0.7468955273,0,0,0,0.4826826458,0,0,0,0,0,0,0,0,0,0,0.4826826458,0,0,0.07083579638,0.7468955273,0,0,0.1982630237,-0.6892406728,-0.2049947167,0,0,0,-0.104882606,0,0,0,0,0,0,0,0,0,-0.7874121243,-0.1401483339,0,0,0,-0.07155753727,0,0,0,0,0,0,0,0,0,-0.3451430507,-0.4745757314,0,0,0,0,0,0,0.1982630237,0,0,0,0.07083579638,0,0
1,2,2,4,1,1500,500,v1,0,3.499270621e-05,0.000265173256,0,0.001210425802,0.003178381689,1.561466967e-06,0.002038396564,0.0003308912553,0.0001066513787,0.0003096020736,0.0003362568669,0.05429796423,0.04953103789,0.02055102889,0.02301827614,0.03273210721,0.08594920067,0.01133075805,0.05512193703,0.008947899177,0.003793620492,0.008372201124,0.009092995039,0,0.008764935023,0.003636677941,0,0.0001674497853,0.001268927431,0.00200507323,7.472051656e-06,0.001583406248,0.000671313151,0.0005103563687,0.001609082185,0,0.02602675017,0.009850765165,0,0,0.003437177099,0.01103339565,0,0.04119819968,0.001818403584,0.001382415716,0.004013063658,0,0.1220908911,0.1113722888,0,0,0.002127712961,0.05175740724,0,0.07359929961,0.02547760984,9.494417162e-05,0.1239436231,-0.2808032284,0,-3.647834816e-05,-0.0003710533519,-0.0004170709651,-0.003450784439,-0.0006621677665,0,0.1097582193,0.2131983455,0.0505044783,0,0.04652927444,0.04877141632,0.009322890699,-0.3376515646,-0.02191322884,-0.05990681475,-0.02396385727,-0.04102382897,-0.09284605123,-0.0177587041,0,0,0.003494550215,0.007452057627,0,0,0.0001559360597,0.00299718087,-0.2278410844,0,-0.008285035482,-0.004275837064,-0.0001745589933,-0.001775593014,-0.003185917904,0.04652927444,0,0.06333004757,0.1932929235,0.1097582193,0,0.1066498744,0.01882842,-0.22609563,0,-0.004779208826,-0.01164521834,0,-0.004819512632,-0.04511739334,0.04877141632,0.0001559360597,0.1066498744,0.01607474211,0.2131983455,0.003494550215,0.06333004757,0.01633544255,-0.1365362252,0,-0.07749922484,-0.1064546576,0,-0.002222620175,-0.07187904801,0.009322890699,0.00299718087,0.01882842,0.01633544255,0.0505044783,0.007452057627,0.1932929235,0.01607474211
1,2,2,4,4,1500,500,v1,0,0.00557338217,0,0,0.01180469436,0,0.008100125245,0.005537781832,0,0,0,0,0.001812238627,0.0006010561586,0.0007250301698,0.0006260933835,0.001171724456,0,0.0002956532392,0.0005496757653,0,0.0005561660697,0,0,0.08136854003,0.01124576347,0.01356531779,0.05977518061,0.01035055089,0,0.005531673455,0.01504306649,0,0.0104058697,0,0,0.245382962,0.1022532587,0.04090890482,0.1802639063,0,0,0.03532652254,0,0,0.03138096283,0,0,0.03734164327,0.01556059426,0.005160904788,0.02743202065,0,0.004750073909,0.005375884257,0,0.01006088744,0.002538595098,0.006903562759,0.004719732505,-0.05307937238,0,-0.01351271003,0,-0.01730821996,0,0,0.1933642841,0.1787256908,0.02534508869,0.08275339381,0.142049802,0.06174626829,0.01246698492,0.06347960706,-0.3102941795,-0.002409657597,-0.0008861642315,-0.00127853863,-0.001717829489,0,0,0.142049802,0,0.03076921511,0,0.1933642841,0,0.04471871785,0,-0.4645515591,0.1339264377,-0.0167431254,-0.02392146391,-0.02534168496,0,0,0.06174626829,0,0.03428081299,0,0.1787256908,0,0.0160817076,0,0.1471717454,-0.4189973379,-0.1372984402,-0.07228866471,0,0,0,0.01246698492,0.04471871785,0.0160817076,0,0.02534508869,0.03076921511,0.03428081299,0,-0.500288732,0.06146150946,-0.02060654162,-0.007578759449,0,-0.01147089365,-0.01454896429,0.06347960706,0,0,0,0.08275339381,0,0,0
1,2,2,4,1,1500,500,v1,0,0,0,0,0,0.606818669,0,0,0,0,0.196352043,0,0,0,0,0,0,0.08350338321,0,0,0,0,0.02701970247,0,0,0,0,0,0,0,0,0,0,0,0,0,0,0,0,0,0,0,0,0,0.06520682843,0,0,0.02109937389,0,0,0,0,0,0,0,0,0,0,0,0,0.1867645647,0,0,0,0,-0.7906234425,0,0,0,0,0,0,0,0,0,-0.7087304454,0,0,0,0,0.1048715676,0,0,0,0,0,0,0,0,0,0,0,0,0,0,0,0,0,0,0,0.684349233,0,0,0,0.2214390837,-0.6857518749,0,0,0,0,0,0.08189299708,0,0,0,0,0,0,0,0,0,0,0,0,0,0,0,0,0,0.2214390837,0,0,0,0.684349233,0
1,2,2,4,3,1500,500,v1,0.02856936989,0,0,0.04645504549,0,0,0,0,0,0,0,0,0,0,0,0,0,0,0,0,0,0,0,0,0,0,0,0,0,0,0,0,0,0,0,0,0,0,0,0,0.2847003711,0,0,0.4629352605,0,0,0,0,0,0,0,0,0.06753122551,0,0,0.1098087275,0,0,0,0,-0.5676841378,0.07118809616,0,0,0,0,0,0,0,0,0,0,0,0,0,0,0,0,0,0,0,0,0,0.2835992588,0,0,0,0.4611448037,0,0,0,0,0,0,0,0,0,0,0.4611448037,0,0,0,0.2835992588,0,0,0.2394598989,0,0,0,-0.7359559406,0,0,0,0,0,0,0,0,0,0,-0.6647678444,0,0,0,0.1682718028,0,0,0,0,0,0,0,0,0,0
1,2,2,4,2,1500,500,v1,0,0,0.009103476924,0,0,0,0,0,0,0.006298943335,0,0,0,0,0.08811530838,0,0,0,0,0,0,0.0525729948,0,0,0,0,0.02305842384,0,0,0.03299667104,0,0,0,0.01375754587,0.02283129434,0,0,0,0.1869846595,0,0,0.2675755873,0,0,0,0.1115622667,0.185142828,0,0,0,0,0,0,0,0,0,0,0,0,0,-0.3980959186,0,0,-0.01156524806,0,0,0,0,0,0,0.1496602134,0,0,0,0.08929306057,-0.2595085109,0,0,0.1002063283,0,0,0,0,0,0,0.3631904189,0,0,0,0.2513013311,-0.629501749,0,0,0.0349334103,0,0.02560498941,0,0,0,0,0,0,0,0,0,0.1491794799,0,0,-0.2944419212,0,-0.423700908,0,0,0,0,0,0,0,0,0,0,0,0,0,0,0,0,0.08929306057,0.2513013311,0,0,0.1496602134,0.3631904189,0,0
1,2,2,4,1,1500,500,v1,0,0,0,0,0.004311210812,0,0,0.02275384239,0,0,0,0,0,0,0,0,0.08550702486,0,0,0.4512916328,0,0,0,0,0,0,0,0,0,0,0,0,0,0,0,0,0,0,0,0,0,0,0,0,0,0,0,0,0,0,0,0,0,0,0,0,0.06947244742,0,0,0.3666638417,-0.114577153,0,0,0,0.02568110128,0,0,0,0,0,0,0,0,0,0,0.4395125434,0,0,0,-0.5284085951,0,0,0,0,0,0,0,0,0,0,0,0,0,0,0,0,0,0,0,0.0212404692,0,0,0,0.1121036083,0,0,0,0,0,0,0,0,0,0,0.1121036083,0,0,0,0.0212404692,0,-0.5027274938,0,0,0,0,0,0.4138314421,0,0,0,0,0,0,0,0
1,2,2,4,3,1500,500,v1,0.0008565768602,0,0,0.0003481406289,0,0,0,0,0,0,0,0,0.0002837176321,0.002044092358,0.0002919569212,0.0001258719094,0,0,0.01422606178,0,0,0.001782037084,0,0,0.2847965237,0.004287691921,0.0006124093794,0.04573631627,0,0,0.02984061358,0,0,0.003738004293,0,0,0.02001259852,4.181943723e-05,4.30338927e-05,0.003213882401,0.00249092636,0,1.85532791e-05,0.001012393295,0,0.0002626688634,0,0,0.4003663693,0.0008366277989,0.006027628516,0.06429601969,0.04983276619,0,0.0003711716389,0.02025365308,0,0.04194987341,0,0,-0.07339107912,-0.001190550194,0,0,0,0,0,0.157333153,0.001734685488,0.01851926324,0.001413052521,0.02526659973,0.0007695967849,0.1288866627,0.008624943999,-0.0879413547,-0.0004047728454,-0.01623640465,-0.002049604281,0,0,0,0.02526659973,0.07954341799,0,0,0.157333153,0.03232902598,0,0,-0.5019277996,0.3136310559,-0.0340575225,-0.004341517237,0,0,0,0.0007695967849,0.03232902598,0,0,0.001734685488,0.07954341799,0,0,-0.2229068543,0.02203881162,-5.941909564e-05,-0.0003008761617,-0.003447979009,0,0,0.1288866627,0,0,0,0.01851926324,0,0,0,0.2802732192,-0.457403036,-0.001205329574,-0.04797669013,-0.06994310011,0,0,0.008624943999,0,0,0,0.001413052521,0,0,0
1,2,2,4,3,1500,500,v1,0,0,0,0,0.1915459448,0,0,0.469960807,0,0,0,0,0.002663757325,0,0,0.00307612841,0.0678809812,0,0,0.1665469908,0,0,0,0,0,0,0,0,0,0,0,0,0,0,0,0,0,0.0008024077791,0,0,0,0,0.0009266269652,0,0,0,0,0,0,0.001071372551,0,0,0,0,0.001237229649,0,0.02730196903,0,0,0.06698578457,-0.3280338658,0,0,0,-0.6614957482,0,0,0,0.001266266561,0,0,0,0.001462294822,0,0,-0.7517567437,-0.005650216192,0,0,-0.2339416951,0,0,0,0,0,0,0,0,0,0,0,0,0,0,0,0,0,0.001462294822,0,0.4297924016,0,0.001266266561,0,1.054502019,0,-0.003459662725,0,0.001640621803,0,0,0,0,0,0,1.054502019,0,0,0,0.4297924016,0,-0.8994470377,0,0.002190553468,0,0,0,-0.09409217074,0,0,0,0,0,0,0,0
1,2,2,4,0,1500,500,v1,0,0,0.1129156756,0,0.1118928331,0.001389820386,0,0.02382701026,0.0002137621255,0.08543681256,0.01311768072,0.003509469512,6.372276812e-05,0.004179152926,0.009867315507,0.0001395983501,0.04769682864,0.0005924420982,0.007408456015,0.0101567973,9.112089837e-05,0.02122472983,0.005591705493,0.001495990059,0.001307900598,0.008410959022,0.01985894937,0.0002773878255,0,0.09687210226,0.01491025121,0,0.0001833898294,0.04271687014,0.07329756122,0.003010828104,0.000986349113,9.671811133e-05,0.01497656407,0.0002091911542,0,0.07305579056,0.0002118817052,0,0.0008992057705,0.03221479297,0.05527712475,0.008487063734,0.0008481930797,8.317099051e-05,0.0054546326,0.0001798901494,0,0,0.0001822038401,0,0.06225392586,0.009669520692,0,0.01325665719,0.1299119428,0,0,-0.1952518394,-0.1335995933,-0.01428072046,-0.003665009299,0.004707923365,0.0003649583316,0.0270369316,0.06697644605,0.0009984859023,0.0007995187808,0.04792883031,0.1440672052,-0.3881123195,-0.0002028993745,-0.01156357272,-0.03102755084,-0.05773361938,-0.006111423066,-0.001568446776,0.0009984859023,0,0,-0.07513082724,0.004707923365,0,0,-0.05684720052,-0.1857110678,-0.001585261225,-0.02332081872,-0.06257466116,0,0.1614664896,-0.003187546334,0.0007995187808,0,0.3298057604,0.00427633915,0.0003649583316,0,0.07023046089,0.04036179314,-0.1508586429,-0.001193060935,-0.0003085923176,-0.04709355551,0,0.1217707016,-0.009366611329,0.04792883031,0,0.07023046089,0.0007252133131,0.0270369316,0,0.3298057604,0.0119062903,-0.229507418,-0.001025950685,-0.0002648263828,-0.01509278317,0,0,-0.07535760152,0.1440672052,-0.05684720052,0.04036179314,0.0119062903,0.06697644605,-0.07513082724,0.00427633915,0.0007252133131
1,2,2,4,2,1500,500,v1,0,0,0,0,0.03403453825,0.002984683477,0,0.04798349197,0,0,0.005010676621,0,0,0,0,0,0.3418730842,0.02998080767,0,0.4819887453,0,0,0.05033167947,0,0,0,0,0,0,0,0,0,0,0,0,0,0,0,0,0,0,0,0,0,0.0001323420786,0,0,0.0002221754382,0,0,0,0,0,0,0,0,0.002264780936,0,0,0.003192994629,-0.9099595187,0,0,0,-0.08184789868,-0.007978775172,0,0,0,0,0,0,0,0,0,-0.09562691038,0,0,0,-0.8238481304,-0.08031115172,0,0,0,0,0,0,0,0,0,0,0,0,0,0,0,0,0,0,0.5671371336,0.04963630351,0,0,0.7995765917,0.08332926003,-0.08828992689,0,0,0,0,0,-0.0003537821345,0,0,0.7995765917,0,0,0,0.5671371336,0,-0.9056960291,0,0,0,0,0,-0.005446454398,0,0,0.08332926003,0,0,0,0.04963630351,0
1,2,2,4,1,1500,500,v1,0.05373543573,0,0,0.188910414,0,0,0,0,0,0,0,0,0,0,0,0,0,0,0,0,0,0,0,0,0,0,0,0,0,0,0,0,0,0,0,0,0,0,0,0,0.007582692788,0,0,0.02665744893,0,0,0,0,0,0,0,0,0.1601381041,0,0,0.5629759045,0,0,0,0,-0.7572710894,-0.2421425289,0,0,0,0,0,0,0,0,0,0,0,0,0,0,0,0,0,0,0,0,0,0.3319895647,0,0,0,1.167130863,0,0,0,0,0,0,0,0,0,0,1.167130863,0,0,0,0.3319895647,0,0,-0.9652445016,0,0,0,-0.03416911675,0,0,0,0,0,0,0,0,0,0,-0.2763116457,0,0,0,-0.7231019727,0,0,0,0,0,0,0,0,0,0
1,2,2,4,1,1500,500,v1,0,0,0,0,0,0,0,0,0,0,0,0,0,0,0,0,0,0,0,0,0,0,0,0,0.09274555117,0,0,0.02356742459,0,0,0,0,0,0,0,0,0.02462438788,0,0,0.006257264064,0,0,0,0,0,0,0,0,0.680009292,0,0,0.1727960803,0,0,0,0,0,0,0,0,0,0,0,0,0,0,0,1.195686692,0,0,0,0.3038340448,0,0,0,0,0,0,0,0,0,0,0.3038340448,0,0,0,1.195686692,0,0,0,-0.8836087856,-0.1160717056,0,0,0,0,0,0,0,0,0,0,0,0,0,-0.9688628976,-0.03081759355,0,0,0,0,0,0,0,0,0,0,0,0,0,-0.1468892991,-0.852791192,0,0,0,0,0,0,0,0,0,0,0,0,0
1,2,2,4,0,1500,500,v1,0.003250746121,0.1004681179,0.000283408415,0.02476166037,0,0,0.06147281821,0,0,0.004018807649,0,0,5.643771884e-05,0.05304055363,0.0649392912,0.00140303656,0,0,0.04993382817,0,0,0.02179367803,0,0,0.01750623683,0.06671606355,0.08168266697,0.01055519909,0.0547568205,0.0001544623711,0.06280832731,0.03350372379,0,0.02741276833,0.00219031802,0,0.02694212362,0.0001092523637,0.1257097417,0.01624446656,0.002726666573,0.0002377178108,0.002716003829,0.02076962922,0,0.04218828981,0.003370902578,0,0.001083614,4.394137319e-06,0.004129640264,0.0006533535232,0.0001096667105,0.003389378189,0.0001092378543,0.0008353558657,0,0.003887756315,0.002073838284,0,0.05863179814,-0.02757431822,-0.1594110609,-0.00423494077,0,0,0,0.06823944688,0.0002549343274,0.1856498347,0.4080382016,0.04114424058,0.006337644072,0.1747756721,0.1369379417,-0.4172254331,-0.001456446965,-0.1027612143,-0.08655305806,0,0,0,0.04114424058,0.009043891165,0.06558847679,0.001003265709,0.06823944688,0.06888934508,0.0401312236,0.0142265802,-0.572192711,-0.0280032384,-0.129521691,-0.1088691445,0.08374740174,-0.002317206163,0,0.006337644072,0.06888934508,0,0,0.0002549343274,0.009043891165,0,0,-0.2617890231,-0.04318585541,-0.002825209018,-0.1678952264,-0.02344726336,-0.003601083676,0,0.1747756721,0.0401312236,0,0,0.1856498347,0.06558847679,0,0,-0.4344388958,-0.001733364499,-0.0001133962826,-0.008000765942,-0.0009339092542,0.005183858852,0,0.1369379417,0.0142265802,0,0,0.4080382016,0.001003265709,0,0
1,2,2,4,3,1500,500,v1,0,0.08948336719,0.007921046969,0,0.01125744284,0,0.1572418144,0.03343134559,0.04428674816,0.006117942244,0,0.02803986984,0,0.0004156746752,0,0,0.01024264578,0,0.001784628377,0.03041769215,0.0402945394,0,0,0.02551222854,0.01219253796,0.0003413429909,0,0.0006504139347,0.06685780968,0.005918237851,0.001465497959,0.1174837697,0.03308899824,0,0.004571041871,0.02095008648,0.007323663452,0,0,0.0003906826271,0,0.00355489418,0,0,0,0,0.002745677101,0,0.0123833955,0,0.0003466862495,0.000660595277,0,0.06790437742,0,0,0.008542700968,0.001488438329,0.1193228177,0.02536934829,-0.5730057492,0,-0.2467207021,-0.002757501733,-0.04468786655,0,-0.07232498513,0.005314062951,0,0.001653403337,0,0.0002834798345,0,0.00709861126,0,-0.2084159855,0,-0.002200260651,0,-0.0405761476,0,-0.06567063815,0.0002834798345,0,0.3359466609,0.009266803239,0.005314062951,0,0.5903318522,0.007157357514,-0.5901858213,0.001913855139,-0.001803095108,0,-0.183959319,-0.001996063768,-0.05392700441,0,0,0.04500542816,0,0,0,0.1336531635,0,-0.002368580847,-0.006116679844,0,0,0,-0.006195875001,0,0.00709861126,0.5903318522,0.1336531635,0.1762759909,0.001653403337,0.3359466609,0.04500542816,0.1116079506,-0.5241502157,0.0004711295148,0,-0.001831320639,0,-0.1868389876,-0.03384171362,0,0.007157357514,0,0.1116079506,0,0.009266803239,0,0.1762759909
1,2,2,4,4,1500,500,v1,0,0,0,0,0.1916065971,0,0,0.4916407921,0,0,0,0,0,0,0,0,0.003898953618,0,0,0.01000427268,0,0,0,0,0,0,0,0,0,0,0,0,0,0,0,0,0,0,0,0,0,0,0,0,0,0,0,0,0,0,0,0,0,0,0,0,0.08492961833,0,0,0.2179197662,0.300555687,0,0,0,-0.6725735638,0,0,0,0,0,0,0,0,0,0,-0.3852101718,0,0,0,0.01319229488,0,0,0,0,0,0,0,0,0,0,0,0,0,0,0,0,0,0,0,0.1564903443,0,0,0,0.401536471,0,0,0,0,0,0,0,0,0,0,0.401536471,0,0,0,0.1564903443,0,-0.659381269,0,0,0,0,0,0.2873633921,0,0,0,0,0,0,0,0
1,2,2,4,2,1500,500,v1,0,0,0,0,0,0,0,0,0.08605175733,0,0,0.02779472111,0,0,0,0,0,0,0,0,0.03470018549,0,0,0.01120816132,0,0,0,0,0,0,0,0,0.6351059327,0,0,0.2051392421,0,0,0,0,0,0,0,0,0,0,0,0,0,0,0,0,0,0,0,0,0,0,0,0,-0.783557865,0,0,0,0,0,0.1080250211,0,0,0,0,0,0,0,0,-0.7190937006,0,0,0,0,0,0.0435608567,0,0,0,0,0,0,0,0,0.1515858778,0,0,0,0,0,-0.8271187217,0,0,0,0,0,0,0,0,0,0,0,0,0,0,0,0,0,0,0.7659102303,0,0,0,0.2473890355,0,0,0,0,0,0,0,0,0,0,0.2473890355,0,0,0,0.7659102303
1,2,2,4,4,1500,500,v1,0.01227988645,0,0,0.3397273668,0,0,0,0,0,0,0,0,0,0,0,0,0,0,0,0,0,0,0,0,0,0,0,0,0,0,0,0,0,0,0,0,0,0,0,0,0.004047528339,0,0,0.1119762915,0,0,0,0,0,0,0,0,0.01855790742,0,0,0.5134110195,0,0,0,0,-0.413567353,0.3340075911,0,0,0,0,0,0,0,0,0,0,0,0,0,0,0,0,0,0,0,0,0,0.004163201893,0,0,0,0.1151764409,0,0,0,0,0,0,0,0,0,0,0.1151764409,0,0,0,0.004163201893,0,0,-0.1896507876,0,0,0,0.1100910257,0,0,0,0,0,0,0,0,0,0,0.4440986168,0,0,0,-0.5236583787,0,0,0,0,0,0,0,0,0,0
1,2,2,4,2,1500,500,v1,0.08984209536,0,0,0.3033341601,0,0,0,0,0,0,0,0,0,0,0,0,0,0,0,0,0,0,0,0,0,0,0,0,0,0,0,0,0,0,0,0,0,0,0,0,0.1348062357,0,0,0.455146734,0,0,0,0,0,0,0,0,0.00385502873,0,0,0.0130157461,0,0,0,0,-0.6067787168,-0.3923608311,0,0,0,0,0,0,0,0,0,0,0,0,0,0,0,0,0,0,0,0,0,0.342460048,0,0,0,1.156249274,0,0,0,0,0,0,0,0,0,0,1.156249274,0,0,0,0.342460048,0,0,-0.4091966105,0,0,0,-0.5899429373,0,0,0,0,0,0,0,0,0,0,-0.9823037684,0,0,0,-0.01683577946,0,0,0,0,0,0,0,0,0,0
1,2,2,4,4,1500,500,v1,0.03964618103,0,1.335997461e-05,0.09008922292,0.04502349774,0.0006781913935,0,0.008648225812,0.03744676091,0.0003575387021,0.0001167062024,0.116069814,0.001331401975,0,0.01320110489,0.002720996306,0.002577668966,3.882756772e-05,0,0.0004951250881,0.002143888376,0.0810924366,6.681621181e-06,0.006645186898,0,0,0.05608701229,0,0,3.249717199e-06,0,0,0.009108653762,0.3445342285,8.696870345e-05,0.02823314279,0,0.001314036818,0.01302892604,0,0.002240204208,7.549042695e-07,0.002685507004,0.005090484153,3.832114907e-05,0.0800347674,2.020269504e-05,6.594474399e-06,0,0.0008365776304,0,0,0.001426219343,0,0.001709720043,0.003240841589,0.001619661256,0,0,0.0003111085763,-0.03668215907,-0.127789279,0,-0.0003708925095,-0.05329215849,-0.0007948843785,-0.1535140222,0,0.005174720951,0,0.1233925518,0,0.010575613,0,0.7579822117,-0.7433156043,-0.004042489245,0,-0.09409794663,-0.0027993164,-4.541478834e-05,-0.008770843931,0,0.0536192832,0,2.60341006e-05,0,0.121840728,0,0.0006967227719,-0.3496452691,0,0,-0.4006145794,0,-9.003127888e-05,-0.03726433776,0.010575613,0.121840728,0.06864528039,0.001132753204,0.005174720951,0.0536192832,0.01318555678,0.0001949292279,-0.6259234726,0,-0.003951363815,-0.09287064967,0.006387524081,-2.091412657e-05,-4.482245415e-05,0,0,0.01318555678,0.07301300854,0,0,0.06864528039,0.2263107973,-0.1854870829,0,-0.002506369572,0,0.004428414147,0,0.001537583441,0.7579822117,0.0006967227719,0.0001949292279,0.2263107973,0.1233925518,2.60341006e-05,0.001132753204,0.07301300854
1,2,2,4,1,1500,500,v1,0.1223070608,0,6.941921045e-05,0.03033088254,0,0.0002255419806,0,0,0,0.002613437942,0.001939596181,0,0,0,0,0,0,0.006956564072,0,0,0,0,0.05982445072,0,0,0,0,0,0,0.0003716431383,0,0,0,0,0.01399131843,0,0,0,0,0,0.02039635032,1.157658867e-05,0,0.005058083332,3.761216415e-05,0,0.0004358259895,0.0003234537966,0,0,0,0,0.5890330866,0,0,0.1460740961,0,0,0,0,-0.8407009372,-0.1523213236,0,-0.002677292052,0,0.002054425387,0,0,0,0,0,0,0,0,0,0.002397028501,0,0,0,0,-0.06573775041,0,0,1.097146037,0,0.00067869712,0,0.2720808377,0,0.02555103686,-0.003123766574,0,0,0,0,-0.01436272274,0,0,0.2720808377,0,0.009897284245,0,1.097146037,0,0.08511379862,-0.968139623,0,0,0,-0.02540163304,-0.0004464745226,0.0003426031139,0,0,0,0,0,0,0,0,-0.1777229567,0,0,0,-0.7350949595,0,0,0,0.02555103686,0.08511379862,0,0,0.00067869712,0.009897284245,0
1,2,2,4,3,1500,500,v1,0,0,0,0,0,0.004008809834,0,0,0,0,0.005465939353,0,0,0,0.001250528897,0,0,0.001152257276,0,0,0,0.0002472107831,0.001571081855,0,0,0,0.0001821935805,0,0,0,0,0,0,3.601693477e-05,0,0,0,0,0.2921359787,0,0,0,0,0,0.2691787514,0.05775089585,0,0.3670203355,0,0,0,0,0,0,0,0,0,0,0,0,-0.6236761934,0,0,0,0,0.00899026474,0,0,0,0,0.4334959379,0,0,0,0.08569562354,-0.9619031288,0,0,-0.001494590636,0,0.002584083153,0,0,0,0,0,0,0,0,0,-0.3459120632,0,0,-0.0002156443927,0,0,0,0,0,0,0.3901146533,0,0,0,0.5319142398,0.009864112865,0,0,-0.3444174726,0,0,-0.6262602766,0,0,0,0,0,0,0,0,0,0,0,0,0,0,0,0.08569562354,0,0.5319142398,0,0.4334959379,0,0.3901146533,0
1,2,2,4,1,1500,500,v1,0,0,0,0,0,0,0,0,0.5555154067,0,0,0.04498795152,0,0,0,0,0,0,0,0,0.1441049047,0,0,0.01167021542,0,0,0,0,0,0,0,0,0.2254626197,0,0,0.01825890206,0,0,0,0,0,0,0,0,0,0,0,0,0,0,0,0,0,0,0,0,0,0,0,0,0.3790686664,0,0,0,0,0,-0.5911221839,0,0,0,0,0,0,0,0,-0.3598631894,0,0,0,0,0,0.147809672,0,0,0,0,0,0,0,0,-0.4433125119,0,0,0,0,0,0.2312589944,0,0,0,0,0,0,0,0,0,0,0,0,0,0,0,0,0,0,0.2942506342,0,0,0,0.023829642,0,0,0,0,0,0,0,0,0,0,0.023829642,0,0,0,0.2942506342
1,2,2,4,0,1500,500,v1,0.001682572369,0,0,0.06696570458,0,0,0,0,0,0,0,0,0,0,0,0,0,0,0,0,0,0,0,0,0,0,0,0,0,0,0,0,0,0,0,0,0,0,0,0,0.0122453843,0,0,0.4873613776,0,0,0,0,0,0,0,0,0.0105820885,0,0,0.4211628727,0,0,0,0,-0.08213255979,0.06513799695,0,0,0,0,0,0,0,0,0,0,0,0,0,0,0,0,0,0,0,0,0,0.0006248062542,0,0,0,0.024867038,0,0,0,0,0,0,0,0,0,0,0.024867038,0,0,0,0.0006248062542,0,0,0.474797941,0,0,0,-0.4917925038,0,0,0,0,0,0,0,0,0,0,-0.4266545068,0,0,0,0.409659944,0,0,0,0,0,0,0,0,0,0
1,2,2,4,1,1500,500,v1,0,0,0,0,0,0,0,0,0,0,0,0,0.06371335352,0,0,0.01389680278,0,0,0,0,0,0,0,0,0.1185482214,0,0,0.2546218328,0,0,0,0,0,0,0,0,0.073603279,0.1144507163,0,0.1580875831,0,0,0.02496335455,0,0,0,0,0,0.03532649747,0.05493156007,0,0.07587543219,0,0,0.01198136677,0,0,0,0,0,0,0,0,0,0,0,0,0.3408750933,0.0001269807061,0,0,0.7321429468,2.769632633e-05,0,0,-0.0737447329,0.07364161488,0,0,0,0,0,0.7321429468,0,0,0,0.3408750933,0,0,0,-0.3421815423,-0.3731638177,0,0,0,0,0,2.769632633e-05,0,0,0,0.0001269807061,0,0,0,-0.3470020824,-0.2312102809,-0.1372361147,0,0,0,0,0,0,0,0,0,0,0,0,-0.6679685985,-0.1109712614,0.06349138182,0,0,0,0,0,0,0,0,0,0,0,0
1,2,2,4,4,1500,500,v1,0.002609430734,0,0,8.409464493e-05,0.02675210693,0,0,0.004821744958,0,0,0,0,0,0,0,0,0.01523817932,0,0,0.002746498229,0,0,0,0,0,0,0,0,0,0,0,0,0,0,0,0,0,0,0,0,0.2719170311,0,0,0.008763124416,0,0,0,0,0,0,0,0,0.05079662731,0,0,0.001637033044,0.5207713652,0,0,0.09386276418,-0.8242867366,-0.001650081947,0,0,0.01806504049,0,0,0,0,0,0,0,0,0,0,-0.5869611976,0,0,0,0.01032360755,0,0,0,0.3360222266,0,0,0,0.01082905534,0,0,0,0,0,0,0,0,0,0,0.01082905534,0.7328660538,0,0,0.3360222266,0.1320903313,0,0.03216244421,0,0,0,-0.2633966322,0,0,0,0,0.1320903313,0,0,0,0.7328660538,0,-0.2366580661,0,0,0,0.03381252616,0,-0.6050262381,0,0,0,0,0,0,0,0
1,2,2,4,4,1500,500,v1,0,0,0.01526541567,0,0,0,0,0,0,0.001507824727,0,0,0,0,0.3524847015,0,0,0,0,0,0,0.1863891678,0,0,0,0,0.2645781431,0,0,0.03331013306,0,0,0,0.1399053624,0.00329017194,0,0,0,0.001960913164,0,0,0.0002468770762,0,0,0,0.001036904499,2.438501303e-05,0,0,0,0,0,0,0,0,0,0,0,0,0,-0.03687039393,0,0,-0.01673844821,0,0,0,0,0,0,0.9276968571,0,0,0,0.4905539539,-0.4066374176,0,0,-0.538863123,0,0,0,0,0,0,0.0731845402,0,0,0,0.007228723014,-0.5588638699,0,0,-0.4036458184,0,-0.03659969452,0,0,0,0,0,0,0,0,0,-0.9958470842,0,0,-0.002991599233,0,-0.0002706994052,0,0,0,0,0,0,0,0,0,0,0,0,0,0,0,0,0.4905539539,0.007228723014,0,0,0.9276968571,0.0731845402,0,0
1,2,2,4,1,1500,500,v1,0.05389504334,0.02895275491,0.06118710573,0.09155152566,0,0,0.01412214069,0,0,0.007841708737,0,0,0.04088070371,0.006805272916,0,0.0004791752191,0,0,0.006359391676,0,0,0,0,0,0.1361953176,0.0229692975,0,0.1080206562,0.02365621223,0.04999369363,0.02146434995,0.01153867251,0,0,0.006407166665,0,0.00526128141,0.00533027829,0,0.004172882592,0.001701114294,0.001931277047,6.247782047e-05,0.002889683342,0,0,0.0002475114963,0,0.0669146483,0.06779217254,0.0112851344,0.05307204639,0.02163531198,0.01162262513,0.0007946127679,0.0367519107,0,0.01054573279,0.005669109823,0,-0.1736834432,-0.1454441468,-0.04307405631,-0.06902757407,0,0,0,0.3123288937,0.04083019571,0.02838950492,0,0.2477175669,0.0004785832853,0.02652942657,0,-0.09667620896,0.02003335064,0.01249105133,0,0,0,0,0.2477175669,0.1157732494,0.09623689555,0.1695050219,0.3123288937,0.1966640488,0.04694095829,0.02172365664,-0.2531394352,-0.2442119041,-0.0441573546,0,-0.03512197986,-0.0562839426,0,0.0004785832853,0.1966640488,0,0,0.04083019571,0.1157732494,0,0,-0.7215211076,-0.009414594539,0.001010435231,0,-0.004581274858,-0.002174269042,0,0.02652942657,0.04694095829,0,0,0.02838950492,0.09623689555,0,0,-0.4924704738,-0.1197378085,-0.04858297187,-0.004946317727,-0.05826611048,-0.01725586638,0,0,0.02172365664,0,0,0,0.1695050219,0,0
1,2,2,4,4,1500,500,v1,0,0,0,0,0,0,0,0,0.3063940058,0,0,0.01448700331,0,0,0,0,0,0,0,0,0.3578178244,0,0,0.01691843805,0,0,0,0,0,0,0,0,0.2906405827,0,0,0.01374214574,0,0,0,0,0,0,0,0,0,0,0,0,0,0,0,0,0,0,0,0,0,0,0,0,-0.6784777347,0,0,0,0,0,-0.3202182687,0,0,0,0,0,0,0,0,-0.6239708552,0,0,0,0,0,-0.3747251482,0,0,0,0,0,0,0,0,-0.6949434168,0,0,0,0,0,-0.3037525866,0,0,0,0,0,0,0,0,0,0,0,0,0,0,0,0,0,0,1.430410882,0,0,0,0.06763312322,0,0,0,0,0,0,0,0,0,0,0.06763312322,0,0,0,1.430410882
1,2,2,4,4,1500,500,v1,0.188370481,0,0,0.02954206846,0,0,0,0,0,0,0,0,0,0,0,0,0,0,0,0,0,0,0,0,0,0,0,0,0,0,0,0,0,0,0,0,0,0,0,0,0.03573223437,0,0,0.005603872265,0,0,0,0,0,0,0,0,0.6403288259,0,0,0.100422518,0,0,0,0,-0.6899567829,0.206769748,0,0,0,0,0,0,0,0,0,0,0,0,0,0,0,0,0,0,0,0,0,0.62652317,0,0,0,0.09825738236,0,0,0,0,0,0,0,0,0,0,0.09825738236,0,0,0,0.62652317,0,0,-0.5224094496,0,0,0,0.03922241472,0,0,0,0,0,0,0,0,0,0,0.2459921627,0,0,0,-0.7291791976,0,0,0,0,0,0,0,0,0,0
1,2,2,4,4,1500,500,v1,0,0,0,0,0,0.01985633992,0,0,0.000117557844,0,0.003993279742,0.0003650526788,0.004792589718,0.000345058678,0.001992581598,0.001148200599,0,0.007337841481,0.001023864669,0,4.344309311e-05,0.004153027292,0.001475702665,0.0001349039501,0.05861566972,0.001156554523,0.006678659039,0.06351010342,0,0,0.003431750568,0,0.0001456109034,0.01391995856,0,0.0004521659172,0.1016714669,0.02786305723,0.01158442895,0.1101610782,0,0,0.006675384475,0,0.04266058835,0.02414478265,0,0.008579409093,0.1886759148,0.05170661909,0.003722792619,0.204430435,0,0,0.012387785,0,0,0.01104634103,0,0,-0.06081014802,0,0,0,0,-0.02380014896,-0.0004816104535,0.05045612235,0.1251589098,0.0077395965,0.03035623419,0.05466923034,0.0299853668,0.02296508115,0.06326981658,-0.2490787248,-0.005870927525,-0.001352825018,-0.006132860937,0,-0.008795262046,-0.0001779770946,0.05466923034,0,0,0,0.05045612235,0,0,0,-0.2443766813,0.1158809601,-0.004578696465,-0.02055589053,0,0,-0.0005977656189,0.0299853668,0,0,0.1046964748,0.1251589098,0,0,0.02105535664,-0.3993317761,0.2010006342,-0.03446610668,-0.03572861571,0,0,-0.05123914326,0.02296508115,0,0,0.0004594128359,0.0077395965,0,0,0.001426616915,0.2706130385,-0.3869651627,-0.06309248351,-0.01453826362,0,0,0,0.06326981658,0,0.02105535664,0.001426616915,0.03035623419,0,0.1046964748,0.0004594128359
1,2,2,4,1,1500,500,v1,0,0,0,0,0,0,0,0,0.01325968598,0,0,0.001259395311,0,0.02908731887,0.2755412467,0,0,0,0.03213221522,0,0.03806850622,0.2267393858,0,0.003615718978,0,0.006291251615,0.0595963939,0,0,0,0.006949827578,0,0.008233778861,0.04904111423,0,0.0007820383156,0,0,0.1326237481,0,0,0,0,0,0,0.1091343948,0,0,0,0,0.003631894176,0,0,0,0,0,0,0.004012085329,0,0,-0.04994241334,0,0,0,0,0,-0.01448867753,0,0,0.05774981232,0.1332683798,0,0,0.06379515597,0.109664854,0.2883125219,0,-0.06026255505,-0.4944339054,0,0,-0.04103262031,0,0,0,0,0,0,0,0,-0.3883758432,0,-0.01321333035,0.1030824077,0,0,-0.008909793024,0,0,0,0,0,0,0,0,-0.3913514977,0,0,0.2293960085,0,0,0,0.06379515597,0,0,0.08826344028,0.05774981232,0,0,0.008383196018,-0.07347588541,0,0,-0.007554093452,0,0,0,0.109664854,0,0,0.008383196018,0.1332683798,0,0,0.08826344028
1,2,2,4,3,1500,500,v1,0.08352251342,0,0,0.04290120434,0,0,0,0,0,0,0,0,0,0,0,0,0,0,0,0,0,0,0,0,0,0,0,0,0,0,0,0,0,0,0,0,0,0,0,0,0.4247397228,0,0,0.2181668737,0,0,0,0,0,0,0,0,0.1523931764,0,0,0.07827650934,0,0,0,0,-0.4139884383,0.1199591324,0,0,0,0,0,0,0,0,0,0,0,0,0,0,0,0,0,0,0,0,0,0.2913780787,0,0,0,0.1496658803,0,0,0,0,0,0,0,0,0,0,0.1496658803,0,0,0,0.2913780787,0,0,0.3388336885,0,0,0,-0.6328629944,0,0,0,0,0,0,0,0,0,0,-0.5129038621,0,0,0,0.2188745561,0,0,0,0,0,0,0,0,0,0
1,2,2,4,3,1500,500,v1,0,0,0.0007841548565,0,0.01597434252,0.02270142233,0,0.01673511058,0.1148556195,0.001170650866,0.1446438845,0.06574691195,0.005316376976,0,0.05593627162,0.002201643415,0.009154501352,0.01300962472,0,0.009590478742,0.06582092016,0.01828879263,0.08289183947,0.03767793218,0,0,0.0498031329,0,0,0.0004001074933,0,0,0.05860397805,0.01628351593,0.0005973133743,0.03354673112,0,0.004413520921,0.04643686973,0,0,0.0003730636701,0.001827748355,0,0.01080025949,0.01518289039,0.0005569401307,0.06881469643,0,0.001995691649,0,0,0,0,0.0008264653538,0,0.003436468479,0,0,0.003600128137,-0.1936723311,0,0,-0.001950807902,-0.03270890738,-0.1260025058,-0.180599522,0,0.01743305315,0,0.06473030946,0,0.007219459245,0,0.02116407611,-0.4705906305,-0.007502607215,0,0.001631629405,-0.01870609808,-0.006328214919,-0.1032841651,0,0,0,0.002317750763,0,0,0,0.003460128807,-0.3457719743,0,0,0.001759135217,0,-0.0009856914222,-0.09195956039,0.007219459245,0,0.04280839254,0.01969766321,0.01743305315,0,0.04484711635,0.1255051883,-0.1421680315,0,-0.006143432182,-0.06065368834,0,-0.0009154203888,0.03552881968,0,0,0.04484711635,0.3585307662,0,0,0.04280839254,0.2052341051,-0.06506104486,0,-0.002788968865,0,0,0,-0.007022000472,0.02116407611,0.003460128807,0.1255051883,0.2052341051,0.06473030946,0.002317750763,0.01969766321,0.3585307662
1,2,2,4,1,1500,500,v1,0,0,0,0,0,0,0,0,0,0,0,0,0,0.004486099554,0.02718841291,0,0,0,0.1499962302,0,0,0.07716731243,0,0,0,0.009316233447,0.05646187711,0,0,0,0.3114955162,0,0,0.1602525063,0,0,0,0,0.03981407707,0,0,0,0,0,0,0.1130020106,0,0,0,0,0.00147578265,0,0,0,0,0,0,0.04934394151,0,0,0,0,0,0,0,0,0,0,0,0.007593047182,0.04440834595,0,0,0.2538794692,0.1260416665,-0.4389055165,0,0.05242697871,0.09853018526,0,0,0,0,0,0,0,0,0,0,0,0.1504654836,0,-0.2239828124,-0.2144310237,0,0,0,0,0,0,0,0,0,0,0,-0.1159008384,0,0,0.002267496821,0,0,0,0.2538794692,0,0,0,0.007593047182,0,0,0,-0.1715558337,0,0,-0.002759177227,0,0,0,0.1260416665,0,0,0,0.04440834595,0,0,0
1,2,2,4,3,1500,500,v1,0,0.02220915628,0,0,0,0,0.4606220572,0,0,0,0,0,0,0,0,0,0,0,0,0,0,0,0,0,0,0,0,0,0.004173426352,0,0,0.08655764349,0,0,0,0,0,0,0,0,0,0,0,0,0,0,0,0,0,0,0,0,0,0.01961518151,0,0,0,0,0.4068225351,0,-0.5160963781,0,-0.4828227724,0,0,0,0,0,0,0,0,0,0,0,0,0,0,0,0,0,0,0,0,0,0.06892202,0,0,0,1.429456706,0,-0.9083762858,0,0,0,-0.09054286468,0,0,0,0,0,0,0,0,0,0,0,0,0,0,0,0,0,0,1.429456706,0,0,0,0.06892202,0,0,-0.5733656371,0,0,0,0,-0.4255535134,0,0,0,0,0,0,0,0,0
1,2,2,4,0,1500,500,v1,0,0,0,0,0,0,0,0,0,0,0,0,0,0,0.1278274754,0,0,0,0,0,0,0.3015758181,0,0,0,0,0.0624843483,0,0,0,0,0,0,0.147415635,0,0,0,0,0.1073744711,0,0,0,0,0,0,0.2533222522,0,0,0,0,0,0,0,0,0,0,0,0,0,0,0,0,0,0,0,0,0,0,0,0,0.4459977363,0,0,0,1.052215431,-0.5694156345,0,0,-0.4293931437,0,0,0,0,0,0,0,0,0,0,0,-0.7893441935,0,0,-0.2094645848,0,0,0,0,0,0,0,0,0,0,0,-0.6388577285,0,0,-0.3599510498,0,0,0,0,0,0,0,0,0,0,0,0,0,0,0,0,0,0,1.052215431,0,0,0,0.4459977363,0,0,0
1,2,2,4,1,1500,500,v1,0.002812367078,0,0,0.0002301183983,0.0145509729,0.002753592679,0,0.01368351638,0,0,0.01207500747,0,0.06924131426,0.006852607552,0.3555027895,0.0754468761,0.01135871872,0.002149497833,0.00141222914,0.01068156849,0,0.06589167099,0.009425941095,0,0.00703509713,0.0006367515087,0.0330336935,0.003192671893,0,0,0.0001312258186,0,0,0.006122723444,0,0,0.03085842682,0.02822169594,0.1448974754,0.01400418931,0.0008948023677,0,0.03075098761,7.32160781e-05,0.0008761022941,0.0268564328,0,0.00384186878,0.003820282293,0.003493854236,0.0003457763935,0.001733722744,0.0001107767956,0,0.003806981287,9.064171946e-06,0.0005731506967,7.125980806e-05,0,0.0005389823074,-0.03994663646,-0.003042434882,0,0,-0.02817883267,-0.01479823295,0,0.06253616343,0.1496614355,0.01158390226,0.2716744094,0.02838019826,0.1630744561,0.002387289098,0.05035426242,0.08413354727,-0.142426433,-0.008135641537,-0.414811356,-0.02169476198,-0.0113939571,0,0.02838019826,0.005723720378,0,0,0.06253616343,0.0004683362159,0,0,-0.3107920933,-0.01020655337,-0.0007663517349,0.03715418189,0,0,0,0.1630744561,0.0004683362159,0.03941235594,0.008594326963,0.1496614355,0.005723720378,0.03706277516,0.03768769079,-0.5724018409,-0.04486187016,-0.05884918256,0.1629713929,-0.0009660104684,0,-0.004662488451,0.002387289098,0,0.03706277516,0,0.01158390226,0,0.03941235594,0,-0.3191280724,-0.00554248426,-0.007214978806,-0.0004121342973,-0.0001195923792,0,-0.001109826086,0.05035426242,0,0.03768769079,0,0.2716744094,0,0.008594326963,0
1,2,2,4,4,1500,500,v1,0,0.152659561,0,0,0,0,0.5761113155,0,0,0,0,0,0,0,0,0,0,0,0,0,0,0,0,0,0,0,0,0,0.05153505811,0,0,0.1944845768,0,0,0,0,0,0,0,0,0,0,0,0,0,0,0,0,0,0,0,0,0,0.005280767366,0,0,0,0,0.01992872123,0,0.2573600156,0,-0.7173858854,0,0,0,0,0,0,0,0,0,0,0,0,0,0,0,0,0,0,0,0,0,0.1445461453,0,0,0,0.5454926594,0,-0.6934654658,0,0,0,0.233439596,0,0,0,0,0,0,0,0,0,0,0,0,0,0,0,0,0,0,0.5454926594,0,0,0,0.1445461453,0,0,-0.4839462894,0,0,0,0,0.02392041963,0,0,0,0,0,0,0,0,0
1,2,2,4,1,1500,500,v1,0,0,0,0,0,0,0,0,0,0,0,0,0.1275422961,0,0,0.2427764687,0,0,0,0,0,0,0,0,0,0,0,0,0,0,0,0,0,0,0,0,0,0.1200746885,0,0,0,0,0.2285618948,0,0,0,0,0,0,0.0967952035,0,0,0,0,0.1842494484,0,0,0,0,0,0,0,0,0,0,0,0,0,-0.1203465543,0,0,0,-0.2290793908,0,0,0.5974625753,-0.3645119452,0,0,0,0,0,0,0,0,0,0,0,0,0,0,0,0,0,0,0,0,-0.2290793908,0,0,0,-0.1203465543,0,0,0,-0.09783832793,0,0.330788958,0,0,0,0,0,0,0,0,0,0,0,0,-0.03372298718,0,0.2666736173,0,0,0,0,0,0,0,0,0,0,0,0
1,2,2,4,0,1500,500,v1,0,0,0.0204099932,0,0.004672788606,0.1100621584,0,0.01008463247,0.08785752694,0.02224044544,0.005363812256,0.05111510638,0.01137636614,0,0.0004361818158,0.0009736137824,0.0006420162582,0.01512195417,0,0.001385574772,0.0120711561,0.0008969144326,0.0007369592261,0.00702294328,0,0,0.000182652053,0,0,0.001174274835,0,0,0.005054822015,0.0003755848057,0.001279588638,0.002940872274,0,0.01896718944,0.0007272219464,0,0,0.00467532895,0.001623252699,0,0.02521200231,0.001495376093,0.005094631703,0.001228691576,0,0.449037548,0,0,0,0,0.03842959519,0,0.02534108016,0,0,0.05469014361,-0.08098728515,0,0,-0.04198372826,-1.498798955e-05,-0.1136216448,-0.1367988748,0,0.7189660423,0,0.002017140088,0,0.06153065391,0,0.00414781621,-0.8191028935,-0.01232436213,0,-0.001330331127,-0.001279600518,0.009406379655,-0.01905408986,0,0,0,0.03887865542,0,0,0,0.04236543225,-0.2111392107,0,0,-0.0005570788975,0,-0.002429371048,-0.007901674033,0.06153065391,0,0.03178003472,0.1266948009,0.7189660423,0,0.06858449559,0.006174404607,-0.6502991743,0,-0.02054773099,-0.002222560841,0,-0.009749625807,0.01563579482,0,0,0.06858449559,0.1552868632,0,0,0.03178003472,0.09034509476,-0.03416668163,0,-0.4874590377,0,0,0,-0.06561509836,0.00414781621,0.04236543225,0.006174404607,0.09034509476,0.002017140088,0.03887865542,0.1266948009,0.1552868632
1,2,2,4,2,1500,500,v1,0,0.002228060164,0.09345615606,0,0,0,0.07090069646,0,0,0.2295245698,0,0,0,0,0,0,0,0,0,0,0,0,0,0,0,0,0,0,7.513133109e-05,0.003151389498,0,0.002390807836,0,0,0.007739686174,0,0,0,0,0,0,0.1618052045,0,0,0,0,0.3973870906,0,0,0,0,0,0,0.0009548924314,0,0,0,0,0.0303863152,0,-0.5735219096,0,-0.07297921354,0.3064653258,0,0,0,0,0,0,0,0,0,0,0,0,0,0,0,0,0,0,0,0,0.004861666121,0.1014147966,0,0,0.1547065613,0.2490706719,-0.3479430022,0,0,0,-0.002426963557,0.01033416839,0,0,0,0,0,0,0,0,0,0.3167994942,0,0,0,0,-0.5504564733,0,0,0.1547065613,0,0,0,0.004861666121,0,0,-0.07540617709,0,0,0,0,-0.03097264121,0,0,0.2490706719,0,0,0,0.1014147966,0,0
1,2,2,4,1,1500,500,v1,0,0,0,0,0,0,0,0,0,0,0,0,0,0,0.1482535029,0,0,0,0,0,0,0.04852398585,0,0,0,0,0.5484153134,0,0,0,0,0,0,0.1794986046,0,0,0,0,0.05673800807,0,0,0,0,0,0,0.01857058516,0,0,0,0,0,0,0,0,0,0,0,0,0,0,0,0,0,0,0,0,0,0,0,0,0.5180076866,0,0,0,0.1695460624,-0.6450845802,0,0,0.1867154142,0,0,0,0,0,0,0,0,0,0,0,0.2581731569,0,0,-0.716542323,0,0,0,0,0,0,0,0,0,0,0,-0.5298269088,0,0,0.07145774278,0,0,0,0,0,0,0,0,0,0,0,0,0,0,0,0,0,0,0.1695460624,0,0,0,0.5180076866,0,0,0
1,2,2,4,1,1500,500,v1,0,0,0,0,0,0.002115820831,0,0,0,0,0.08640953219,0,0,0,0,0,0,0.0001671656696,0,0,0,0,0.00682699929,0,0,0,0,0,0,0,0,0,0,0,0,0,0,0,0,0,0,0,0,0,0.02161774655,0,0,0.8828627355,0,0,0,0,0,0,0,0,0,0,0,0,-0.8837140107,0,0,0,0,0.08399867312,0,0,0,0,0,0,0,0,0,-0.8063518609,0,0,0,0,0.006636523392,0,0,0,0,0,0,0,0,0,0,0,0,0,0,0,0,0,0,0,0.0286706742,0,0,0,1.170902332,0.09063519651,0,0,0,0,0,-0.8903505341,0,0,0,0,0,0,0,0,0,0,0,0,0,0,0,0,0,1.170902332,0,0,0,0.0286706742,0
1,2,2,4,0,1500,500,v1,0.4350424727,0.03002080305,0,0.02158412774,0,0,0.07478295751,0,0,0,0,0,0,0,0,0,0,0,0,0,0,0,0,0,0,0,0,0,8.891120524e-05,0,0,0.00022148118,0,0,0,0,0,0,0,0,0.3785614468,0,0,0.01878188714,0,0,0,0,0,0,0,0,0.03170501822,0.002187855594,0,0.001573007709,0,0,0.005450031156,0,0.4006640629,-0.4494825131,-0.1031654771,0,0,0,0,0,0,0,0,0,0,0,0,0,0,0,0,0,0,0,0,0.05843560326,0.04773389881,0,0,0.002899215483,0.1189071735,0,-0.110787306,0,0,0,-0.0003067422179,0,0,0,0.002899215483,0,0,0,0.05843560326,0,0,-0.417906135,0,0,0,0.3770162558,0,0,0,0.1189071735,0,0,0,0.04773389881,0,0,-0.1759384766,0,0,0,0.03157637814,-0.007621828901,0,0,0,0,0,0,0,0,0
1,2,2,4,2,1500,500,v1,0,0.02145477685,0,0,0,0,0.08540601227,0,0,0,0,0,0,0,0,0,0,0,0,0,0,0,0,0,0.2563252826,0,0,0.1208777973,0.02679191164,0,0,0.106651789,0,0,0,0,0.1428732946,0,0,0.06737614395,0,0,0,0,0,0,0,0,0.08645943776,0,0,0.04077251485,0,0.009037007951,0,0,0,0,0.03597403121,0,-0.1758390217,0,-0.1066373526,0,0,0,0,0.05207242777,0,0,0,0.02455629955,0,0,0,0,0,0,0,0,0,0,0.02455629955,0,0.08507049723,0,0.05207242777,0,0.3386440641,0,0.1691054486,-0.3713103355,0,0,-0.1313573055,0,0,0,0,0,0,0,0,0,0,-0.2505842965,0.1994984783,0,0,0,0,0,0,0.3386440641,0,0,0,0.08507049723,0,0,-0.4098065152,0.120726039,0,0,0,-0.04448171618,0,0,0,0,0,0,0,0,0
1,2,2,4,2,1500,500,v1,0,0,0,0,0,0.1193088972,0,0,0,0,0.04066614321,0,0.3619687728,0,0,0.05692215104,0,0.1836870388,0,0,0,0,0.06260927394,0,0,0,0,0,0,0,0,0,0,0,0,0,0,0.09247899904,0,0,0,0,0.01454297704,0,0.04692999718,0,0,0.01599597374,0,0.004225315282,0,0,0,0,0.0006644607292,0,0,0,0,0,-0.3090876216,0,0,0,0,-0.159643226,0,0,0.6876997092,0,0,0,0.1081456459,0,0,-0.3341182798,-0.4188839586,0,0,0,-0.2462921792,0,0,0,0,0,0,0,0,0,0,0,0,0,0,0,0,0.1081456459,0,0,0.5243670654,0.6876997092,0,0,0.178729206,-0.8296989968,0,-0.1067999784,0,0,0,-0.0627954424,0,0,0,0,0,0,0,0,-0.525683937,0,-0.004879633057,0,0,0,0,0,0,0.178729206,0,0,0,0.5243670654,0
1,2,2,4,4,1500,500,v1,0,0.01207356803,0,0,0,0,0.03121090396,0,0,0,0,0,0,0.1910893519,0,0,0,0,0.08437784652,0,0,0,0,0,0.01867561941,0.0157263311,0,0.005773839402,0.03896227361,0,0.006944154335,0.100719835,0,0,0,0,0.1325145282,0,0,0.04096879399,0,0,0,0,0,0,0,0,0.03208841601,0,0.02702095408,0.009920600576,0,0.06694490912,0,0,0,0.01193143361,0.1730566411,0,-0.2048053775,0,0.009899376524,0,0,0,0,0.171500468,0,0.2640291388,0,0.05302186438,0,0.1165853038,0,-0.02230180519,0,-0.2314411565,0,0,0,0,0.05302186438,0,0.08154930012,0,0.171500468,0,0.2108097013,0,-0.6003448045,-0.01322392632,-0.01620392961,0,0.03144214285,0,0,0,0,0,0,0,0,0,0,-0.04690754023,-0.1027740147,0,0,0,0,0,0.1165853038,0.2108097013,0,0,0.2640291388,0.08154930012,0,0,-0.3223015078,-0.03368361391,0,-0.006097875589,0,-0.2362475203,0,0,0,0,0,0,0,0,0
1,2,2,4,4,1500,500,v1,0.03532098384,0.002479147935,0.001774947649,0.01971672959,0.006285597231,0,0.01569854366,0.00863776923,0.0004429508754,0.000603356979,0,0.02793456598,0,1.379085821e-05,0,0,0.003927425432,0,9.704055029e-06,0.005397131458,0.0002767686935,0,0,0.01745433582,6.74282506e-06,3.231855671e-05,0,1.532311146e-06,0.003630149463,0.002599007975,2.274122815e-05,0.02298695411,0.0006486010212,0,0.0008834793528,0.04090383162,3.25440633e-05,0,0,7.395658419e-06,0.2496230812,0.01254404189,0,0.1393435362,0,0,0.004264089268,0,1.966076275e-05,0,9.423460795e-05,4.467920439e-06,0.1508041615,0.01058480781,0,0.08418125855,0.02683657466,6.630898581e-05,0.06702547481,0.03687925431,-0.4143428606,0.05222339976,-0.01796392751,-0.002373371266,-0.01489209528,0,-0.02831865461,8.774025864e-05,0,0.0002081666773,0,1.993902589e-05,0,0.0001464782584,0,-0.1476953008,0,-2.34461773e-05,0,-0.009214909881,0,-0.01769432455,1.993902589e-05,0.1036734777,0.02473782857,0.02536307394,8.774025864e-05,0.05787216842,0.1566457326,0.008621655788,-0.1598003039,-8.177821861e-06,-5.49482346e-05,0,-0.02656136233,-0.003475263539,-0.04155173913,0,0.05787216842,0.05485609519,0,0,0.1036734777,0.07538415459,0,0.2693124366,-3.985804172e-05,0,0,-0.382890097,-0.01680785168,0,0.0001464782584,0.1566457326,0.07538415459,0.002050225113,0.0002081666773,0.02473782857,0.05485609519,0.1292968523,-0.3994254225,-2.375032611e-05,0,-0.0001580355453,0.2229695998,-0.07639708425,-0.06271982803,0,0.008621655788,0,0.1292968523,0,0.02536307394,0,0.002050225113
1,2,2,4,0,1500,500,v1,0,0,0,0,0,0,0,0,0,0,0,0,0,0,0.005396355645,0,0,0,0,0,0,0.01629382199,0,0,0,0,0.0085629585,0,0,0,0,0,0,0.02585510124,0,0,0,0,0.2348332839,0,0,0,0,0,0,0.7090584788,0,0,0,0,0,0,0,0,0,0,0,0,0,0,0,0,0,0,0,0,0,0,0,0,0.3731396058,0,0,0,1.126662272,-0.9782227335,0,0,-0.02164518529,0,0,0,0,0,0,0,0,0,0,0,-0.9655212531,0,0,-0.03434666571,0,0,0,0,0,0,0,0,0,0,0,-0.055991851,0,0,-0.9438760678,0,0,0,0,0,0,0,0,0,0,0,0,0,0,0,0,0,0,1.126662272,0,0,0,0.3731396058,0,0,0
1,2,2,4,2,1500,500,v1,0.01015918698,0.0002308931082,0.02345929484,0.001586337145,0.05519708443,0.007074199815,0.001765678977,0.003358343789,0,0.03656218142,0.004416755751,0,0.01987909016,0,0,0.03412716062,0.09970021577,0.01277783519,0,0.006066037797,0,0,0.007977803646,0,0.01130790281,0,0,0.0663250849,0.0001576246417,0.01601504251,0,0.001205382518,0,0,0.02496003795,0,0.02473535738,0.01643485241,0,0.1450821347,0.01517079075,0.0350319424,0.02821431178,0.002368889256,0.01056395608,0,0.05459858202,0.006595574766,0.01663919725,0.01105554073,0,0.09759512342,0.01020522065,0.0002319393391,0.01897945083,0.001593525211,0.05544719537,0,0.001773679683,0.003373561233,-0.2852701668,-0.01172116288,-0.001978291151,-0.006412251735,-0.05843396585,-0.01146711977,0,0.01900379898,0.07096814987,0,0,0.1114643917,0.1218336897,0,0,-0.2202532029,-0.05400518018,0,0,-0.1057644939,-0.02075522416,0,0.1114643917,0.05323905165,0.0009221896001,0.03323483762,0.01900379898,0.008313174195,0.00705214143,0.05179773053,-0.2118823262,0.07365537119,0,0,-0.001341634085,-0.009414804084,0,0.1218336897,0.008313174195,0.3151699891,0.04556878661,0.07096814987,0.05323905165,0.01917581637,0.02845072006,-0.07419005675,-0.168311444,-0.04455668987,0,-0.01753937986,-0.04086132294,-0.01712399385,0,0.00705214143,0.01917581637,0,0,0.0009221896001,0.3151699891,0,-0.3899968706,0.007677279054,-0.02997268969,0,-0.0117742745,-0.001996295451,-0.05869874388,0,0.05179773053,0.02845072006,0,0,0.03323483762,0.04556878661,0
1,2,2,4,4,1500,500,v1,0.001161972463,0,0.00806018378,0.003126066496,0,0.03142748596,0,0,0.002418874001,0.0002726459975,0.04911198757,0.00436424623,0.00030562652,0.009359641241,0.01975045178,7.443967563e-05,0,0.02167744468,0.008873256744,0,0.001668444222,0.05570645016,0.03387551887,0.003010285531,0.0009054940598,0.002474835301,0.005222327866,0.0001346960264,0,0.001470044527,0.002346227645,0,0.000441162706,0.01472965531,4.972613125e-05,0.0007959665018,0.0164825729,0.001471016471,0.09506125281,0.002451851617,0.003857631869,0.0267590006,0.0003582869346,0.01037822679,0.1043360968,0.2681217119,0.0009051573275,0.163046866,0.003216467355,0.0002870593377,0.008791031668,0.0004784629642,0.0007527918762,0,6.991737492e-05,0.002025243746,0,0.008334195619,0,0,-0.3748423923,-0.004276323972,0,-0.008315544915,0,-0.08037240898,-0.006783003307,0.02731761674,0.003078872156,-0.001550690288,0.1799709754,0.00406360968,0.0007499030013,-0.001470106416,0.5076108783,-0.7487448866,-0.0003755966749,0.009725816623,-0.07530038027,0,-0.055437729,-0.004669027428,0.00406360968,0.008624707315,0,0.05440352256,0.02731761674,0.02320313894,0,0.001840268554,-0.5078647882,-0.0008911331857,0.003940388866,-0.01991059641,0,-0.00151661817,-0.001234563007,0.0007499030013,0.02320313894,0,0.2359937041,0.003078872156,0.008624707315,0,0.3687892781,-0.2531191435,-0.01639269372,-0.001825562575,-0.3631769258,-0.01420777646,-0.02766369766,-0.2673785168,-0.001470106416,0,0,0.006786095319,-0.001550690288,0,0,0.01224379529,-0.02430288111,-0.003636990704,-0.0003513575213,-0.01165234102,-0.002734463732,0,0,0.5076108783,0.001840268554,0.3687892781,0.01224379529,0.1799709754,0.05440352256,0.2359937041,0.006786095319
1,2,2,4,1,1500,500,v1,0,0,0,0,0.03061944814,0.06831166501,0,0.069228362,0.1335273044,0,0.1594507988,0.3778152948,0,0,0,0,0.0008577916402,0.001913724078,0,0.001939404979,0.003740714231,0,0.004466950598,0.01058434495,0,0,0,0,0,0,0,0,0.02188089344,0,0,0.06191195311,0,0,0,0,0,0,0,0,0.01380798662,0,0,0.03223013956,0,0,0,0,0,0,0,0,0.002365346352,0,0,0.005347877359,0.0366080038,0,0,0,-0.0955696834,-0.2256069147,-0.503784319,0,0,0,0,0,0,0,0,-0.8045365509,0,0,0,-0.001531073058,0.004122153093,0.01359255764,0,0,0,0,0,0,0,0,-0.4901917613,0,0,0,0,0,0.07071783605,0,0,0.04798574688,0.1190223786,0,0,0.1084923099,0.2778180466,-0.2214847616,0,0,0,0,0,-0.04307552188,0,0,0.1084923099,0.1643063454,0,0,0.04798574688,0.4649045425,-0.09710075646,0,0,0,0,0,-0.007217948039,0,0,0.2778180466,0.4649045425,0,0,0.1190223786,0.1643063454
1,2,2,4,2,1500,500,v1,0,0,0,0,0.2261100174,0,0,0.3245374803,0,0,0,0,0,0,0,0,0.001596089003,0,0,0.002290879056,0,0,0,0,0,0,0,0,0,0,0,0,0,0,0,0,0,0,0,0,0,0,0,0,0,0,0,0,0,0,0,0,0,0,0,0,0.1829195995,0,0,0.2625459348,-0.4484230263,0,0,0,-0.5506350976,0,0,0,0,0,0,0,0,0,0,-0.9951792187,0,0,0,-0.003878905248,0,0,0,0,0,0,0,0,0,0,0,0,0,0,0,0,0,0,0,0.6153587907,0,0,0,0.8832283952,0,0,0,0,0,0,0,0,0,0,0.8832283952,0,0,0,0.6153587907,0,-0.5545140029,0,0,0,0,0,-0.4445441211,0,0,0,0,0,0,0,0
1,2,2,4,4,1500,500,v1,0,0.007251872173,0,0,0,0,0.006182523538,0,0,0,0,0,0.08153186409,0.04077383949,0.0422727187,0.006975545414,0,0,0.02282495735,0,0,0.001952952077,0,0,0.06872275051,0.07283189664,0.07550925589,0.09994681091,0.1229774841,0,0.04077087063,0.1048434352,0,0.003488442727,0,0,0.0296989809,0.06293734186,0.03263181307,0.04319266045,0,0,0.005384671273,0,0,0.001507553076,0,0,0.002652458784,0.005621024702,0.002811057511,0.003857598751,0,0.004746502511,0.0004809127514,0,0,0.001573613587,0.00404659139,0,-0.2191506044,0,-0.01229118489,0,0,0,0,0.06870644922,0.1947135954,0.1604282892,0.2253857306,0.09992310289,0.01665892559,0.08980681801,0.01041256752,-0.2755302508,-0.08774600188,-0.05752709634,-0.04413393523,0,0,0,0.09992310289,0,0.1873980387,0,0.06870644922,0,0.1597646453,0,-0.08634870757,-0.1664302394,-0.1127720475,-0.07899637955,-0.2233363869,0,0,0.01665892559,0,0,0,0.1947135954,0,0,0,-0.3659580548,0.04783336758,-0.05834034299,-0.0340685506,0,0,0,0.08980681801,0.1597646453,0,0,0.1604282892,0.1873980387,0,0,-0.6706099324,0.006177170451,0.005171330867,0.003475739049,0,0.004185782423,0,0.01041256752,0,0,0,0.2253857306,0,0,0
1,2,2,4,2,1500,500,v1,0,0,0.2448550457,0,0,0,0,0,0,0.3349185733,0,0,0,0,0,0,0,0,0,0,0,0,0,0,0,0,0,0,0,0.09747033226,0,0,0,0,0.1333222459,0,0,0,0,0,0,0.08000333396,0,0,0,0,0.1094304689,0,0,0,0,0,0,0,0,0,0,0,0,0,0.3987384064,0,0,-0.5707162907,0,0,0,0,0,0,0,0,0,0,0,0,0,0,0,0,0,0,0,0,0,0.1089467975,0,0,0,0.1490200288,-0.3909690483,0,0,0,0,0.2189911641,0,0,0,0,0,0,0,0,0,-0.3517251266,0,0,0,0,0.1797472423,0,0,0,0,0,0,0,0,0,0,0,0,0,0,0,0,0,0.1490200288,0,0,0,0.1089467975,0,0
1,2,2,4,0,1500,500,v1,0,0,0,0,0,0,0,0,0,0,0,0,0,0.4528119821,0,0,0,0,0.04051719098,0,0,0,0,0,0.1113281551,0.1695301558,0,0.05755969179,0,0,0.01516939916,0,0,0,0,0,0.02374348613,0,0,0.01227602974,0,0,0,0,0,0,0,0,0.03685795639,0,0.05612717719,0.01905656846,0,0,0,0,0,0.005022207114,0,0,0,0,0,0,0,0,0,0.2577030596,0,1.016990551,0,0.1332395082,0,0.09099935851,0,-0.2453389707,0,-0.4933209687,0,0,0,0,0.1332395082,0,0,0,0.2577030596,0,0,0,-0.6460868501,-0.1688850382,-0.1843164297,0,0,0,0,0,0,0,0,0,0,0,0,-0.2246835787,-0.03594479992,0,0,0,0,0,0.09099935851,0,0,0,1.016990551,0,0,0,-0.8824672366,-0.05579854045,0,-0.06102254099,0,0,0,0,0,0,0,0,0,0,0
1,2,2,4,4,1500,500,v1,0,0,0,0,0,0,0,0,0,0,0,0,0.002008984339,0,0.004658663136,0.003080337523,0,0,0,0,0,0.1825342771,0,0,0,0,0.0008727448313,0,0,0,0,0,0,0.03419561411,0,0,0,0.008034324999,0.01863091362,0,0,0,0.01231887789,0,0,0.729990611,0,0,0,0.001450550293,0,0,0,0,0.002224101209,0,0,0,0,0,0,0,0,0,0,0,0,0,0.006939266363,0,0.03622580684,0,0.01063984529,0,1.419388196,-0.8001531835,0.00482908307,0,-0.1868046424,0,0,0,0,0,0,0,0,0,0,0,-0.935413719,0,0,-0.03499561599,0,0,0,0.01063984529,0,0,0,0.006939266363,0,0,0,-0.2134844244,0,-0.02003524169,-0.7486090767,0,0,0,0,0,0,0,0,0,0,0,-0.01520615862,0,0.003486750855,0,0,0,0,1.419388196,0,0,0,0.03622580684,0,0,0
1,2,2,4,2,1500,500,v1,0,0,0,0,0,0,0,0,0,0,0,0,0,0.04915264156,0,0,0,0,0.1716843072,0,0,0,0,0,0,0.07729792729,0,0,0,0,0.2699924292,0,0,0,0,0,0,0,0,0,0,0,0,0,0,0,0,0,0,0,0.0961237867,0,0,0,0,0,0,0.335748908,0,0,0,0,0,0,0,0,0,0,0,-0.03804381867,0,0,0,-0.1328825155,0,-0.09559372003,0,0.2095446095,0,0,0,0,0,0,0,0,0,0,0,0,-0.2155799281,0,0.3295308175,0,0,0,0,0,0,0,0,0,0,0,0,0,0,0,0,0,0,0,-0.1328825155,0,0,0,-0.03804381867,0,0,0,0.539075427,0,0,-0.4251245375,0,0,0,0,0,0,0,0,0,0,0
1,2,2,4,0,1500,500,v1,0,0.04872779156,0.02982885229,0,0.01378033636,0.06540783427,0.02156017214,0.003235681743,0.06747953168,0.04211466756,0.07383557942,0.02841936108,0,0.005137376363,0.004031121016,0,0.008360754531,0.03968399846,0.000494288519,0.001963140819,0.04094093103,0.002000852167,0.04479724872,0.01724248928,0,0.005788047073,0.004541679751,0,0.03330834503,0.02038979548,0.0005568922761,0.01473766058,0.04612627521,0.002254268659,0.02878788127,0.01942632437,0,0,0.00556952115,0,0,0.0250042723,0,0,0.05482863647,0.002764439077,0.0353029545,0.06189326076,0,0,0.006985181571,0,0,0.04019746816,0,0,0.01136794043,0.0006720736054,0.01778583238,0.002669240893,-0.1708048878,0,-0.06918929207,-0.07081833669,-0.01674992191,-0.1370665451,-0.09439978976,0,0,0.02683173865,0.02118666955,0,0,0.00258159251,0.01051602539,-0.2459919253,0,-0.005619983722,-0.006019462481,-0.01020248887,0.08016135805,-0.05749921989,0,0,0.1819826417,0.1116966864,0,0,0.08052031187,0.1577019629,-0.4375847211,0,-0.006331783217,-0.006781866934,-0.0479463537,-0.04859937069,-0.06541531088,0,0,0.04975721338,-0.03794083849,0,0,0.01168320492,-0.04282950342,-0.1891242239,0,0,-0.00833380054,0,-0.06018139213,0.1107520817,0.00258159251,0.08052031187,0.01168320492,0.2293707841,0.02683173865,0.1819826417,0.04975721338,0.09660069671,-0.1560398235,0,0,-0.007657120499,0,-0.05786632327,-0.01400786808,0.01051602539,0.1577019629,-0.04282950342,0.09660069671,0.02118666955,0.1116966864,-0.03794083849,0.2293707841
1,2,2,4,1,1500,500,v1,0.0004991793843,0,0,0.009103377791,0,0.06604821809,0,0,0,0,0.6612806082,0,0,0,0,0,0,0.02078105471,0,0,0,0,0.20806176,0,0,0,0,0,0,0,0,0,0,0,0,0,0,0,0,0,2.238347074e-05,0,0,0.0004082003321,0.002961637447,0,0,0.02965217638,0,0,0,0,6.141412097e-05,0,0,0.001119990053,0,0,0,0,0.246478587,-0.009602397506,0,0,0,-0.7159663662,0,0,0,0,0,0,0,0,0,-0.6850202361,0,0,0,0,0.2171411012,0,0,0.0008741922792,0,0,0,0.01594237028,0,0,0,0,0,0,0,0,0,0,0.01594237028,0,0.06373166172,0,0.0008741922792,0,0.6380870407,-0.5096066161,0,0,0,-0.0004296906348,0,0.03094613004,0,0,0,0,0,0,0,0,-0.01003208814,0,0,0,-0.001178953565,0,0,0,0,0.6380870407,0,0,0,0.06373166172,0
