1,2,2,4,4,1500,500,v1,0.01108061188,0.02380278966,0,0.004986284392,0.02144295023,0.008882673217,0.01913048892,0.009624546515,0.0009148906371,0,0.003877596256,0.06951568721,0.001802561611,0.005518937891,0,0.01237473872,0.03988316407,0.01652147254,0.0113261379,0.01790133184,0.001701665722,0,0.007212198229,0.1292968332,0.0002856086654,0.005718670937,0,0.01372028809,0.04587462498,0,0.01173603633,0.03686979624,0.001763249832,0,0,0.1339761484,0.0002584473922,0.001690170404,0,0.01241549402,0.01932454094,0,0.01160316353,0.008696059196,0.01549134507,0,0,0.006762511708,0.0003340640295,0.00218468111,0.006688880584,0.01604802403,0.02497852254,0.0536575529,0.01499802158,0.01124035554,0.04833787353,0.01372713108,0.04312499651,0.0216961802,-0.5193792156,-0.01587795207,0.04073791645,0,-0.03070214774,-0.01273380072,-0.07028448239,0.001303890458,0.008454184024,0.0266175617,0,0.06263728621,0.05803867336,0.05462538459,0,-0.4082989969,-0.01414868434,-0.01664723823,0,-0.05766378983,-0.02373300191,-0.1307268302,0.06263728621,0.08223363247,-0.01994298396,0,0.001303890458,0.03700519528,-0.01602832911,0,-0.3209372645,-0.01397662195,-0.01741807473,0,0.07851210869,0,-0.135737075,0.05803867336,0.03700519528,0.1628589711,0.06126695932,0.008454184024,0.08223363247,0.07309832389,0.02674517278,-0.1491626451,-0.01252492083,-0.01326580366,0,-0.02796200761,0,-0.02220795211,0.05462538459,-0.01602832911,0.07309832389,0.006561522278,0.0266175617,-0.01994298396,0.1628589711,0.498561059,-0.1009372158,-0.01612590834,-0.01691408359,-0.02009665123,-0.03565259215,-0.09526914976,-0.06893892577,0,0,0.02674517278,0.498561059,0,0,0.06126695932,0.006561522278
1,2,2,4,0,1500,500,v1,0.002649343192,0,0.06334258826,1.643623205e-05,0.003591281928,0.000106740055,0,0.003399379051,0.0178561223,0.005643929432,8.910368496e-05,0.001134200424,0.003721411029,0.03792606813,0.001907976979,0.0008407455353,0.005353570289,0.0001591187767,0.02130692855,0.005067498194,0.02661835182,2.099204222e-06,0.0001328280124,0.001690767201,0,0.1185407206,0.005963522643,0,0,0.2951342124,0.06659637525,0,0.08319762006,6.561217483e-06,0.0262969467,0.005284617475,0,0.003227825087,0.001654914201,0,0.00342558368,0.08190155857,0.0007292340214,2.125194215e-05,0.0001380142035,1.820778193e-06,0.007297564398,0.0001152104907,0,0.004659963876,0.04749115485,0,0.004945465066,0,0.001052784493,3.068111811e-05,0.006703759396,0.02668061028,0,0.006345538921,-0.3807881428,-0.002623977783,0,0.065458942,-0.006881041573,-0.0001927727487,-0.007696082242,0,0.01739206111,0.3056681849,0.01427838614,0,0.003929233163,0.1717248966,1.570943926e-05,-0.3670642356,-0.004552697861,-0.05911012856,-0.001906114076,-0.01037799024,-0.0002913476651,-0.01625839461,0,0.01640339329,0,0.2811918994,0,0.0001017648408,0,0.02505466355,-0.04733391295,0,-0.1851340159,-0.005969984591,0,-0.3174723901,-0.06258400944,0.003929233163,0.0001017648408,0.02333527342,0.0006003759942,0.01739206111,0.01640339329,0.02208833524,0.0005011775372,-0.2782290408,0,-0.003948851188,-0.001653298382,-0.003413410064,0.04784907279,-0.0002502486071,0.1717248966,0,0.02208833524,0.1220549396,0.3056681849,0,0.02333527342,0.007752789879,-0.2760421132,0,-0.005712647133,-0.07401790986,-0.004966050903,0,-0.01302337396,1.570943926e-05,0.02505466355,0.0005011775372,0.007752789879,0.01427838614,0.2811918994,0.0006003759942,0.1220549396
1,2,2,4,4,1500,500,v1,0,0,0,0,0,0,0,0,0,0,0,0,0.1229735144,0.02184310831,0,0.0449113163,0,0,0.11600073,0,0,0,0,0,0,0.004089867415,0,0,0,0,0.02171978452,0,0,0,0,0,0,0.3242900758,0,0,0,0,0.1184343981,0,0,0,0,0,0,0.09079847673,0.01612803351,0,0,0,0.03316062916,0,0,0.08565006569,0,0,0,0,0,0,0,0,0,0,0.1745745663,0.06257300028,0,0,0.06375660322,0.3323022402,0,-0.4438760094,0.1593001598,-0.1375617571,0,0,0,0,0,0,0,0,0,0,0,0,-0.237744026,0,-0.02550613435,0,0,0,0,0.06375660322,0,0,0,0.1745745663,0,0,0,0.2769207064,0,-0.4358081528,0,0,0,0,0.3323022402,0,0,0,0.06257300028,0,0,0,-0.4395758844,0,0.1176205467,-0.1001822689,0,0,0,0,0,0,0,0,0,0,0
1,2,2,4,4,1500,500,v1,0,0,0,0,0,0.00288665827,0,0,0,0,0.007831396871,0,0.04497886044,0,0.04236796071,0.08161582624,0,0.005931099751,0,0,0,0.2100154166,0.01609085374,0,0,0,0.05249558511,0,0,0,0,0,0,0.2602174377,0,0,0,0.007857494507,0.007401388458,0,0,0,0.01425771796,0,0.001036121931,0.03668823456,0,0.002810960386,0,0.0730198092,0,0,0,0,0.1324971776,0,0,0,0,0,-0.0258606892,0,0,0,0,-0.01069582265,0,0,0.0326167107,0,0.1532410984,0,0.05918424271,0,0.7596075164,-0.5525623817,0.1201213527,0,-0.2518602748,0,-0.02202158696,0,0,0,0,0,0,0,0,0,-0.2958584418,0,0,-0.3127073014,0,0,0,0.05918424271,0,0,0.01476846609,0.0326167107,0,0,0.04006630169,-0.6794699884,0,0.02098436707,-0.04399816709,0,0,-0.003839102241,0,0,0,0,0,0,0,0,0.1411057198,0,-0.2023063554,0,0,0,0,0.7596075164,0,0.04006630169,0,0.1532410984,0,0.01476846609,0
1,2,2,4,1,1500,500,v1,0,0,0,0,0,0.5811828346,0,0,0,0,0.04496427066,0,0,0,0,0,0,0.3043825028,0,0,0,0,0.02354910783,0,0,0,0,0,0,0,0,0,0,0,0,0,0,0,0,0,0,0,0,0,0.04262362925,0,0,0.003297654865,0,0,0,0,0,0,0,0,0,0,0,0,0.3547361856,0,0,0,0,-0.6163653062,0,0,0,0,0,0,0,0,0,-0.5727921737,0,0,0,0,0.3111630531,0,0,0,0,0,0,0,0,0,0,0,0,0,0,0,0,0,0,0,0.3642618946,0,0,0,0.02818178626,-0.3052022531,0,0,0,0,0,0.04357313246,0,0,0,0,0,0,0,0,0,0,0,0,0,0,0,0,0,0.02818178626,0,0,0,0.3642618946,0
1,2,2,4,2,1500,500,v1,0.004711588139,0.02298365308,0.001408723191,0.02372315958,0.03611754339,4.224896743e-05,0.02682677514,0.01657346207,0,0.06840082593,9.401211415e-05,0,0.001190556174,0.01122980514,0.01350049998,0.0005239988533,0.0728642452,8.523390112e-05,0.0196596112,0.03343562963,0,0.0329331542,0.0001896618954,0,0,0.0117587959,0.01413645401,0,0.04855186944,0.00297586046,0.02058569607,0.05667028126,0,0.03448450207,0.144493478,0,0,0.001308172298,0.01483422662,0,0.01044428331,0.003122748354,0.0005757651754,0.05258766097,9.365423553e-05,0.03618665038,0.151625648,0.0002083987661,0,3.555119744e-05,0.0003353332069,0,0.0002838362948,0.001384585142,1.564712956e-05,0.001429134618,0.002175799198,0.0005870556425,0.001616103155,0.0009984213234,-0.2936084617,-0.02837576528,-0.04970628554,0.06044045328,-0.05258170873,-0.0001359784327,0,0,0.003797569088,0.03467489035,0.05954853069,0,0.001671423262,0.06070408461,0.1452628376,-0.1853936284,-0.001711017386,-0.03082738182,-0.0420282309,-0.1062981048,-0.000274328441,0,0,0.0231437575,0.1081460663,-0.001457718066,0,0.1165303603,0.1262293111,-0.07077985967,-0.2142312707,0,-0.03183850932,-0.04785900954,-0.1035773183,0.08928734592,0,0.001671423262,0.1165303603,0.1666154152,0.0003313066572,0.003797569088,0.0231437575,0.07645575941,0.0007372208984,0.02758295944,0,-0.001883885389,-0.04665367173,-0.06303089555,-0.101569414,-0.00030204483,0.06070408461,0.1262293111,0.07645575941,0,0.03467489035,0.1081460663,0.1666154152,0,-0.4698308721,0,-5.109212535e-05,-0.0009200921691,-0.001709417665,-0.002966647767,-0.003167636176,0.1452628376,-0.07077985967,0.0007372208984,0,0.05954853069,-0.001457718066,0.0003313066572,0
1,2,2,4,2,1500,500,v1,0,0.03381301723,0,0,0,0,0.1095387727,0,0,0,0,0,0,0,0,0,0,0,0,0,0,0,0,0,0,0,0,0,0.1169751159,0,0,0.3789460889,0,0,0,0,0,0,0,0,0,0,0,0,0,0,0,0,0,0,0,0,0,0.08508626541,0,0,0,0,0.2756407399,0,-0.1458922802,0,0.1360215998,0,0,0,0,0,0,0,0,0,0,0,0,0,0,0,0,0,0,0,0,0,0.003492361183,0,0,0,0.01131365933,0,0.4783029082,0,0,0,-0.4881735885,0,0,0,0,0,0,0,0,0,0,0,0,0,0,0,0,0,0,0.01131365933,0,0,0,0.003492361183,0,0,-0.3521519887,0,0,0,0,0.3422813084,0,0,0,0,0,0,0,0,0
1,2,2,4,0,1500,500,v1,0,0,0.0001467376093,0,0,0,0,0,0,0.0005157358049,0,0,0,0,0,0,0,0,0,0,0,0,0,0,0.007686399276,0,0,0.006226281356,0,3.399329801e-05,0,0,0,0,0.0001194755795,0,0.01504225132,0,0,0.01218480664,0,6.65247424e-05,0,0,0,0,0.0002338132107,0,0.5291289895,0,0,0.4286149917,0,0,0,0,0,0,0,0,0.0004306017398,0,0,-0.0006521241268,0,0,0,0.827702543,0,0,0,0.6704711435,0,0,0,0,0,0,0,0,0,0,0.6704711435,0,0,7.360068671e-05,0.827702543,0,0,0.0002586828938,-0.9852657801,-0.0138838213,0,0,0,0.0001456213575,0,0,0,0,0,0,0,0,0,-0.9721183801,-0.02717058036,0,0,0,0.0002849803823,0,0,0,0,0,0,0,0,0,-0.04105440165,-0.957728056,0,0,0,0,0,0,0.0002586828938,0,0,0,7.360068671e-05,0,0
1,2,2,4,1,1500,500,v1,0,0,0.01821281099,0,0,0.006837516392,0,0,0.009803479078,0.02867529687,0.004785012655,0.003232581879,0.007989351112,0.005442860736,0.003664627357,0.003288594744,0,0.0005297670213,0.03555566288,0,0.000759568184,0.002469135068,0.0003707401571,0.0002504586717,0.008030882311,0.05285450154,0.0355864428,0.02348647949,0,0.01370308269,0.3452737318,0,0.007376010465,0.02397726299,0.02157492132,0.002432152665,0.002201003161,0.02126295752,0.009753084415,0.006436878739,0,0.003755568461,0.008752306585,0,0.00140992848,0.006571386504,0.005912982933,0.0009866924235,0.00397392223,0.03839037629,0.02615399784,0.0116218168,0,0,0.01580233337,0,0,0.1708518324,0,0,-0.05881826923,0,0,-0.04688721196,0,-0.01159966444,-0.01300937987,0.02128929778,0.1007826947,0.03307143393,0.0731383295,0.06226098748,0.04148440192,0.2160402062,0.04927879335,-0.4009886268,-0.01110055766,0.03890209376,-0.006037014595,0,-0.0008862941097,-0.0009940777468,0.06226098748,0,0,0.05345241579,0.02128929778,0,0,0.08415851623,0.1089421366,-0.03151683727,-0.3919085938,-0.05944190302,0,-0.03520491365,-0.009692838434,0.04148440192,0,0,0.01312871177,0.1007826947,0,0,0.009187700381,-0.2723196654,-0.008619964179,-0.02966229346,-0.01613249762,0,-0.009648495736,-0.002391649548,0.2160402062,0,0,0.02673040706,0.03307143393,0,0,0.008814037015,-0.4339061526,-0.01556338872,-0.05408187995,0.1869320733,0,0,0,0.04927879335,0.08415851623,0.009187700381,0.008814037015,0.0731383295,0.05345241579,0.01312871177,0.02673040706
1,2,2,4,3,1500,500,v1,0,0,0,0,0,0,0,0,0,0,0,0,0.5354543263,0,0,0.3376464665,0,0,0,0,0,0,0,0,0,0,0,0,0,0,0,0,0,0,0,0,0,0.06277903969,0,0,0,0,0.03958716903,0,0,0,0,0,0,0.01504557123,0,0,0,0,0.009487427242,0,0,0,0,0,0,0,0,0,0,0,0,0,0.679866393,0,0,0,0.4287097405,0,0,0.120410308,-0.8594610637,0,0,0,0,0,0,0,0,0,0,0,0,0,0,0,0,0,0,0,0,0.4287097405,0,0,0,0.679866393,0,0,0,-0.8361825424,0,0.09713178666,0,0,0,0,0,0,0,0,0,0,0,0,-0.762329277,0,0.02327852133,0,0,0,0,0,0,0,0,0,0,0,0
1,2,2,4,3,1500,500,v1,0,0,0,0,0,0,0,0,0,0,0,0,0.270765795,0,0,0.4460563257,0,0,0,0,0,0,0,0,0,0,0,0,0,0,0,0,0,0,0,0,0,0.02628177749,0,0,0,0,0.04329628525,0,0,0,0,0,0,0.08068323014,0,0,0,0,0.1329165864,0,0,0,0,0,0,0,0,0,0,0,0,0,0.2475606238,0,0,0,0.4078284048,0,0,0.2686977826,-0.7056238017,0,0,0,0,0,0,0,0,0,0,0,0,0,0,0,0,0,0,0,0,0.4078284048,0,0,0,0.2475606238,0,0,0,-0.5029462579,0,0.06602023882,0,0,0,0,0,0,0,0,0,0,0,0,-0.6396035629,0,0.2026775438,0,0,0,0,0,0,0,0,0,0,0,0
1,2,2,4,1,1500,500,v1,0.002771436114,0,0.08623101058,0.0002861999841,0,0.234536594,0,0,0,0.09568831102,0.1501092858,0,0,0,0,0,0,0.00639984866,0,0,0,0,0.004096063199,0,0,0,0,0,0,0.08117266541,0,0,0,0,0.09007519687,0,0,0,0,0,0.001204847838,0.03748787358,0,0.0001244219307,0.1019619059,0,0.04159931888,0.06525816977,0,0,0,0,0.0009035436338,0,0,9.330692211e-05,0,0,0,0,-0.08351000602,-0.003057585245,0,-0.1819146655,0,-0.3786368665,0,0,0,0,0,0,0,0,0,-0.2199674728,0,0,0,0,0.009959210997,0,0,0.007313112038,0,0.3069659621,0,0.0007552086504,0,0.3406320095,-0.2608378059,0,0,0,0,-0.1708941751,0,0,0.0007552086504,0,0.1920777981,0,0.007313112038,0,0.1229345945,-0.7255388641,0,0,0,-0.001326512444,-0.07892314042,0.1586693937,0,0,0,0,0,0,0,0,-0.004384097689,0,0,0,-0.0009947827701,0,0,0,0.3406320095,0.1229345945,0,0,0.3069659621,0.1920777981,0
1,2,2,4,3,1500,500,v1,0.1580609246,0,0,0.05010419087,0,0,0,0,0,0,0,0,0.1371504594,0,0,0.01174132672,0,0,0,0,0,0,0,0,0,0,0,0,0,0,0,0,0,0,0,0,0,0.1291661486,0,0,0.2586470755,0,0.0110577971,0.08198928653,0,0,0,0,0,0.04353782064,0,0,0.08718174304,0,0.003727233426,0.02763599355,0,0,0,0,-0.226368227,0.1975207185,0,0,0,0,0,0,0.4605546296,0,0,0,0.03942766371,0,0,-0.1847361042,-0.1485854247,0,0,0,0,0,0,0.03285611454,0,0,0,0.01041514826,0,0,0,0,0,0,0,0,0,0.03942766371,0.01041514826,0,0,0.4605546296,0.03285611454,0,0,0.1111726846,0,-0.13802688,0,-0.335314842,0,0,0,0,0,0,0,0,0,0,-0.4244064282,0,-0.04670922421,0,0.108946615,0,0,0,0,0,0,0,0,0,0
1,2,2,4,3,1500,500,v1,0,0.06553094105,0,0,0,0,0.00666460148,0,0.02127676416,0,0,0.07273501705,0,0,0,0,0,0,0,0,0.002112646232,0,0,0.007222120738,0,0,0,0,0.07339394658,0,0,0.007464281714,0.02382974618,0,0,0.08146243393,0,0,0,0,0,0,0,0,0,0,0,0,0,0,0,0,0,0.5793832936,0,0,0,0,0.05892420731,0,-0.833592014,0,-0.07204578596,0,0,0,-0.09381785011,0,0,0,0,0,0,0,0,-0.1991070706,0,0,0,0,0,-0.009315403687,0,0,1.077015559,0,0,0,0.1095342044,0,-0.813475927,0,0,0,-0.08069050255,0,-0.1052892205,0,0,0,0,0,0,0,0,0,0,0,0,0,0,0,0,0.1095342044,0,0.07075536401,0,1.077015559,0,0.2418783475,-0.1527362885,0,0,0,0,-0.6382968872,0,0,0,0,0.2418783475,0,0,0,0.07075536401
1,2,2,4,2,1500,500,v1,0,0,0,0,0,0,0,0,0,0,0,0,0,0,0.2829075529,0,0,0,0,0,0,0.434341362,0,0,0,0,0.06553149589,0,0,0,0,0,0,0.1006089759,0,0,0,0,0.04599522227,0,0,0,0,0,0,0.07061539107,0,0,0,0,0,0,0,0,0,0,0,0,0,0,0,0,0,0,0,0,0,0,0,0,0.2589960643,0,0,0,0.3976306118,0.2682928129,0,0,-0.7060439303,0,0,0,0,0,0,0,0,0,0,0,-0.5953961163,0,0,0.1576449989,0,0,0,0,0,0,0,0,0,0,0,-0.5483989314,0,0,0.110647814,0,0,0,0,0,0,0,0,0,0,0,0,0,0,0,0,0,0,0.3976306118,0,0,0,0.2589960643,0,0,0
1,2,2,4,0,1500,500,v1,7.758730426e-05,0.0005290270221,0,2.844502872e-05,0,0.002421069427,0.001448417386,0,0.02385073939,0,0.0002895297466,0.003049040977,0.006512684473,0.0004243603139,0,0.1143662293,0,0.05436388543,0.005135799466,0,0.53555625,0,0.006501243539,0.06846466792,0,5.484570936e-05,0,0,0.001535284964,0,0.0006637674533,0.004203440167,0.06921703438,0,0,0.008848596713,0,0.003069607072,0,0,0.0008211389567,0,0.05390394508,0.0003010456598,0.02562319239,0,0,0.003064214646,0,0.0002133608615,1.390239041e-05,0,5.707535561e-05,0.0003891668322,0.003746731061,2.092494571e-05,0,0.0001682529844,0.001065495678,0,-0.6180657425,-0.0001043593527,-0.001946421471,0,0,-0.001985729397,0.02552427955,0,0.01468310128,0.0007394381281,0,0,0.2578431215,0.008949012946,0,0.003658566408,-0.1208768971,-0.005560067327,0,0,-0.05656148566,-0.5949675052,0,0.001429227734,0.003656432532,0,0,0.0005239829417,0.01001090725,0,-0.5785696227,0,-0.0007171225299,0,-0.005727007593,0,0.0679034159,0.2578431215,0.0005239829417,0,0.1133780883,0.01468310128,0.001429227734,0,0.01355860653,-0.1835581566,0,-0.05685537401,0,-0.00111997342,0,-0.02607724814,0.008949012946,0.01001090725,0,0.6670367824,0.0007394381281,0.003656432532,0,0.0852729322,-0.1929072228,0,-0.00395187743,-0.0001817775265,-7.780767772e-05,-0.00143813079,0,0,0,0.01355860653,0.0852729322,0,0,0.1133780883,0.6670367824
1,2,2,4,4,1500,500,v1,0,0.1073797321,0,0,0,0,0.03784628458,0,0,0,0,0,0,0,0,0,0,0,0,0,0,0,0,0,0,0,0,0,0.116330749,0,0,0.04100109533,0,0,0,0,0,0,0,0,0,0,0,0,0,0,0,0,0,0,0,0,0,0.5156868704,0,0,0,0,0.1817552686,0,-0.537259785,0,0.1377999893,0,0,0,0,0,0,0,0,0,0,0,0,0,0,0,0,0,0,0,0,0,0.4430392724,0,0,0,0.1561504211,0,-0.5487465899,0,0,0,0.1492867942,0,0,0,0,0,0,0,0,0,0,0,0,0,0,0,0,0,0,0.1561504211,0,0,0,0.4430392724,0,0,0.2870867836,0,0,0,0,-0.6865465792,0,0,0,0,0,0,0,0,0
1,2,2,4,4,1500,500,v1,0,0,0,0,0,0,0,0,0,0,0,0,0.05985096482,0.03651669739,0,0.08325380963,0,0,0.03571519649,0,0,0,0,0,0,0.03186352817,0,0,0,0,0.03116415915,0,0,0,0,0,0,0.130882023,0,0,0,0,0.1820593379,0,0,0,0,0,0,0.1135930418,0.06930619661,0,0,0,0.1580100423,0,0,0.06778500266,0,0,0,0,0,0,0,0,0,0,-0.0536068352,0.2042277427,0,0,-0.07456823513,0.1997452132,0,-0.247571937,0.1357872153,-0.07208053534,0,0,0,0,0,0,0,0,0,0,0,0,-0.2070287313,0,-0.06228657271,0,0,0,0,-0.07456823513,0,0,0,-0.0536068352,0,0,0,0.3934987048,0,-0.3080486579,0,0,0,0,0.1997452132,0,0,0,0.2042277427,0,0,0,-0.3066285507,0,0.2577114895,-0.1349481959,0,0,0,0,0,0,0,0,0,0,0
1,2,2,4,4,1500,500,v1,0.07198692576,0.08485675982,0.02496503123,0.1841774628,0,0.01337130302,0.0196480544,0,0.04762096835,0.01703187414,0.01488875125,0.0008231362851,0,0,0,0,0,0.03988921669,0,0,0.1420626787,0,0.04441606207,0.002455576812,0.001704075762,0,0,0.00120367722,0.01319943916,0.003883301832,0,0.003056247956,0.007407424888,0,0.002649302036,0.0001280385598,0.003264640903,0,0,0.002305985435,0.02145206872,0.007439567113,0,0.05488479397,0.00398464177,0,0.005075490177,0.004436840602,0.004497171724,0,0,0.003176585971,0.02955107154,0.03483421682,0,0.07560597042,0,0,0.00806564602,0,-0.1628582357,-0.2538027968,-0.05534341421,-0.04199620703,0,-0.02820143415,-0.04834361712,0.01405305166,0,0,0,0.009926398746,0,0,0,-0.0924688973,0,0,0,0,-0.08430387623,-0.1445158496,0.009926398746,0.06009581959,0.08000447558,0.0543959967,0.01405305166,0.1537542525,0.01852453931,0.03711053921,-0.3231125888,-0.002873558252,0,0,-0.003030933902,-0.006519053165,-0.007519832494,0,0.1537542525,0,0.08581274397,0,0.06009581959,0,0.0955512419,-0.3254707403,-0.005559015994,0,0,0.01145617076,-0.01248909708,-0.008404013533,0,0.01852453931,0,0.2954618421,0,0.08000447558,0,0.005107106678,-0.3091535484,-0.007553726027,0,0,0.09977991134,-0.007311661816,0,0,0.03711053921,0.0955512419,0.005107106678,0,0.0543959967,0.08581274397,0.2954618421
1,2,2,4,0,1500,500,v1,0.05207246259,0,0.03432653029,0.005794285271,0.004951649196,0.02915060544,0,0.004020434319,0.002535025996,0.03842679329,0.01079537972,0.003124337058,0.003089721261,0.03121905447,7.175358561e-05,0.001776874017,0.001426844339,0.00839990369,0.00501597357,0.001158509766,0.0007304813707,0.03598240825,0.003110746708,0.0009002945218,0,0.03351561974,7.703198996e-05,0,0,0.01061901279,0.005384963307,0,0.0007842177243,0.0386293798,0.01188744117,0.0009665228292,0,0.02103891891,0.0004885935465,0,0.1021736628,0.06735359066,0.01209931421,0.01136922127,0.05719768148,0.2450159432,0.07539889652,0.02118208803,0,0.0003448885293,0.003484810723,0,0.001674920866,0,0.0001983426382,0.0001863743104,0.0001592707575,0.0005599054416,0,0.0001293180502,-0.1520024114,-0.05659302315,0,-0.02168154359,-0.008831814225,-0.03931863201,-0.005570885319,0,0.03669908159,0.1022204103,0.0009555935537,0,0.02110534867,0.01642377069,0.4792033329,-0.4947170827,-0.004856500408,-0.03615995652,-0.03597937401,-0.002580040783,-0.0113752869,-0.001619384895,0,0.08300843193,0,0.05163063304,0,0.009236640175,0,0.05779785781,-0.4017097559,0,-0.03889983801,-0.03862612236,0,-0.0001089527609,-0.00174713258,0.02110534867,0.009236640175,0.009684479365,0.1411119362,0.03669908159,0.08300843193,0.007863224197,0.05225815758,-0.2091458165,0,-0.0331376821,-0.2455004546,-0.004839414605,-0.05116183088,-0.07821947698,0.01642377069,0,0.007863224197,0.006005067554,0.1022204103,0,0.009684479365,0.007401036636,-0.1858982698,0,-0.0005421043329,-0.004036326134,-6.427698568e-05,0,-0.0002866140333,0.4792033329,0.05779785781,0.05225815758,0.007401036636,0.0009555935537,0.05163063304,0.1411119362,0.006005067554
1,2,2,4,4,1500,500,v1,0,0,0,0,0,0.03110382429,0,0,0,0,0.02229535543,0,0.02115805026,0,0.01607613451,0.02334373998,0,0.002872092561,0,0,0,0.003919498013,0.002058728338,0,0,0,0.1642547053,0,0,0,0,0,0,0.04004669099,0,0,0,0.1496057237,0.1136721819,0,0,0,0.1650604413,0,0.02030817966,0.02771424254,0,0.01455699079,0,0.08650842125,0,0,0,0,0.09544499927,0,0,0,0,0,-0.03971346007,0,0,0,0,-0.0533982638,0,0,0.06766129594,0,0.4405965832,0,0.07465090967,0,0.107421219,-0.5706832044,0.04222622338,0,-0.01995415521,0,-0.004920592804,0,0,0,0,0,0,0,0,0,-0.1610475168,0,0,-0.2042976846,0,0,0,0.07465090967,0,0,0.08135323021,0.06766129594,0,0,0.05831435559,-0.06769511665,0,-0.3097503835,-0.1410933616,0,0,-0.03479286726,0,0,0,0,0,0,0,0,-0.2675241601,0,0.1726493564,0,0,0,0,0.107421219,0,0.05831435559,0,0.4405965832,0,0.08135323021,0
1,2,2,4,0,1500,500,v1,0,0,0,0,0,0,0,0,0,0,0,0,0,0.1337594835,0,0,0,0,0.4274714888,0,0,0,0,0,0,0.02922346175,0,0,0,0,0.09339297948,0,0,0,0,0,0,0,0,0,0,0,0,0,0,0,0,0,0,0,0.07534938157,0,0,0,0,0,0,0.2408032049,0,0,0,0,0,0,0,0,0,0,0,0.3571697771,0,0,0,1.141450979,0,-0.4378589026,0,-0.5612216017,0,0,0,0,0,0,0,0,0,0,0,0,-0.8767184086,0,-0.1223620956,0,0,0,0,0,0,0,0,0,0,0,0,0,0,0,0,0,0,0,1.141450979,0,0,0,0.3571697771,0,0,0,-0.6835836973,0,0,-0.3154968069,0,0,0,0,0,0,0,0,0,0,0
1,2,2,4,4,1500,500,v1,0.1411973071,0,0,0.2771903523,0,0,0,0,0,0,0,0,0,0,0,0,0,0,0,0,0,0,0,0,0,0,0,0,0,0,0,0,0,0,0,0,0,0,0,0,0.1318294739,0,0,0.2587999664,0,0,0,0,0,0,0,0,0.06445283603,0,0,0.1265300642,0,0,0,0,0.5518499756,-0.4118279316,0,0,0,0,0,0,0,0,0,0,0,0,0,0,0,0,0,0,0,0,0,-0.07088187867,0,0,0,-0.1391511873,0,0,0,0,0,0,0,0,0,0,-0.1391511873,0,0,0,-0.07088187867,0,0,-0.2306108038,0,0,0,0.3706328478,0,0,0,0,0,0,0,0,0,0,-0.04119508377,0,0,0,0.1812171277,0,0,0,0,0,0,0,0,0,0
1,2,2,4,0,1500,500,v1,0,0,0,0,0,0,0,0,0,0,0,0,0,0.175374329,0,0,0,0,0.1561388775,0,0,0,0,0,0,0.002218657359,0,0,0,0,0.001975310022,0,0,0,0,0,0,0,0,0,0,0,0,0,0,0,0,0,0,0,0.3514186052,0,0,0,0,0,0,0.3128742209,0,0,0,0,0,0,0,0,0,0,0,0.7929560444,0,0,0,0.7059828244,0,-0.6684670254,0,-0.3308255538,0,0,0,0,0,0,0,0,0,0,0,0,-0.9951073115,0,-0.004185267756,0,0,0,0,0,0,0,0,0,0,0,0,0,0,0,0,0,0,0,0.7059828244,0,0,0,0.7929560444,0,0,0,-0.3350108216,0,0,-0.6642817577,0,0,0,0,0,0,0,0,0,0,0
1,2,2,4,1,1500,500,v1,0,0,0,0,0,0.08220069026,0,0,0,0,0.2919455264,0,0,0,0,0,0,0.01119465222,0,0,0,0,0.03975913857,0,0,0,0,0,0,0,0,0,0,0,0,0,0,0,0,0,0,0,0,0,0.1263067061,0,0,0.4485932865,0,0,0,0,0,0,0,0,0,0,0,0,-0.5175704538,0,0,0,0,0.3550144894,0,0,0,0,0,0,0,0,0,-0.2109042699,0,0,0,0,0.04834830554,0,0,0,0,0,0,0,0,0,0,0,0,0,0,0,0,0,0,0,0.05357081757,0,0,0,0.190263129,0.403362795,0,0,0,0,0,-0.5659187593,0,0,0,0,0,0,0,0,0,0,0,0,0,0,0,0,0,0.190263129,0,0,0,0.05357081757,0
1,2,2,4,4,1500,500,v1,0.0001111395898,6.587946224e-07,0.02089487012,0.0001146469143,1.397982738e-05,0,3.681368003e-05,4.957078319e-06,4.705885178e-05,0.006950025037,0,2.729591618e-05,0.0006500024201,0.0001785365097,0.5416770836,0.0028524439,0.0007100496651,0,0.001249359208,0.0002517750546,0.002390166992,0.3367179735,0,0.001386387372,9.941496326e-07,1.851933658e-06,0.005618738847,1.551697991e-06,3.470846027e-07,0.0110084197,1.295942422e-05,1.939521222e-05,2.479286005e-05,0.003492727337,0.003661606511,1.438079775e-05,2.371069477e-06,1.60807345e-05,0.0134008199,3.700834988e-06,0.000139651825,0.02625533127,7.056803424e-05,0.0001440589339,0,0.008330234111,0.008733014781,0,1.366318435e-05,9.266453055e-05,2.545221579e-05,2.132590006e-05,0.0008047375453,4.770188267e-06,0.0004066452166,0.0008301333177,0.0001012248829,0.0001781090053,0.0002665598331,3.589312365e-05,-0.05613821234,2.438709158e-05,-3.739470846e-05,-0.02778726272,-1.352148429e-05,0,-7.420053265e-05,2.519895518e-05,0.0008567822904,0.0002325100525,0.8409722744,3.933125944e-05,0.003759868183,0.001627054183,0.5227662172,-0.03054973828,-0.003384619411,-0.001289285453,-0.8783804513,-0.0008285422678,0,-0.003776491568,3.933125944e-05,0.001148184268,8.54468326e-06,0.08713796203,2.519895518e-05,0.001184416365,0.0004774801856,0.02898373339,-0.968266099,-2.519392647e-06,-1.057737556e-05,-0.009092566135,-1.953854484e-05,-0.0146395959,-3.909239924e-05,0.003759868183,0.001184416365,0.0009333534694,0,0.0008567822904,0.001148184268,0.0003309558926,0,-0.9345388422,-6.059295475e-06,-6.067335089e-05,-0.02168597696,2.984453847e-05,-0.034987605,0,0.001627054183,0.0004774801856,0.0003309558926,0.003692744876,0.0002325100525,8.54468326e-06,0.0009333534694,0.002141931875,-0.005598499654,-3.444145496e-05,0.0003675257794,6.015333827e-05,-0.001609298719,-0.0002670833259,-8.091559233e-07,0.5227662172,0.02898373339,0,0.002141931875,0.8409722744,0.08713796203,0,0.003692744876
1,2,2,4,0,1500,500,v1,8.718542595e-06,0.0002642353228,1.257225012e-05,0.0003117145728,3.808748334e-07,0.0006002429151,5.450280626e-05,3.299210302e-06,0,3.989003442e-07,0.0001148756545,0,0.0002425585989,0,0,0.002503883403,2.297395982e-05,0.03620600629,0,0.0001990048128,0,0,0.006929175779,0,0.009871278381,0,0,0.002268098598,0.3084655101,0.0146767113,0,0.0636259973,0,0,0.0004656720262,0,0.004164517843,0.001980478634,0,0.0009568707027,0.004293890448,0.006191845037,0.02044408075,0.153519721,0.2956202016,0,0.0001964587956,0.05657636814,0.0001114216736,5.298770524e-05,0,2.560107535e-05,0.0001148830376,0.003481792535,0.0005469813741,0.004107420087,5.018735336e-06,0,0.0007181759878,4.347324074e-05,-0.8656691107,0.0001605049542,0.0003024396853,1.230788007e-05,-3.621886519e-06,0.0006785514987,0,0.02120727614,0.003413068425,0,0,0.004872741962,0.03523241568,0,0,-0.3690960757,-0.002740745005,0,0,-0.000221524854,0.04084275031,0,0.004872741962,0.006597454761,0.4675262512,0.0311736417,0.02120727614,0.2358791931,0.09643484611,0.0009890970869,-0.01543714909,-0.01213917501,0,0,-0.3720852904,-0.01514095503,0,0.03523241568,0.2358791931,4.239232235e-05,0.3842330408,0.003413068425,0.006597454761,0.0003672103651,0.07353526534,0.006773619661,-0.005110765202,-0.02242418651,0,-0.1576474467,-0.006313178714,-0.3467001725,0,0.09643484611,0.0003672103651,0,0,0.4675262512,4.239232235e-05,0,-0.5719098109,-0.0001367385201,-0.0005987245522,0,-0.004164156864,-0.004191214218,-4.79217178e-05,0,0.0009890970869,0.07353526534,0,0,0.0311736417,0.3842330408,0
1,2,2,4,3,1500,500,v1,0,0,0,0,0.05184408601,0,0,0.3264723192,0,0,0,0,0,0,0,0,0.07210697997,0,0,0.4540717137,0,0,0,0,0,0,0,0,0,0,0,0,0,0,0,0,0,0,0,0,0,0,0,0,0,0,0,0,0,0,0,0,0,0,0,0,0.01308789213,0,0,0.0824170089,-0.6214765052,0,0,0,-0.3775318238,0,0,0,0,0,0,0,0,0,0,-0.4728386172,0,0,0,-0.5261697117,0,0,0,0,0,0,0,0,0,0,0,0,0,0,0,0,0,0,0,0.2053545281,0,0,0,1.293157965,0,0,0,0,0,0,0,0,0,0,1.293157965,0,0,0,0.2053545281,0,-0.9037015355,0,0,0,0,0,-0.09530679342,0,0,0,0,0,0,0,0
1,2,2,4,2,1500,500,v1,0.0005482477903,0.003534056517,0.1748809533,0.005803040649,0.02633212287,0,0.00461905141,0.0172533471,0,0.004466615026,0,0,0,0.00105014694,0,0,0.007250750536,0,0.0001035548006,0.004750840496,0,0,0,0,0.000967579169,0.005498498566,0,0.0005969722071,0.005095239773,0.2521352967,0.0005422059531,0.006659535392,0,0,0.006439759641,0,0.001327202228,0,0,0.0008188506625,0.001084223004,0.3458471807,0,0.01147617971,0,0,0.008833244472,0,0.001081210016,0,0.006144232857,0.0006670796046,0.0008832661268,0.005693616038,0,0.009349110618,0.04242292006,0.0006058816952,0.007441619866,0.02779636751,-0.2334314765,-0.006338113851,-0.008057229046,0.1701767584,-0.04349506612,0,0,0.005018083422,0,0.01888857595,0,0.003096032444,0,0.001862599099,0,-0.126395984,0,-0.001151308595,0,-0.01197669591,0,0,0.003096032444,0.003769121977,0.02128470846,-0.09710520857,0.005018083422,0.03989506411,0.02781935083,-0.002480153811,-0.2118856649,-0.00154001814,-0.005946046466,0,-0.01157055216,0.2453529564,0,0,0.03989506411,0.1139031389,0,0,0.003769121977,0.07463166886,0,0.3957126874,-0.00214165669,0,0,-0.01256018391,-0.3491394732,0,0.001862599099,0.02781935083,0.07463166886,0,0.01888857595,0.02128470846,0.1139031389,0,-0.1047768709,-0.001727735747,0,-0.006736761636,-0.01021115963,-0.01310825833,-0.07021810982,0,-0.002480153811,0,0,0,-0.09710520857,0,0
1,2,2,4,0,1500,500,v1,0,0,0.01434822944,0,0,0.05348445871,0,0,0,0.05211694758,0.0767834873,0,0,0,0,0,0,0.3135841476,0,0,0,0,0.4501884284,0,0,0,0,0,0,0.004039140497,0,0,0,0,0.0146713345,0,0,0,0,0,0,0.001515815435,0,0,0.005650353473,0,0.005505883071,0.008111774048,0,0,0,0,0,0,0,0,0,0,0,0,-0.7530055796,0,0,-0.0654261999,0,0.1217114285,0,0,0,0,0,0,0,0,0,0.1129369087,0,0,0,0,-0.7595914978,0,0,0,0,0.01621201121,0,0,0,0.0588866316,-0.06122575174,0,0,0,0,0.01115998986,0,0,0,0,0.3982480541,0,0,0,0.5717338296,-0.6921462794,0,0,0,0,0.004200448161,-0.008774519758,0,0,0,0,0,0,0,0,0,0,0,0,0,0,0,0,0.0588866316,0.5717338296,0,0,0.01621201121,0.3982480541,0
1,2,2,4,1,1500,500,v1,0.000401254975,0.2097884119,0.02445517912,0.0008852074604,0.03675937599,0,0.1352567245,0.005270696009,0.003005347671,0.04875097028,0,0.0132359292,0,0.06444198125,0,0,0.03248757663,0,0.05606537762,0.004658189533,0.002656096849,0,0,0.01169778465,0.008739157729,0.01525383672,0,0.004208223395,0.04388750487,0.005115996556,0.01327104007,0.0282955579,0.000628715425,0,0.01019864933,0.002768941822,0.05548888411,0,0,0.02671992285,0.0005329865368,0.0324837872,0,0.001175820085,0,0,0.06475585957,0,0.002610629742,0,0.004556745746,0.001257113499,2.507584225e-05,0.01311041968,0,5.531974435e-05,0.002297223389,0.003964429181,0.008452670989,0.0003293844312,-0.2472607578,-0.001283798553,-0.345039399,-0.07305450755,0.01732799012,0,-0.01620790952,0.1002213088,0,0.1177853253,0,0.0482602179,0,0.1024745708,0,-0.02857249503,0,-0.1186235978,0,-0.02379425665,0,-0.01412893563,0.0482602179,0.001437636189,0.3999969243,0.09298962232,0.1002213088,0.003171562916,0.2578897152,0.185373081,-0.7783120643,-0.01292052413,-0.02178189003,0,-0.07203333209,-0.01528287843,-0.003357701314,0,0.003171562916,0.006014777659,0,0,0.001437636189,0.0008624341415,0,-0.1064816578,-0.08220744001,0,0,-0.00170877203,-0.09723774957,0,0.1024745708,0.2578897152,0.0008624341415,0.00935245263,0.1177853253,0.3999969243,0.006014777659,0.04118936707,-0.6620650201,-0.003859720309,0,-0.006434442946,-8.022882053e-05,-0.02151836195,0.001881458665,0,0.185373081,0,0.04118936707,0,0.09298962232,0,0.00935245263
1,2,2,4,4,1500,500,v1,0,0,0.3964120716,0,0,0,0,0,0,0.08661578196,0,0,0,0,0,0,0,0,0,0,0,0,0,0,0.007023214442,0,0,0.07287883267,0,0.3078593491,0,0,0,0,0.06726706921,0,0.0007542549729,0,0,0.00782678963,0,0.03306241707,0,0,0,0,0.007224116804,0,0.001149360692,0,0,0.01192674184,0,0,0,0,0,0,0,0,-0.4145533373,0,0,-0.4830171385,0,0,0,0.007660831404,0,0,0,0.07949528733,0,0,0,0,0,0,0,0,0,0,0.07949528733,0,0,1.104929204,0.007660831404,0,0,0.2414265092,-0.5026703807,-0.07865380374,0,0,0,-0.3743503705,0,0,0,0,0,0,0,0,0,-0.9236138472,0.008142259093,0,0,0,-0.04020296676,0,0,0,0,0,0,0,0,0,-0.07051154465,0.01240746549,0,0,0,0,0,0,0.2414265092,0,0,0,1.104929204,0,0
1,2,2,4,3,1500,500,v1,0,0,0,0,0,0,0,0,0,0,0,0,1.615382938e-05,0,0.000941070804,8.665077384e-06,0,0,0,0,0,0.0009183074481,0,0,0,0,0.4685055865,0,0,0,0,0,0,0.4571730074,0,0,0,0.0003268661143,0.01904218187,0,0,0,0.0001753342881,0,0,0.0185815747,0,0,0,0.02233209204,0,0,0,0,0.01197915993,0,0,0,0,0,0,0,0,0,0,0,0,0,0.03303440491,0,0.6635268248,0,0.01771998875,0,0.6474769195,-0.9095292654,-2.386012106e-05,0,0.001714366865,0,0,0,0,0,0,0,0,0,0,0,0.03741425985,0,0,-0.9114167561,0,0,0,0.01771998875,0,0,0,0.03303440491,0,0,0,-0.9437794471,0,0.0002407955059,0.03569989298,0,0,0,0,0,0,0,0,0,0,0,0.0002169353848,0,-0.03405319782,0,0,0,0,0.6474769195,0,0,0,0.6635268248,0,0,0
1,2,2,4,0,1500,500,v1,0,0.012719519,0,0,0.002421562322,0,0.02724678283,0.006740217587,0.006676421453,0,0,0.007175225864,0,0.002549467142,0.0004204931666,0,0.001817934882,0,0.002590796103,0.005060070746,0.005012177196,0.002043672093,0,0.005386643684,0.0724452617,0.02119771999,0.003496219369,0.1048405811,0.07939498895,0,0.02154135248,0.1700738858,0.0416740922,0.01699225225,0,0.04478761958,0.03252396199,0,0.001569611362,0.0470676894,0,0,0,0,0,0.00762859231,0,0,0.0339619161,0,0.009937367483,0.04914865289,0,0.0372199077,0,0,0.007085985416,0.01009846039,0.0797296456,0.01972325184,-0.2647151727,0,0.03792265389,0,-0.009018042572,0,-0.01363341551,0.2081880333,0,0.05048745068,0.008223206475,0.3012833903,0,0.0513058929,0.03996625544,-0.2280906561,0,-0.0051296007,-0.002459053795,-0.006797121327,0,-0.01027653232,0.3012833903,0,0.04615328334,0,0.2081880333,0,0.09886604112,0,-0.07414464781,-0.1772828888,-0.04273836062,-0.02048813011,-0.2455716229,0,-0.08628490328,0,0,0.01687743256,0,0,0,0.04697693169,0,-0.2831682456,-0.07942655411,0,-0.00917912404,0,0,0,0.0513058929,0.09886604112,0.04697693169,0.07967001157,0.05048745068,0.04615328334,0.01687743256,0.0856222651,-0.5280415371,-0.08293817282,0,-0.01999426774,0,0.1109694193,-0.02675441227,0.03996625544,0,0,0.0856222651,0.008223206475,0,0,0.07967001157
1,2,2,4,4,1500,500,v1,0,0,0,0,0,0.2853394536,0,0,0,0,0.1050259472,0,0.03904699905,0,0,0.004033162003,0,0.4040844874,0,0,0,0,0.1487328707,0,0,0,0,0,0,0,0,0,0,0,0,0,0,0.0007694397085,0,0,0,0,7.947537767e-05,0,0.007962677229,0,0,0.002930852036,0,0.001807898064,0,0,0,0,0.0001867376739,0,0,0,0,0,-0.5636780207,0,0,0,0,-0.3895564196,0,0,0.05398717907,0,0,0,0.00557633223,0,0,-0.3977292043,-0.04240715545,0,0,0,-0.5528070881,0,0,0,0,0,0,0,0,0,0,0,0,0,0,0,0,0.00557633223,0,0,1.045156778,0.05398717907,0,0,0.3846948823,-0.9828780217,0,0.0008055064272,0,0,0,-0.01087093261,0,0,0,0,0,0,0,0,-0.04160164902,0,0.001892641482,0,0,0,0,0,0,0.3846948823,0,0,0,1.045156778,0
1,2,2,4,1,1500,500,v1,0,0,0,0,0.0003044050631,0.007774547524,0,0.0001509243114,0.000709604884,0,0.0007356418907,0.0008767550184,0,0,0,0,0.02711771824,0.6925902842,0,0.01344498974,0.063214669,0,0.06553415805,0.07810512515,0,0,0,0,0,0,0,0,0.01782859725,0,0,0.02202819127,0,0,0,0,0,0,0,0,0.008337201062,0,0,0.0007888811965,0,0,0,0,0,0,0,0,0.0003063951611,0,0,0.0001519110038,-0.8970584192,0,0,0,-0.0004512107127,-0.008410186147,0.001505242538,0,0,0,0,0,0,0,0,0.02089963556,0,0,0,-0.03992863539,-0.7462735019,-0.1391120718,0,0,0,0,0,0,0,0,-0.1376068292,0,0,0,0,0,0.03781874036,0,0,0.04095058658,1.046649931,0,0,0.02030332661,0.09903588238,-0.754683688,0,0,0,0,0,-0.009106854455,0,0,0.02030332661,0.06695528086,0,0,0.04095058658,0.08272685247,-0.0403798461,0,0,0,0,0,-0.0004560960239,0,0,0.09903588238,0.08272685247,0,0,1.046649931,0.06695528086
1,2,2,4,0,1500,500,v1,0,0.1290234449,0.008576106338,0,0,0,0.1339999373,0,0,0.003990865077,0,0,0,0,0,0,0,0,0,0,0,0,0,0,0,0,0,0,0.3339582771,0.02219799432,0,0.3468391983,0,0,0.01032976934,0,0,0,0,0,0,0.0008283927608,0,0,0,0,0.0003854900591,0,0,0,0,0,0,0.004841885428,0,0,0,0,0.005028639132,0,-0.6945406446,0,0.2495738674,0.001593561111,0,0,0,0,0,0,0,0,0,0,0,0,0,0,0,0,0,0,0,0,0.3110091493,0.02118661869,0,0,0.3230049267,0.009859129373,0.252864913,0,0,0,-0.6742399145,-0.02199821455,0,0,0,0,0,0,0,0,0,-0.02040465344,0,0,0,0,-0.000292511936,0,0,0.3230049267,0,0,0,0.3110091493,0,0,-0.4246660471,0,0,0,0,0.001989996429,0,0,0.009859129373,0,0,0,0.02118661869,0,0
1,2,2,4,0,1500,500,v1,0,0,0.0009193456476,0,0,0.007971408334,0,0,0.005931876448,0.0002646891618,0.006191064196,0.005610961221,0.00191617098,0.004950281097,0.001032893169,0.0002228742508,0,0.004822602167,0.008668397106,0,0.00358871093,0.0006428589993,0.00374551627,0.003394561238,0,0.0004191209682,8.745103087e-05,0,0,4.70906552e-05,0.0007339193305,0,0.0003038421395,5.442836092e-05,1.355788879e-05,0.0002874042433,0,0.06532502112,0.0352128118,0,0,0.0189614046,0.007598103352,0,0.1644094352,0.0219159867,0.005459185348,0.1276900298,0,0.05978040316,0.1544380971,0,0,0,0.006953196093,0,0,0.2704353,0,0,-0.3114416533,0,0,0.0001605025898,0,0.01343828474,-0.01136228823,0,0.190338794,0.2396906899,0.0544953698,0,0.02213872736,0.4197204245,0.03391719488,-0.9090670176,-0.002134608169,-0.01359042872,-0.001672276124,0,0.007328626933,-0.006968711444,0,0,0,0.02713877408,0,0,0,0.007813534964,-0.5388351763,0,-0.001150648526,-0.0001415850887,0,-5.424848047e-05,-0.0005842934151,0.02213872736,0,0,0.2254132809,0.190338794,0,0,0.1750692016,-0.04967060165,0,-0.07292177472,-0.05712784857,0,-0.02340779347,-0.2877552334,0.4197204245,0,0,0.01458088826,0.2396906899,0,0,0.01379205137,-0.08979746013,0,-0.06659529805,-0.4248663324,0,0,0,0.03391719488,0.007813534964,0.1750692016,0.01379205137,0.0544953698,0.02713877408,0.2254132809,0.01458088826
1,2,2,4,1,1500,500,v1,0,0,0.01134155458,0,0,0,0,0,0,0.06316836281,0,0,0,0,0.0004985439241,0,0,0,0,0,0,0.0003645982852,0,0,0.079804234,0,0.005593667074,0.01174108353,0,0.03771645643,0,0,0,0.004090795865,0.2100670404,0,0.09396973183,0,0.006586560242,0.01382516209,0,0.04441124385,0,0,0,0.004816924756,0.2473545884,0,0.1435324465,0,0,0.02111700544,0,0,0,0,0,0,0,0,-0.5390300592,0,0,-0.07435536007,0,0,0,0.4754153249,0,0,0.001054439063,0.06994480077,0,0,0.0007711390222,-0.002036058113,0,0,0.0008190060567,0,0,0,0.06994480077,0,0,0.1400501297,0.4754153249,0,0,0.7800279992,-0.6487376035,-0.09135542645,0,0.009189115368,0,-0.2472719739,0,0,0,0,0,0,0,0,0,-0.567621316,-0.1075713137,0,-0.01122517348,0,-0.2917580853,0,0,0,0,0,0,0,0,0,-0.1989267401,-0.164646677,0,0,0,0,0,0.0007711390222,0.7800279992,0,0,0.001054439063,0.1400501297,0,0
1,2,2,4,0,1500,500,v1,0,0,0,0,0,0.05876912907,0,0,0,0,0.8675518504,0,0,0,0,0,0,0.00385754722,0,0,0,0,0.05694524118,0,0,0,0,0,0,0,0,0,0,0,0,0,0,0,0,0,0,0,0,0,0.0008169143985,0,0,0.01205931769,0,0,0,0,0,0,0,0,0,0,0,0,0.06991149706,0,0,0,0,-0.9118498356,0,0,0,0,0,0,0,0,0,-0.8996320203,0,0,0,0,0.05769368178,0,0,0,0,0,0,0,0,0,0,0,0,0,0,0,0,0,0,0,0.080123387,0,0,0,1.182784121,-0.8541561538,0,0,0,0,0,0.01221781528,0,0,0,0,0,0,0,0,0,0,0,0,0,0,0,0,0,1.182784121,0,0,0,0.080123387,0
1,2,2,4,4,1500,500,v1,0,0.01926573738,0.000114541668,0,0.002401686948,0.007105348257,0.003661216214,0.001051942668,0.001563428206,0.02006192909,0.005915512408,0.007343751022,0,0.1251735366,0.0003963488589,0,0.01517835252,0.04490488682,0.01544895955,0.006648142322,0.009880665115,0.000313656877,0.03738527734,0.04641156163,0,0.1250664311,0.0003960097206,0,0.1216527995,0.0007232692056,0.01543574056,0.0231186169,0.009872210664,0.0003133884946,0.1266803231,0.0463718493,0,0,0.0001006839898,0,0,0.0001838884893,0,0,0.01140713052,7.967785218e-05,0.03220799816,0.009496933815,0,0,0.04344257441,0,0,0.042256829,0,0,0.005267780447,0.005361696994,0.008030390138,0.002307296137,-0.5010473814,0,-0.007307039286,-0.02013461832,-0.003413015456,-0.01299385125,-0.008888702899,0,0,0.07147603127,0.001338008019,0,0,0.008821594693,0.001058853612,-0.1065311967,0,-0.05768290556,-0.0007093072785,-0.02178185934,-0.08228879586,-0.05623739238,0,0,0.1308639507,0.001531602446,0,0,0.02486908247,0.2682595792,-0.1681435981,0,-0.04215754537,-0.0007086127613,-0.06552733344,-0.1274014739,-0.05618124408,0,0,0.03405883934,0.09506732722,0,0,0.01491782512,0.0791476974,-0.2442366593,0,0,-0.000179987714,0,-0.03232469555,-0.02086070264,0.008821594693,0.02486908247,0.01491782512,0.03193861537,0.07147603127,0.1308639507,0.03405883934,0.1500223937,-0.1978696985,0,0,0.04630870028,0,-0.0309876494,-0.007456234841,0.001058853612,0.2682595792,0.0791476974,0.1500223937,0.001338008019,0.001531602446,0.09506732722,0.03193861537
1,2,2,4,2,1500,500,v1,0,0,0,0,0,0.0243623372,0,0,0,0,0.1242954941,0,0,0,0,0,0,0.03545762715,0,0,0,0,0.1809031395,0,0,0,0,0,0,0,0,0,0,0,0,0,0,0,0,0,0,0,0,0,0.1040619986,0,0,0.5309194034,0,0,0,0,0,0,0,0,0,0,0,0,-0.8508828059,0,0,0,0,-0.1483494675,0,0,0,0,0,0,0,0,0,-0.7833203064,0,0,0,0,-0.2159119671,0,0,0,0,0,0,0,0,0,0,0,0,0,0,0,0,0,0,0,0.2456342205,0,0,0,1.25321419,-0.3642614347,0,0,0,0,0,-0.6349708388,0,0,0,0,0,0,0,0,0,0,0,0,0,0,0,0,0,1.25321419,0,0,0,0.2456342205,0
1,2,2,4,3,1500,500,v1,0.1754598304,0,0.3943787843,0.02013725213,0,0,0,0,0,0.06554768904,0,0,0.006880358266,0.0001271379966,0.01203347236,0.002481581197,0,0,0.0001661804036,0,0,0.016998655,0,0,0.006837778115,0.0004984062774,0.04717360919,0.01253362806,0,0.1105656882,0.0006514602917,0,0,0.06663811438,0.0183765599,0,0.0006615687586,0.002609631447,0.004564141384,0.001212653675,0.00475931576,0.01069745228,0.0009412318485,0.0005462192753,0,0.006447371333,0.001777969059,0,0.0005062359927,0.0019969041,3.689958819e-05,0.0009279291516,0.003641854165,0,0.0007202357019,0.0004179699442,0,4.823096654e-05,0,0,0.09914927271,-0.1890427727,0,-0.4535922466,0,0,0,0.01196281391,0.01713887475,0.0009931429628,0.07903587549,0.02192780426,0.006181583537,0.001298124108,0.111647207,-0.1111199148,-0.009343434426,-0.0002927099644,-0.02344047938,0,0,0,0.02192780426,0.2614754045,0,0.449101257,0.01196281391,0.03000912592,0,0.07464283245,-0.4774609605,-0.01933179336,-0.001149847449,-0.09505545744,0,0.09259202058,0,0.006181583537,0.03000912592,0,0,0.01713887475,0.2614754045,0,0,-0.7051529582,-0.0018446525,-0.003495169441,-0.008626118182,-0.00146712062,0.01183749969,0,0.001298124108,0,0,0,0.0009931429628,0,0,0,-0.2259675005,-0.00141729958,-0.002708368326,-8.495396682e-05,-0.003813126944,0,0,0.111647207,0.07464283245,0,0,0.07903587549,0.449101257,0,0
1,2,2,4,4,1500,500,v1,0,0.07271314413,0,0,0,0,0.5451259207,0,0,0,0,0,0,0,0,0,0,0,0,0,0,0,0,0,0,0,0,0,0.04022766251,0,0,0.3015842847,0,0,0,0,0,0,0,0,0,0,0,0,0,0,0,0,0,0,0,0,0,0.004748650491,0,0,0,0,0.03560033749,0,0.3626193986,0,-0.6081870533,0,0,0,0,0,0,0,0,0,0,0,0,0,0,0,0,0,0,0,0,0,0.04335108596,0,0,0,0.3250003961,0,-0.5699012816,0,0,0,0.3243336269,0,0,0,0,0,0,0,0,0,0,0,0,0,0,0,0,0,0,0.3250003961,0,0,0,0.04335108596,0,0,-0.2838534264,0,0,0,0,0.03828577166,0,0,0,0,0,0,0,0,0
1,2,2,4,1,1500,500,v1,0.0004072866967,0,0.0001780696976,0.0002933179018,0.07135453969,0.003442315444,0,0.004913476549,0.01613388045,0.0003852751337,0.001258303244,0.004362063451,0.002122392873,0.0627395845,0,0.006361239895,0.2864105089,0.01381713515,0.02250972701,0.01972223947,0.06475990079,0,0.005050712598,0.0175089184,0.0002115935503,0.03771688605,0,0.0001640686343,0,0.0004296863453,0.01353207573,0,0.0389314309,0,0.0009296779092,0.01052576114,2.705302382e-05,0.000163129821,0,2.097678623e-05,0.0001256536608,5.49370003e-05,0.0004889330049,9.049268842e-05,0.001062002615,0,0.0001188627847,0.0003882042068,0.0002542138353,0.001532910248,0.04531401948,0.000197116201,0.001180751521,0,0.004594441465,0.0008503483214,0.2068616087,0.01625777755,0,0.01424449892,-0.2456722609,-0.0006991513273,0,-0.0005621762897,0.07236810639,-0.004690771337,-0.02025491476,0.0007385410215,0.005670189661,0.2163769778,0,0.0005726617413,0.0169947045,0.07763178394,0,0.08758748781,-0.008351010384,-0.08391668467,0,-0.3013501573,-0.018572907,-0.08098279468,0.0005726617413,0.002568850136,0,0.0009933038521,0.0007385410215,0.001850022923,0,0.002149131908,-0.2478321306,-0.0003748853187,-0.05064628539,0,0,-0.001359341615,-0.04935361493,0.0169947045,0.001850022923,0.026919546,0.02712864529,0.005670189661,0.002568850136,0.001853664553,0.009916601148,-0.0432071534,-4.793018091e-05,-0.000644394666,0,-0.0002156979928,-0.0001734392689,-0.001433152614,0.07763178394,0,0.001853664553,0.1778124257,0.2163769778,0,0.026919546,0.04807456085,-0.3738780909,-0.0004513196756,-0.006114524392,-0.06144287107,-0.002031066052,0,0.2097999106,0,0.002149131908,0.009916601148,0.04807456085,0,0.0009933038521,0.02712864529,0.1778124257
1,2,2,4,2,1500,500,v1,0,0,0,0,0.5500933634,0,0,0.434060488,0,0,0,0,0,0,0,0,0.0003141686346,0,0,0.0002479000837,0,0,0,0,0,0,0,0,0,0,0,0,0,0,0,0,0,0,0,0,0,0,0,0,0,0,0,0,0,0,0,0,0,0,0,0,0.008543045274,0,0,0.006741034609,-0.01581327864,0,0,0,-0.9841374871,0,0,0,0,0,0,0,0,0,0,-0.9993898629,0,0,0,-0.0005609028086,0,0,0,0,0,0,0,0,0,0,0,0,0,0,0,0,0,0,0,0.8383845867,0,0,0,0.6615415619,0,0,0,0,0,0,0,0,0,0,0.6615415619,0,0,0,0.8383845867,0,-0.9846983899,0,0,0,0,0,-0.01525237583,0,0,0,0,0,0,0,0
1,2,2,4,2,1500,500,v1,0.0007336517879,0,0,0.002148387012,0.0001263721282,0.005306568766,0,9.173797783e-07,0.002191289551,0,0.00865037121,0.006095701153,0.01968104422,0,0.01019076255,0.007691908501,0.002413587119,0.1013504022,0,1.75210788e-05,0.04185154044,0.01253451614,0.1652138397,0.1164220781,0,0,0.02028348957,0,0,0,0,0,0.08330046749,0.02494844977,0,0.2317241715,0,0.006787245105,0.003514407185,0,0.004832223979,0,0.002652647275,0.01415042859,0.03495190669,0.004322678838,0,0.05697598217,0,0.002072627758,0,0,0.001475621021,0,0.0008100415248,0.004321130388,0.0002541769432,0,0,1.845159935e-06,-0.5456734844,-0.002876060532,0,0,-0.000127025469,-0.01392798883,0.007863241428,0,0.04278331705,0,0.05041338216,0,0.01672093002,0,0.06200784711,-0.4728545261,-0.02737249717,0,-0.02267768711,-0.002431067774,-0.2665598055,0.1501804062,0,0.01055525053,0,0,0,0.03090943628,0,0,0.1276210374,0,0,-0.04452487598,0,0,-0.3101032597,0.01672093002,0.03090943628,0.004189960016,0.2122855252,0.04278331705,0.01055525053,3.041639518e-05,0.34605197,-0.3866003319,0,-0.009420311173,-0.007744923092,-0.01898233691,0,-0.09173720249,0,0,3.041639518e-05,0.06031260038,0,0,0.004189960016,0.1677768178,-0.06120929902,0,-0.002876689707,0,-0.005784727105,0,-0.0002554910317,0.06200784711,0,0.34605197,0.1677768178,0.05041338216,0,0.2122855252,0.06031260038
1,2,2,4,1,1500,500,v1,0,0.001610706312,0.002853113631,0,0,0,0.003051406764,0,0.000181857442,0.001625505945,0,0.0003263280038,0,0,0,0,0,0,0,0,8.315271338e-05,0,0,0.0001492106052,0,0,0,0,0.1605335748,0.284360052,0,0.3041232486,0.01812510763,0,0.1620086035,0.03252399313,0,0,0,0,0,0.01601099509,0,0,0,0,0.009121952739,0,0,0,0,0,0,0.001143978319,0,0,0,0,0.002167212704,0,-0.9890328376,0,-0.004652442367,-0.004469329491,0,0,0.0004821997505,0,0,0,0,0,0,0,0,-0.04937565215,0,0,0,0,0,0.0002204815883,0,0,0.2449198141,0.4547704534,0,0,0.4639889791,0.2590966121,-0.03680422716,0,0,0,-0.4646490972,-0.4463612334,-0.0498578519,0,0,0,0,0,0,0,0,-0.4508305629,0,0,0,0,-0.02508081408,0,0,0.4639889791,0,0.0263857426,0,0.2449198141,0,0.04734701324,-0.4693015396,0,0,0,0,-0.003304322557,0,0,0.2590966121,0,0.04734701324,0,0.4547704534,0,0.0263857426
1,2,2,4,3,1500,500,v1,0,0,0.05232476341,0,0,0.0210793303,0,0,5.477661902e-05,0.05716077616,0.005767239445,0.0001947910965,0.004296881677,0,0.02597697245,0.0008765421167,0,0.005844853479,0,0,1.518840056e-05,0.03356723434,0.001599133798,5.40114606e-05,0,0,0.02918459781,0,0,0.01630006258,0,0,1.706385772e-05,0.03771210197,0.01780656362,6.068077247e-05,0,0.02891023988,0.1747780277,0,0,0.09761631146,0.005897542629,0,0.03932528956,0.2258467582,0.106638306,0.01075927735,0,0.0002779761426,0,0,0,0,5.670572634e-05,0,0,0,0,0,-0.2255052577,0,0,0.103886792,0,-0.02679038167,-0.0002495635658,0,0.04953626001,0,0.3402613164,0,0.01010514635,0,0.4396826623,-0.5721351301,-0.00516294223,0,-0.05884463947,0,-0.007356447099,-6.90563186e-05,0,0,0,0.04646337662,0,0,0,0.05075730205,-0.5507019044,0,0,-0.06675576254,0,0.03236260875,-7.758336304e-05,0.01010514635,0,0,0.09828280345,0.04953626001,0,0,0.02688982936,-0.02899475986,0,-0.03426400771,-0.3943622505,0,-0.2010631866,-0.0493015931,0,0,0,0.0001304415975,0,0,0,0.0004638632736,-0.03942694994,0,-0.000333987631,0,0,0,0,0.4396826623,0.05075730205,0.02688982936,0.0004638632736,0.3402613164,0.04646337662,0.09828280345,0.0001304415975
1,2,2,4,1,1500,500,v1,0,0,0,0,0,0,0,0,0,0,0,0,0,0,0.004905315531,0,0,0,0,0,0,0.002697583879,0,0,0.1755258832,0,0.007869159026,0.016755933,0,0,0,0,0,0.004327492573,0,0,1.520771228e-05,0,6.817906524e-07,1.451748332e-06,0,0,0,0,0,3.74937649e-07,0,0,0.7192412002,0,0,0.06865971641,0,0,0,0,0,0,0,0,0,0,0,0,0,0,0,1.341609305,0,0,0.00463663922,0.128071799,0,0,0.002549830512,-0.01200511002,0,0,0.0072141302,0,0,0,0.128071799,0,0,0,1.341609305,0,0,0,-0.7806893076,-0.1918829624,0,-0.01200611271,0,0,0,0,0,0,0,0,0,0,0,-0.9845627605,-1.662490358e-05,0,1.002693264e-06,0,0,0,0,0,0,0,0,0,0,0,-0.1918995873,-0.7878878156,0,0,0,0,0,0.002549830512,0,0,0,0.00463663922,0,0,0
1,2,2,4,2,1500,500,v1,0,0,0.2413759179,0,0,0,0,0,0,0.6949790125,0,0,0,0,0,0,0,0,0,0,0,0,0,0,0,0,0,0,0,0.003482597874,0,0,0,0,0.01002723243,0,0,0,0,0,0,0.0129239875,0,0,0,0,0.03721125184,0,0,0,0,0,0,0,0,0,0,0,0,0,0.06039062503,0,0,-0.9217270343,0,0,0,0,0,0,0,0,0,0,0,0,0,0,0,0,0,0,0,0,0,0.3330561836,0,0,0,0.9589484303,-0.8741554242,0,0,0,0,0.0128190149,0,0,0,0,0,0,0,0,0,-0.9089080194,0,0,0,0,0.04757161013,0,0,0,0,0,0,0,0,0,0,0,0,0,0,0,0,0,0.9589484303,0,0,0,0.3330561836,0,0
1,2,2,4,1,1500,500,v1,0,0,0,0,0,0,0,0,0,0,0,0,0.007651522228,0,0,0.07489863349,0,0,0,0,0,0,0,0,0,0,0,0,0,0,0,0,0,0,0,0,0,0.06786842676,0,0,0,0,0.6643452466,0,0,0,0,0,0,0.01716942466,0,0,0,0,0.1680667463,0,0,0,0,0,0,0,0,0,0,0,0,0,0.06488464339,0,0,0,0.635137817,0,0,-0.5450106535,0.07832901321,0,0,0,0,0,0,0,0,0,0,0,0,0,0,0,0,0,0,0,0,0.635137817,0,0,0,0.06488464339,0,0,0,0.2540932665,0,-0.7207749068,0,0,0,0,0,0,0,0,0,0,0,0,-0.6424458936,0,0.1757642533,0,0,0,0,0,0,0,0,0,0,0,0
1,2,2,4,0,1500,500,v1,0,0.06194375082,0,0,0,0,0.05222532469,0,0.2482635118,0,0,0.1709341772,0,0,0,0,0,0,0,0,0.009840088375,0,0,0.006775089089,0,0,0,0,0.02075374714,0,0,0.01749766795,0.08317865937,0,0,0.0572700982,0,0,0,0,0,0,0,0,0,0,0,0,0,0,0,0,0,0.147206653,0,0,0,0,0.1241112323,0,-0.1600240505,0,0.0128256292,0,0,0,-0.4126448209,0,0,0,0,0,0,0,0,-0.3944393928,0,0,0,0,0,0.002221359565,0,0,0.1364204947,0,0,0,0.1150173188,0,-0.5714380818,0,0,0,-0.006610588552,0,0.01820542818,0,0,0,0,0,0,0,0,0,0,0,0,0,0,0,0,0.1150173188,0,0.3484276719,0,0.1364204947,0,0.2398993779,0.006215040648,0,0,0,0,-0.1738402497,0,0,0,0,0.2398993779,0,0,0,0.3484276719
1,2,2,4,1,1500,500,v1,0,0,0.05917395239,0,0,0,0,0,0,0.006453380475,0,0,0,0,0,0,0,0,0,0,0,0,0,0,0,0,0,0,0,0.6264857863,0,0,0,0,0.06832315535,0,0,0,0,0,0,0.2160065306,0,0,0,0,0.02355719486,0,0,0,0,0,0,0,0,0,0,0,0,0,-0.9338641814,0,0,-0.06549120085,0,0,0,0,0,0,0,0,0,0,0,0,0,0,0,0,0,0,0,0,0,1.35162756,0,0,0,0.1474055133,-0.3045579953,0,0,0,0,-0.6947973869,0,0,0,0,0,0,0,0,0,-0.7602885877,0,0,0,0,-0.2390667945,0,0,0,0,0,0,0,0,0,0,0,0,0,0,0,0,0,0.1474055133,0,0,0,1.35162756,0,0
1,2,2,4,3,1500,500,v1,0,0.053403991,0.009416076603,0,0,0,0.01601115041,0,0.05047037818,0.007336787212,0,0.119059784,0,0,0,0,0,0,0,0,0.01195587126,0,0,0.02820393866,0,0,0,0,0.1368357881,0.02412659126,0,0.04102499352,0.1293190611,0,0.01879887704,0.3050640799,0,0,0,0,0,0.01167482037,0,0,0,0,0.00909674766,0,0,0,0,0,0,0.02169626571,0,0,0,0,0.006504797996,0,-0.7029982488,0,-0.06927115391,0.0158962182,0,0,-0.1691785067,0,0,0,0,0,0,0,0,-0.6035544143,0,0,0,0,0,-0.04007650567,0,0,0.3176669777,0.005605878045,0,0,0.09524033174,0.004367969388,-0.2710630854,0,0,0,-0.17785782,-0.04225487828,-0.4343759076,0,0,0,0,0,0,0,0,-0.02635866008,0,0,0,0,0.01970942846,0,0,0.09524033174,0,0.2874205023,0,0.3176669777,0,0.6780258776,-0.2471289739,0,0,0,0,-0.02814256571,0,0,0.004367969388,0,0.6780258776,0,0.005605878045,0,0.2874205023
1,2,2,4,3,1500,500,v1,0,0,0.01918885936,0,0,0.005522503011,0,0,0,0.001205298697,0.0001625144638,0,0.001890082239,0.04259978338,0.01235578511,0.0005219283704,0,0.002869175695,0.0150531577,0,0,0.01522865481,8.443319068e-05,0,0.05111929095,0.08529057522,0.02473796662,0.1624028356,0,0.01996015891,0.03013847436,0,0,0.03048984351,0.001253745888,0,0.06825283349,0.005052545325,0.03302933756,0.2168350439,0,0.02665016233,0.001395212702,0,0.007669846287,0.04070905863,0.001673961195,0.0002257057994,0.01170563235,0.0008665316146,0.01953039837,0.03718807226,0,0,0.0002392845264,0,0,0.006901306608,0,0,-0.05977018923,0,0,-0.02015464805,0,-0.005673500904,0,0.01136116625,0.01157404343,0.2209356878,0.1041144926,0.03609380152,0.003196063332,0.07807034542,0.1283223812,-0.2903873515,-0.002406958818,-0.05753335296,-0.02726005114,0,-0.002947482159,0,0.03609380152,0,0,0.0976726689,0.01136116625,0,0,0.006135057284,-0.4660319623,0.2026033693,-0.1154271253,-0.05511219934,0,-0.02116914966,0,0.003196063332,0,0,0.02388684668,0.01157404343,0,0,0.0007029344079,0.1131801277,-0.2806335748,-0.006346967108,-0.07258566541,0,-0.02788135308,-0.00777220433,0.07807034542,0,0,0,0.2209356878,0,0,0,-0.2597446098,0.04639356039,-0.001092811916,-0.02637687719,0,0,0,0.1283223812,0.006135057284,0.0007029344079,0,0.1041144926,0.0976726689,0.02388684668,0
1,2,2,4,1,1500,500,v1,0.0006579071151,0.0002306286622,0.002285233876,0.0001740733191,0.000152398441,0.002486610452,0.001240879693,9.210521204e-05,0,0.003841089984,0.003453641798,0,0.05746581383,2.706325998e-05,0.01557775101,0.005461481656,0.001136203284,0.0185388705,2.691428331e-05,0.0006866884182,0,0.01810885483,0.0257485518,0,6.31396079e-06,2.249014188e-05,0.01294544081,3.591313504e-06,0.001428896858,0.01415853292,2.236633911e-05,0.007688069116,0,0.01504884166,0.02379808892,0,2.986131068e-05,0.2258544399,0.06122430006,1.698479478e-05,0.01927787545,0.06696151026,0.02146493364,0.005100664953,0.07286221031,0.07117214552,0.1125509249,0.1011979881,9.054389897e-07,0.006848239789,3.225146943e-06,5.150040329e-07,0.0005845336214,0.0002049076595,0.000650848452,0.0001546596856,0.0001354021116,3.207393293e-06,0.001102489826,8.183312189e-05,-0.3861111916,-0.0008302546416,-0.001468455978,-0.006113615912,-0.0002440001006,-0.002873957332,0,5.559785789e-05,0.2604430859,7.841848829e-05,0.06997273387,3.162346813e-05,0.02475219684,7.798679523e-05,0.08134204217,-0.539240824,0.05013591076,-5.313301154e-05,0.03196363485,-0.001794378599,0.03157329777,0,3.162346813e-05,0.03077612763,0.002795258968,0.125055081,5.559785789e-05,0.008142946871,0.01503967486,0.2101963498,-0.2879296744,-9.884727597e-06,-4.476408395e-05,-0.001450819528,-0.009116814379,-0.0378778877,0,0.02475219684,0.008142946871,0.002107438497,0.08417097685,0.2604430859,0.03077612763,0.001273677047,0.1169046819,0.06009382755,-4.684532651e-05,-0.2365825807,-0.1313893327,-0.02437813504,-0.1795094503,-0.1627497796,7.798679523e-05,0.01503967486,0.001273677047,0,7.841848829e-05,0.002795258968,0.002107438497,0,-0.2244333359,-1.417496571e-06,-0.003683518498,-6.373093534e-06,-0.0007376599845,-0.001304685526,-0.0002156983299,0.08134204217,0.2101963498,0.1169046819,0,0.06997273387,0.125055081,0.08417097685,0
1,2,2,4,1,1500,500,v1,0,0,0.003257676445,0,0,0,0,0,0.009677769724,4.900077562e-05,0,0.001172999205,0.1047711402,0.0007321830094,0.0003579786253,0.1299709935,0,0,0.01646109788,0,0.1852054936,0.0001924512881,0,0.02244792995,0.002340910621,0.0002787413956,0.0001362821321,0.004944095376,0,0.02373385865,0.006266724763,0,0.0705075604,7.326602769e-05,0.0003569960068,0.008545906203,0.006799374439,0.1158530896,0.0003958430694,0.01436054646,0,0.06893701554,0.1437184049,0,0,0.0002128074226,0.001036925332,0,0.001297636398,0.02211014958,0.000154514648,0.002740659151,0,0,0.02742814577,0,0,0.003473831968,0,0,-0.3632184543,0,0,-0.003299818118,0,0,-0.008893247442,0.01564539125,-0.003613434353,0.00172738243,0.001323116816,0.03304368235,-0.004482554963,0.03883536613,0.0007113149691,-0.2334806593,0.1542573883,-0.0169243495,-0.0005418026585,0,0,-0.2044094127,0.03304368235,0,0,0.1438071229,0.01564539125,0,0,0.002163094035,-0.3334239761,-0.007269894606,-0.006531803532,-0.0002070839052,0,-0.02404088257,-0.06479538172,-0.004482554963,0,0,0,-0.003613434353,0,0,0,0.1530594807,-0.02115956895,-0.1870515552,-0.0006074012932,0,-0.0699727773,0,0.03883536613,0,0,0.3720522703,0.00172738243,0,0,0.04509479249,-0.08467978352,-0.004029918837,0.03819149313,-0.003585679337,0,0,0,0.0007113149691,0.002163094035,0,0.04509479249,0.001323116816,0.1438071229,0,0.3720522703
1,2,2,4,4,1500,500,v1,0,0,0,0,0,0,0,0,0,0,0,0,0.2502051674,0,0,0.01183939597,0,0,0,0,0,0,0,0,0,0,0,0,0,0,0,0,0,0,0,0,0,0.1193769253,0,0,0,0,0.005648766982,0,0,0,0,0,0,0.5852370579,0,0,0,0,0.02769268652,0,0,0,0,0,0,0,0,0,0,0,0,0,0.3381158981,0,0,0,0.01599922194,0,0,-0.4847218457,0.248645099,0,0,0,0,0,0,0,0,0,0,0,0,0,0,0,0,0,0,0,0,0.01599922194,0,0,0,0.3381158981,0,0,0,-0.3547093406,0,0.1186325939,0,0,0,0,0,0,0,0,0,0,0,0,0.3672776929,0,-0.6033544396,0,0,0,0,0,0,0,0,0,0,0,0
1,2,2,4,1,1500,500,v1,0.003111096423,0.000441802753,0.01297446199,0.0209570593,0,0.002822769858,0.006740392233,0,0,0.01167658926,0.04719984409,0,0,0,0.0136939743,0,0,0.004736622512,0,0,0,0.00614019307,0.07920158404,0,7.535626463e-05,0,6.563612901e-05,0.0003908210112,3.553326974e-06,0.0001043508793,0,5.421156245e-05,0,2.94303535e-05,9.391236086e-05,0,0.03058160527,0,0.02663691199,0.1586057105,0.01015456075,0.04234840218,0,0.06840345104,0.009213468216,0.01194363147,0.03811216976,0.1540594116,0.02514549206,0,0,0.1304123377,0.008349510251,0.001185703082,0,0.05624421672,0,0,0.01808975564,0,-0.3240823119,-0.02401823069,-0.007167297059,-0.0245999173,0,0.04746474376,0,0.08362435535,0,0,0.06018981368,0.4337023487,0,0,0.02698829679,-0.151853046,0,0,-0.01952314883,0,0.0796460846,0,0.4337023487,0.03238683795,0.002445173452,0.08309907189,0.08362435535,0.2181650032,0.03730494611,0.0747864322,-0.5339456363,-0.0004652102755,0,-9.394851511e-05,-5.764506663e-05,-0.000197851979,0,0,0.2181650032,0,0.002845028114,0,0.03238683795,0,0.04757202684,-0.161483198,-0.1891838088,0,-0.03850164297,-0.07855606153,-0.08045923345,-0.1607221983,0,0.03730494611,0,0,0,0.002445173452,0,0,-0.2994482534,-0.1552354503,0,0,-0.06446026853,-0.01927513758,0,0.02698829679,0.0747864322,0.04757202684,0,0.06018981368,0.08309907189,0.002845028114,0
1,2,2,4,0,1500,500,v1,0,0.01305754103,1.415108431e-05,0,0,0,0.0009867911573,0,0.01025846701,0.0001316289254,0,0.01713829076,0,0,0,0,0,0,0,0,0.06843800277,0,0,0.1143358349,0,0,0,0,0.2367327332,0.0002565586322,0,0.01789048698,0.1859856253,0,0.002386427521,0.310716574,0,0,0,0,0,7.370827315e-05,0,0,0,0,0.0006856111215,0,0,0,0,0,0,0.01944226644,0,0,0,0,0.001469300885,0,-0.5942447024,0,-0.003606616681,-0.0001434777789,0,0,0.02599584437,0,0,0,0,0,0,0,0,-0.4633666854,0,0,0,0,0,0.1541521829,0,0,0.3615558202,0.0005142046114,0,0,0.02732368103,0.004782969203,0.1571933308,0,0,0,-0.237192172,-0.002637581515,-0.4893625298,0,0,0,0,0,0,0,0,-0.002781059294,0,0,0,0,-0.0007503899154,0,0,0.02732368103,0,0.1736738414,0,0.3615558202,0,0.2901479124,-0.2407987887,0,0,0,0,-0.01845421214,0,0,0.004782969203,0,0.2901479124,0,0.0005142046114,0,0.1736738414
1,2,2,4,0,1500,500,v1,0,0.03642501402,0.01015704041,0,0,0,0.0004177816843,0,0.003668492073,0.05953071079,0,0.006068387297,0,0,0,0,0,0,0,0,0.1407983136,0,0,0.2329073311,0,0,0,0,0.1576218698,0.04395253492,0,0.001807865611,0.01587465634,0,0.2576070922,0.02625971679,0,0,0,0,0,0.0005541558953,0,0,0,0,0.003247923904,0,0,0,0,0,0,0.00306594823,0,0,0,0,3.51653129e-05,0,-0.796205851,0,0.01699505772,0.04909465942,0,0,0.009238991085,0,0,0,0,0,0,0,0,0.01113518539,0,0,0,0,0,-0.3705751942,0,0,0.1859418933,0.05160758093,0,0,0.002132685997,0.3024735407,-0.2989414111,0,0,0,-0.1407074058,-0.2831245201,0.001896194302,0,0,0,0,0,0,0,0,-0.2340298607,0,0,0,0,-0.002024220374,0,0,0.002132685997,0,0.2031353331,0,0.1859418933,0,0.3360246801,-0.1237123481,0,0,0,0,-0.001670704786,0,0,0.3024735407,0,0.3360246801,0,0.05160758093,0,0.2031353331
1,2,2,4,4,1500,500,v1,0.0007039964176,0.0001476851625,0,0.0001914250724,0.001453614017,0.01314715394,2.248697165e-05,0.0007508333937,9.918325002e-07,0,0.004690968818,2.956399741e-05,0.003522855106,1.329184324e-05,0.001052482484,0.0008460471315,0.00122605819,0.01108903435,0.0002064801276,0.0006332942728,8.36566204e-07,0.0008102478995,0.003956621684,2.493590509e-05,0,0.0014870794,0.1177507884,0,0.01393630982,0,0.02310080993,0.002121982997,9.359427026e-05,0.09064980216,0,0.002789806508,0,0.01120610767,0.003347918571,0,0.001888828119,0,0.002691253248,0.0005135950273,0.03527392102,0.00257737685,0,0.01258590752,0,0.3037512639,0.001146063083,0,0.05119832376,0.0107404421,0.07294875257,0.0139214385,0.1057144599,0.01780334355,0.0016353709,0.0546045551,-0.3201383414,-0.0008915549692,-0.0001685527745,0,-0.002199667245,-0.01780112098,-3.049244738e-05,0,0.4605477648,0.0005692666707,0.1832101555,0,0.1106050369,0.008843197309,0.1410433389,-0.8276916893,-0.002356907738,0.0001099268619,-0.001858866487,-0.001837608321,-0.01501444654,-2.571901097e-05,0,0.07947590203,0.03693952248,0,0,0.02161044417,0.005624520227,0,-0.02898193748,0,0.002528522682,-0.2083971253,-0.01602567208,0,-0.002883352833,0.1106050369,0.02161044417,0.1600846487,0.08918887334,0.4605477648,0.07947590203,0.08268831098,0.03182302633,-0.6812333167,0,-0.007600144659,-0.005913004469,-0.002397529903,0,-0.04785903225,0.008843197309,0.005624520227,0.08268831098,0.00014312598,0.0005692666707,0.03693952248,0.1600846487,0.004266220458,-0.03083918814,0,-0.370811482,-0.008913425531,-0.0641018126,-0.01218180362,-0.1578113642,0.1410433389,0,0.03182302633,0.004266220458,0.1832101555,0,0.08918887334,0.00014312598
1,2,2,4,0,1500,500,v1,0,0,0,0,0,0,0,0,0,0,0,0,0,0.2061859821,0,0,0,0,0.09269877174,0,0,0,0,0,0,0.3394476151,0,0,0,0,0.1526116211,0,0,0,0,0,0,0,0,0,0,0,0,0,0,0,0,0,0,0,0.1442175225,0,0,0,0,0,0,0.0648384874,0,0,0,0,0,0,0,0,0,0,0,1.033677938,0,0,0,0.4647293302,0,-0.7006733943,0,-0.2982647841,0,0,0,0,0,0,0,0,0,0,0,0,-0.5068871457,0,-0.4920510328,0,0,0,0,0,0,0,0,0,0,0,0,0,0,0,0,0,0,0,0.4647293302,0,0,0,1.033677938,0,0,0,-0.7903158169,0,0,-0.2086223615,0,0,0,0,0,0,0,0,0,0,0
1,2,2,4,4,1500,500,v1,0.02705968495,0.002234464247,0.0048644167,0.003019443256,0.005107163298,0.008741293054,0.01293659884,0.01769321016,0.001037668377,0.03910943199,0.005245806188,0.002627141045,0,0,0.001619573606,0,0.00304886906,0.00521836808,0,0.01056247429,0.0006194661935,0.007021673905,0.003131635949,0.001568347942,0.0007300958978,0,0.0005465720225,0.006035249932,0.0004501726911,0.0009800235378,0,0.002606308659,0.0002090568091,0.002369667234,0.007879292886,0.0005292844384,0.00405614553,0,0.003036554065,0.0335296392,0.03028740689,0.005444652003,0,0.003379607214,0.009783968288,0.01316500365,0.04377446677,0.005871534231,0.02363611411,0,0,0.1953850946,0.1764918443,0.01457388424,0,0.0196937662,0.03331053821,0,0.08437659909,0.1154007261,-0.5064044702,0.02854105374,-0.01513927245,-0.04388271283,-0.02275255538,-0.01395820693,-0.003664748253,0.04205369563,0,0,0.007797233741,0.3476315597,0,0,0.03380496782,-0.222265526,0,0,-0.008623322959,-0.01345129846,-0.008332683533,-0.002183276049,0.3476315597,0.1789799534,0.02553106818,0.01691530499,0.04205369563,0.01997140078,0.1478141925,0.1359974897,-0.4894209124,-0.006685786398,0,-0.002910190047,-0.003020537595,-0.008840939377,-0.0007368096925,0,0.01997140078,0.06134890187,0.03557174331,0,0.1789799534,0.2125368111,0.02134725167,-0.4734110408,-0.03750689683,0,-0.01620128804,0.03194547568,-0.04921821092,-0.01565510619,0,0.1478141925,0.2125368111,0.002796683152,0,0.02553106818,0.06134890187,0.00708056784,-0.0380698177,-0.215597487,0,0,-0.1931207655,-0.09740369707,-0.1463866214,0.03380496782,0.1359974897,0.02134725167,0.00708056784,0.007797233741,0.01691530499,0.03557174331,0.002796683152
1,2,2,4,3,1500,500,v1,0.004349306044,0.01656852759,0.002352292238,0.0002189029894,0.001614547855,0,0.03081496069,0.001807241722,0,1.628961185e-06,0,0,0.002267149997,0.0009969054534,0.0009996385334,0.002513864312,0.0005696852967,0,0.006676852387,0.0006376763831,0,0.01803282333,0,0,0.0007839812932,0.005707420948,0.005723068207,0.0001883678544,0.03346986319,0.004751834402,0.038225899,0.06224889403,0,0.1032403958,3.290642919e-06,0,0.000956746461,0.01584007932,0.006984254982,0.0002298782887,0.01072213213,0.005798991362,0.01756381808,0.0005396508665,0,0.1259913779,4.015798584e-06,0,0.002003644012,0.0331727175,0.01458662331,0.0004814172566,0.02245457569,0.08553991215,0.03678261729,0.001130151269,0.008335579667,0.09769505255,0.1590913264,0.009330418608,-0.404098907,-0.004558733112,-0.04728519982,-0.002326239444,-0.003414691695,0,0,0.005574077773,0.07640557503,0.0319151999,0.00074428091,0.001339288469,0.08472013864,0.2137545552,0.01342631457,-0.3074010595,-0.004724790306,-0.00765784002,0.01805925071,-0.001204857227,0,0,0.001339288469,0.05595701934,0.2032096253,0.01916227669,0.005574077773,0.00281634787,0.3779392374,1.326986648e-05,-0.5363741259,-0.0009609144715,-0.04384218847,0.1033905422,-0.09552020699,-0.004745190422,0,0.08472013864,0.00281634787,0.01577271513,0,0.07640557503,0.05595701934,0.01765516504,0,0.008303349611,-0.001168017237,-0.03288008215,-0.1308968566,-0.01108518523,-0.005712267835,0,0.2137545552,0.3779392374,0.01765516504,0,0.0319151999,0.2032096253,0.01577271513,0,-0.2543027067,-0.002479979119,-0.06981226999,-0.1122798083,-0.02353832646,-0.2446271683,-0.01766570453,0.01342631457,1.326986648e-05,0,0,0.00074428091,0.01916227669,0,0
1,2,2,4,4,1500,500,v1,0.1913212319,0,0.02843622919,0.05166549381,0,0.03214351188,0,0,0,0.02590977914,0.01950314775,0,0,0,0,0,0,0.04246330844,0,0,0,0,0.0257647074,0,0,0,0,0,0,0.01544339853,0,0,0,0,0.01407131172,0,0,0,0,0,0.07916171355,0.01176586941,0,0.02137728772,0.01329980711,0,0.01072051698,0.008069687719,0,0,0,0,0.3219435078,0,0,0.08693948993,0,0,0,0,-0.4485424492,0.2305617651,0,-0.05434510275,0,-0.05153964874,0,0,0,0,0,0,0,0,0,-0.07286481643,0,0,0,0,-0.06822672184,0,0,0.09039307577,0,0.08338287407,0,0.02441026984,0,0.07597462625,-0.07678484529,0,0,0,0,-0.02945348826,0,0,0.02441026984,0,0.1317174293,0,0.09039307577,0,0.07991987814,-0.3754985375,0,0,0,0.09539801215,-0.02243974254,-0.02132516768,0,0,0,0,0,0,0,0,0.3259597772,0,0,0,-0.402495341,0,0,0,0.07597462625,0.07991987814,0,0,0.08338287407,0.1317174293,0
1,2,2,4,0,1500,500,v1,0,0,0,0,0.1434460059,0,0,0.01500512831,0,0,0,0,0,0,0,0,0.006453010387,0,0,0.0006750153008,0,0,0,0,0,0,0,0,0,0,0,0,0,0,0,0,0,0,0,0,0,0,0,0,0,0,0,0,0,0,0,0,0,0,0,0,0.7554022087,0,0,0.07901863139,-0.8146218365,0,0,0,0.1503488501,0,0,0,0,0,0,0,0,0,0,-0.6710365257,0,0,0,0.006763539249,0,0,0,0,0,0,0,0,0,0,0,0,0,0,0,0,0,0,0,0.9020507225,0,0,0,0.09435875712,0,0,0,0,0,0,0,0,0,0,0.09435875712,0,0,0,0.9020507225,0,0.1571123893,0,0,0,0,0,-0.8213853757,0,0,0,0,0,0,0,0
1,2,2,4,0,1500,500,v1,0,0,0.001759207382,0,0,0,0,0,0,0.006012962891,0,0,0,0,0,0,0,0,0,0,0,0,0,0,0,0,0,0,0,0.01052831386,0,0,0,0,0.03598572925,0,0,0,0,0,0,0.2140594732,0,0,0,0,0.7316543134,0,0,0,0,0,0,0,0,0,0,0,0,0,-0.8868041038,0,0,0.007374745966,0,0,0,0,0,0,0,0,0,0,0,0,0,0,0,0,0,0,0,0,0,0.298584288,0,0,0,1.020559749,-0.923564939,0,0,0,0,0.04413558115,0,0,0,0,0,0,0,0,0,0.05151032712,0,0,0,0,-0.930939685,0,0,0,0,0,0,0,0,0,0,0,0,0,0,0,0,0,1.020559749,0,0,0,0.298584288,0,0
1,2,2,4,1,1500,500,v1,0,0.010457929,0,0,0,0,0.009186165601,0,0,0,0,0,0,0,0,0,0,0,0,0,0,0,0,0,0,0,0,0,0.04274673559,0,0,0.03754840867,0,0,0,0,0,0,0,0,0,0,0,0,0,0,0,0,0,0,0,0,0,0.4791654555,0,0,0,0,0.4208953057,0,-0.9801743816,0,-0.01960334649,0,0,0,0,0,0,0,0,0,0,0,0,0,0,0,0,0,0,0,0,0,0.7983776837,0,0,0,0.7012889084,0,-0.9196491416,0,0,0,-0.08012858654,0,0,0,0,0,0,0,0,0,0,0,0,0,0,0,0,0,0,0.7012889084,0,0,0,0.7983776837,0,0,-0.09973193303,0,0,0,0,-0.9000457951,0,0,0,0,0,0,0,0,0
1,2,2,4,2,1500,500,v1,0,0,0.01314301638,0,0,0,0,0,0,0.006049940273,0,0,0,0,0,0,0,0,0,0,0,0,0,0,0,0,0,0,0,0.09066709559,0,0,0,0,0.04173551163,0,0,0,0,0,0,0.5809731978,0,0,0,0,0.2674312384,0,0,0,0,0,0,0,0,0,0,0,0,0,-0.709518222,0,0,0.0182115387,0,0,0,0,0,0,0,0,0,0,0,0,0,0,0,0,0,0,0,0,0,0.710092918,0,0,0,0.326867107,-0.816938979,0,0,0,0,0.1256322957,0,0,0,0,0,0,0,0,0,0.1438438344,0,0,0,0,-0.8351505177,0,0,0,0,0,0,0,0,0,0,0,0,0,0,0,0,0,0.326867107,0,0,0,0.710092918,0,0
1,2,2,4,4,1500,500,v1,0.004771097182,0.002850372998,0,0.003088480582,0.000539415329,0.000340055418,0.002028683975,0.03568333378,0,0,0.003697728094,0,0.06516221507,0,0,0.1298725971,0.001127140754,0.0007105662363,0,0.07456247084,0,0,0.007726625119,0,0,0,0,0,0.01625276752,0,0,0.01156751381,0,0,0,0,0,0.03540284454,0,0,0.005416458881,0,0.07056020672,0.003506243415,0.0003860529598,0,0,0.004197900694,0,0.1140776485,0,0,0.01745331203,0.0104270459,0.2273642857,0.01129807531,0.001973253465,0,0.007421197486,0.1305344106,-0.3015187544,-0.007767199958,-0.004868936253,0,-0.03579677509,-0.004029407873,0,0,0.02530915195,0,0,0,0.05044281062,0,0,-0.4104000859,0.18506184,0,0,-0.07553112548,-0.00843705099,0,0,0.04095088476,0.04399318999,0,0,0.0265087767,0.03131108798,0,-0.02243730547,0,0,0,-0.02776554651,0,0,0.05044281062,0.0265087767,0.005400389377,0.002152734888,0.02530915195,0.04095088476,0.3572459256,0.02340862106,-0.1995816224,0,0.1005447073,0,-0.008903959834,0,-0.0045744451,0,0.03131108798,0.3572459256,0,0,0.04399318999,0.005400389377,0,0.1249730043,0,-0.3361078558,0,-0.02830194785,-0.01756836922,-0.1304363094,0,0,0.02340862106,0,0,0,0.002152734888,0
1,2,2,4,4,1500,500,v1,0,0,0,0,0.4372200324,0.008735579178,0,0.2663941139,0,0,0.01211671291,0,0,0,0,0,0.006972932105,0.0001393179543,0,0.004248542911,0,0,0.000193241412,0,0,0,0,0,0,0,0,0,0,0,0,0,0,0,0,0,0,0,0,0,0.001575754343,0,0,0.002185655077,0,0,0,0,0,0,0,0,0.1616973941,0,0,0.09852072372,0.2534742445,0,0,0,-0.6926221545,-0.02085194536,0,0,0,0,0,0,0,0,0,-0.4703156588,0,0,0,0.01064767301,-0.0003318695322,0,0,0,0,0,0,0,0,0,0,0,0,0,0,0,0,0,0,0.4055163165,0.01567042292,0,0,0.2470773336,0.02173571,-0.02118381489,0,0,0,0,0,-0.003753607058,0,0,0.2470773336,0,0,0,0.4055163165,0,-0.6819744815,0,0,0,0,0,0.2469120481,0,0,0.02173571,0,0,0,0.01567042292,0
1,2,2,4,3,1500,500,v1,0.1847279615,0,0.1496456608,0.1356767722,0.009885268997,0.0002348601876,0,0.001604290684,0,0.03447672103,0.0008201117034,0,4.436131957e-06,0,0,1.909232492e-06,0.0003631770358,8.628579232e-06,0,5.894038245e-05,0,0,3.013026126e-05,0,0,0,0,0,0,0.09689807902,0,0,0,0,0.02232425598,0,0,1.082285026e-06,0,0,0.001655768894,0.001341316324,4.657962744e-07,0.00121610923,2.105118196e-06,0,0.0003090245882,7.350892831e-06,0,0.0001304328442,0,0,0.1995469224,0,5.613598214e-05,0.1465608245,0.01067826976,0,0,0.001732987611,-0.4702799318,0.3040024389,0,-0.1837458197,-0.01146589035,-0.001052814613,0,0,0.0002034228787,0,0,0,8.754959806e-05,0,0,-0.02512659648,-6.270743927e-06,0,0,-0.0004212418122,-3.830304241e-05,0,0,0.02936335901,0,0.3696274568,0,0.0215664443,0,0.0851581205,-0.1853700499,0,0,0,0,-0.117820335,0,8.754959806e-05,0.0215664443,0.0313578999,0.0003674682789,0.0002034228787,0.02936335901,0.005089109639,0.001283167825,-0.3395279593,0,-1.523589449e-06,0,0.002725026712,-0.001624230245,-9.306414233e-06,0,0,0.005089109639,0,0,0,0.0313578999,0,0.2948325391,0,-0.0001861873178,0,-0.3406806678,0,-0.01241087419,0,0.0851581205,0.001283167825,0,0,0.3696274568,0.0003674682789,0
1,2,2,4,3,1500,500,v1,0,0,0,0,0,0.04405296165,0,0,0,0,0.2132707867,0,0,0,0,0,0,0.02613643869,0,0,0,0,0.1265326696,0,0,0,0,0,0,0,0,0,0,0,0,0,0,0,0,0,0,0,0,0,0.1010072418,0,0,0.4889999016,0,0,0,0,0,0,0,0,0,0,0,0,-0.4359274562,0,0,0,0,0.2441656796,0,0,0,0,0,0,0,0,0,-0.3366242604,0,0,0,0,0.1448624838,0,0,0,0,0,0,0,0,0,0,0,0,0,0,0,0,0,0,0,0.04924345836,0,0,0,0.2383992065,0.3890281634,0,0,0,0,0,-0.58078994,0,0,0,0,0,0,0,0,0,0,0,0,0,0,0,0,0,0.2383992065,0,0,0,0.04924345836,0
1,2,2,4,4,1500,500,v1,0,0,0,0,0.0009725385346,3.603762379e-05,0,0.008866876726,0,0,0.004476948887,0,0.002262691429,0.001131980442,7.806183126e-05,0.003198934916,0.03153179365,0.00116841737,0.007102262367,0.2874832382,0,0.0001316252254,0.145152324,0,0.02724599801,0.0003727307972,2.570366724e-05,0.2341383745,0,0,0.002338584499,0,0,4.334065623e-05,0,0,0.0002270704146,6.209255336e-06,2.142165017e-07,0.001951328697,0,0,8.778485411e-06,0,3.206359337e-06,3.612046356e-07,0,0.0003983255652,0.01760243111,0.0004813396296,0.0002408048396,0.1512664211,0,0,0.000680505582,0,0.006707720585,0.001510855742,0,0.06115596393,-0.3996027747,0,0,0,-0.003153150134,-0.004503625138,0,0.01529939355,0.004106947001,0.002591755827,0.0001558869808,0.1314752735,0.005806295986,0.01626117306,0.000262851369,0.05071758304,-0.005450457588,-0.008177998911,-0.0002096835682,-0.3172772915,-0.1463183084,0,0.1314752735,0,0,0,0.01529939355,0,0,0,0.1404796356,-0.248441771,-0.002666519574,-6.890110413e-05,0,0,0,0.005806295986,0,0.03796045222,0.001811340781,0.004106947001,0,0.346094924,0.225022608,-0.2561252401,0.0005809267073,-1.481148719e-05,-5.742275304e-07,0,0,-0.0004006990193,0.01626117306,0,0.346094924,0,0.002591755827,0,0.03796045222,0,-0.5846010735,0.1500110663,-0.001143559583,-0.001724100775,0,0,0.06439352409,0.000262851369,0,0.225022608,0,0.0001558869808,0,0.001811340781,0
1,2,2,4,0,1500,500,v1,0,0,0,0,0,0,0,0,0,0,0,0,0.2801639843,0,0,0.0798084876,0,0,0,0,0,0,0,0,0,0,0,0,0,0,0,0,0,0,0,0,0,0.3201034937,0,0,0,0,0.09118579525,0,0,0,0,0,0,0.1780253254,0,0,0,0,0.05071291378,0,0,0,0,0,0,0,0,0,0,0,0,0,1.166005563,0,0,0,0.3321521927,0,0,-0.639545013,-0.3592268239,0,0,0,0,0,0,0,0,0,0,0,0,0,0,0,0,0,0,0,0,0.3321521927,0,0,0,1.166005563,0,0,0,-0.5874905883,0,-0.4112812487,0,0,0,0,0,0,0,0,0,0,0,0,-0.7705080726,0,-0.2282637643,0,0,0,0,0,0,0,0,0,0,0,0
1,2,2,4,4,1500,500,v1,0,0.001951111494,0,0,0,0,0.01282544596,0,0,0,0,0,0,0,0,0,0,0,0,0,0,0,0,0,0,0,0,0,0.07690041289,0,0,0.5054975552,0,0,0,0,0,0,0,0,0,0,0,0,0,0,0,0,0,0,0,0,0,0.0531894804,0,0,0,0,0.3496359941,0,-0.1910722947,0,0.01402096888,0,0,0,0,0,0,0,0,0,0,0,0,0,0,0,0,0,0,0,0,0,0.03506705243,0,0,0,0.2305099363,0,0.3962481011,0,0,0,-0.5732994269,0,0,0,0,0,0,0,0,0,0,0,0,0,0,0,0,0,0,0.2305099363,0,0,0,0.03506705243,0,0,-0.559278458,0,0,0,0,0.3822271322,0,0,0,0,0,0,0,0,0
