1,2,2,4,2,1500,500,v1,0,0.009006413076,0.001258560307,0,0.0005792081307,0.002841735813,0.002467417503,0.0008495410083,0,0.0003577089372,0.002219624157,0,0,0.0252873714,0.004201386862,0,0.03799527511,0.1864140509,0.01270760974,0.05572874864,0,7.15312758e-05,0.1456043623,0,0,0.002212976586,0.0003676764424,0,0.05170349932,0.00722507078,0.001112082485,0.0141648088,0,6.259924609e-06,0.002053514938,0,0,0,0.0002321806605,0,0,0.004562494391,0,0,0.01030177389,3.953022992e-06,0.001296755516,0.008046513715,0,0,0.01169801025,0,0,0.2733097444,0,0,0.01757672281,0.005878576572,0.07487656199,0.02578027833,-0.7868405677,0,-0.006939793149,-0.00160981817,-0.001425785458,-0.005050861096,0,0,0,0.02438316689,0.007176944338,0,0,0.01225322157,0.0001221920289,-0.05556185554,0,-0.03751818865,-0.004264246074,-0.09372246205,-0.3320128925,0,0,0,0.343205009,0.01937833377,0,0,0.09402522835,0.005507724853,-0.392234411,0,0.00315503458,-0.0003680353777,0.06121307407,-0.009133542781,0,0,0,0.08416936957,0.2992907957,0,0,0.1234536013,0.2337701757,-0.352439396,0,0,-0.0002338094597,0,-0.005847344798,-0.01831022741,0.01225322157,0.09402522835,0.1234536013,0,0.02438316689,0.343205009,0.08416936957,0,-0.07523812065,0,0,0.009938895092,0,-0.3457601058,-0.04326706641,0.0001221920289,0.005507724853,0.2337701757,0,0.007176944338,0.01937833377,0.2992907957,0
1,2,2,4,1,1500,500,v1,0.05599899628,0,0,0.1359022735,0,0,0,0,0,0,0,0,0,0,0,0,0,0,0,0,0,0,0,0,0,0,0,0,0,0,0,0,0,0,0,0,0,0,0,0,0.2268856854,0,0,0.5506220205,0,0,0,0,0,0,0,0,0.008926812492,0,0,0.02166421175,0,0,0,0,-0.8080223464,-0.1915032054,0,0,0,0,0,0,0,0,0,0,0,0,0,0,0,0,0,0,0,0,0,0.4375095672,0,0,0,1.061778761,0,0,0,0,0,0,0,0,0,0,1.061778761,0,0,0,0.4375095672,0,0,-0.2220307741,0,0,0,-0.7774947777,0,0,0,0,0,0,0,0,0,0,-0.9689979831,0,0,0,-0.0305275687,0,0,0,0,0,0,0,0,0,0
1,2,2,4,0,1500,500,v1,0,0,0,0,0,0,0,0,0,0,0,0,0,0,0.004788154479,0,0,0,0,0,0,0.01360914818,0,0,0,0,0.008415011402,0,0,0,0,0,0,0.02391759448,0,0,0,0,0.2470607743,0,0,0,0,0,0,0.7022093172,0,0,0,0,0,0,0,0,0,0,0,0,0,0,0,0,0,0,0,0,0,0,0,0,0.3903486668,0,0,0,1.109469812,-0.9815198449,0,0,-0.01835914079,0,0,0,0,0,0,0,0,0,0,0,-0.967613448,0,0,-0.03226553775,0,0,0,0,0,0,0,0,0,0,0,-0.05062467854,0,0,-0.9492543072,0,0,0,0,0,0,0,0,0,0,0,0,0,0,0,0,0,0,1.109469812,0,0,0,0.3903486668,0,0,0
1,2,2,4,1,1500,500,v1,0,0,0.04076663873,0,0,0,0,0,0.09000475902,0.3600008229,0,0.1400298018,0,0,0,0,0,0,0,0,0.007520345385,0,0,0.01170018658,0,0,0,0,0,0.005630226647,0,0,0.01243043843,0,0.0497192383,0.01933933103,0,0,0,0,0,0.02673831277,0,0,0,0,0.2361198985,0,0,0,0,0,0,0,0,0,0,0,0,0,-0.2691648548,0,0,-0.400760505,0,0,-0.2264409218,0,0,0,0,0,0,0,0,-0.1962956765,0,0,0,0,0,0.01823770396,0,0,0,0.1096010352,0,0,0,0.9678614283,-0.8712768743,0,0,0,0,-0.05523465251,0.03014524527,0,0,0,0,0,0,0,0,-0.4559951575,0,0,0,0,-0.2623131515,0,0,0,0,0.1045021117,0,0,0,0.1625848471,0,0,0,0,0,0,0,0,0.9678614283,0,0.1625848471,0,0.1096010352,0,0.1045021117
1,2,2,4,1,1500,500,v1,0.01346829913,0,0.01011801801,0.07877197653,0,0,0,0,0,0.01856358931,0,0,0,0,0,0,0,0,0,0,0,0,0,0,0,0,0,0,0,0.05740598351,0,0,0,0,0.1053231078,0,0,0,0,0,0.007946229987,0.00596958067,0,0.04647507722,0,0,0.01095242604,0,0,0,0,0,0.09417935716,0,0,0.5508263546,0,0,0,0,-0.8789166974,-0.09204893992,0,-0.02862211253,0,0,0,0,0,0,0,0,0,0,0,0,0,0,0,0,0,0,0,0.1733218496,0,0.1101888853,0,1.013706671,0,0.2021642194,-0.0455090176,0,0,0,0,-0.1627263855,0,0,1.013706671,0,0,0,0.1733218496,0,0,-0.9283924247,0,0,0,-0.05430842007,-0.01688690507,0,0,0,0,0,0,0,0,0,-0.14635736,0,0,0,-0.6449949868,0,0,0,0.2021642194,0,0,0,0.1101888853,0,0
1,2,2,4,1,1500,500,v1,0,0.6161735832,0,0,0,0,0.3314470725,0,0,0,0,0,0,0,0,0,0,0,0,0,0,0,0,0,0,0,0,0,0.03266874475,0,0,0.01757290495,0,0,0,0,0,0,0,0,0,0,0,0,0,0,0,0,0,0,0,0,0,0.001389998106,0,0,0,0,0.0007476964537,0,-0.05227069281,0,-0.9476048989,0,0,0,0,0,0,0,0,0,0,0,0,0,0,0,0,0,0,0,0,0,0.9752271476,0,0,0,0.5245862399,0,-0.9497381592,0,0,0,-0.05013743251,0,0,0,0,0,0,0,0,0,0,0,0,0,0,0,0,0,0,0.5245862399,0,0,0,0.9752271476,0,0,-0.9977423314,0,0,0,0,-0.002133260299,0,0,0,0,0,0,0,0,0
1,2,2,4,1,1500,500,v1,0,0,0.07760286975,0,0.04061944913,0.05651057782,0,0.02165589074,0.002884603198,0.01423800682,0.002701552648,0.004236405983,0.008718524698,0.0005980924407,0.03217473994,0.05972310081,0.008222696238,0.01143957699,0.0007683598792,0.004383855889,0.0005839374087,0.002318185538,0.00054688203,0.0008575862126,0.01206808194,0.0002753973155,0.01481516301,0.02502067582,0,0.007233515035,0.0003537985664,0,0.0002688794973,0.001067430435,0.00132715242,0.0003948836747,0.06647008509,0.02211171235,0.08160080048,0.1378119953,0,0.03984165524,0.1514682898,0,0.02901277963,0.005879326327,0.007309855433,0.001386989032,0.006995462783,0.002327086848,0.0001596385972,0.01450364751,0,0,0.01594086697,0,0.002194743828,0.0002050851757,0,0.001170107757,-0.0956441324,0,0,-0.09183934815,-0.06106767781,-0.04338473019,-0.007106664901,0.128239471,0.02127578059,0.001532453152,0.08060217146,0.2658780616,0.1457420451,0.001968718811,0.005807375332,-0.3203059099,0.02565666521,-0.001345065507,-0.008884151194,-0.01240804194,-0.004186950978,-0.001418833319,0.2658780616,0,0,0.1868686509,0.128239471,0,0,0.03428529233,-0.4289318486,-0.03701182385,-0.0006278996693,-0.003532479248,0,-0.008542909903,-0.0006584902438,0.1457420451,0,0.07509650252,0.09400630408,0.02127578059,0,0.04003701892,0.004494078739,-0.1972494938,-0.2042786836,-0.1329326312,-0.04518973408,0,-0.04705370409,-0.01809524071,0.001968718811,0,0.04003701892,0.005580423046,0.001532453152,0,0.07509650252,0.00819555965,-0.4240151583,-0.02145451428,-0.004069251193,-0.0003611494652,0,0,-0.003279961215,0.005807375332,0.03428529233,0.004494078739,0.00819555965,0.08060217146,0.1868686509,0.09400630408,0.005580423046
1,2,2,4,3,1500,500,v1,0.003667200279,0,0.00156014236,0.003264871894,0,0.001473991861,0,0,0,0.0009391717851,0.00321963829,0,0,0,0,0,0,0.02087566192,0,0,0,0,0.04559867813,0,0,0,0,0,0,0.5373806747,0,0,0,0,0.3234914841,0,0,0,0,0,0.008215945626,0.003495321724,0,0.007314574583,0.003302311318,0,0.002104107693,0.007213233834,0,0,0,0,0.01422162169,0,0,0.01266136819,0,0,0,0,-0.9202246245,0.0009451127571,0,-0.001223700544,0,-0.003165067387,0,0,0,0,0,0,0,0,0,0.00555287611,0,0,0,0,-0.06501971541,0,0,0.008681798288,0,0.7989440771,0,0.007729318882,0,0.4809469662,0.004089406099,0,0,0,0,-0.8573501016,0,0,0.007729318882,0,0.02801253006,0,0.008681798288,0,0.06118772889,-0.9498411434,0,0,0,0.01214181359,0.005313106643,0.008717943497,0,0,0,0,0,0,0,0,0.01308692634,0,0,0,-0.02402767112,0,0,0,0.4809469662,0.06118772889,0,0,0.7989440771,0.02801253006,0
1,2,2,4,1,1500,500,v1,0.1511961173,0,0,0.222788919,0,0,0,0,0,0,0,0,0,0,0,0,0,0,0,0,0,0,0,0,0,0,0,0,0,0,0,0,0,0,0,0,0,0,0,0,0.101312935,0,0,0.1492855747,0,0,0,0,0,0,0,0,0.1517748164,0,0,0.2236416376,0,0,0,0,-0.6252408812,-0.3734563424,0,0,0,0,0,0,0,0,0,0,0,0,0,0,0,0,0,0,0,0,0,0.6056358813,0,0,0,0.8924099542,0,0,0,0,0,0,0,0,0,0,0.8924099542,0,0,0,0.6056358813,0,0,-0.7486185293,0,0,0,-0.2500786944,0,0,0,0,0,0,0,0,0,0,-0.6235350368,0,0,0,-0.3751621869,0,0,0,0,0,0,0,0,0,0
1,2,2,4,2,1500,500,v1,0.0343723902,0,0,0.004380961814,0,0,0,0,0,0,0,0,7.916550413e-05,0.000317335641,0.0008374832691,0.0009197380759,0,0,0.0001321345786,0,0,0.001810719532,0,0,0.004309103064,7.12949743e-05,0.000188155191,0.002273516664,0,0,2.96863326e-05,0,0,0.0004068096546,0,0,0.003928624494,1.621547538e-05,0.0001715417527,0.002072773179,0.0008170541061,0,0.0001883900101,0.0001041383162,0,0.0003708898,0,0,0.5127335866,0.00211631803,0.00848328001,0.2705222726,0.1066355624,0,0.0245872024,0.01359132502,0,0.003532331337,0,0,-0.1211441677,-0.03867296594,0,0,0,0,0,0.7454947941,0.003317198954,0.01312634615,0.001785736243,0.3933289161,0.03853893456,0.00546564581,0.00386093384,-0.03998439511,-0.0009968315361,-0.0004391830562,-0.002642787331,0,0,0,0.3933289161,0.212625357,0,0,0.7454947941,0.02710034344,0,0,-0.780941537,0.006246022226,-9.379328192e-05,-0.0005856067506,0,0,0,0.03853893456,0.02710034344,0,0,0.003317198954,0.212625357,0,0,-0.9546697004,0.005627739523,-0.0002041810686,-0.00053605264,-0.0009192815763,0,0,0.00546564581,0,0,0,0.01312634615,0,0,0,-0.02945247471,-0.7710895686,-0.02670307641,-0.01186168497,-0.1202248861,0,0,0.00386093384,0,0,0,0.001785736243,0,0,0
1,2,2,4,4,1500,500,v1,0,0,0,0,0.111766044,0.06648488705,0,0.04592681997,0,0,0.04411425414,0,0,0,0,0,0.2528557473,0.1504131774,0,0.1039032963,0,0,0.0998026082,0,0,0,0,0,0,0,0,0,0,0,0,0,0,0,0,0,0,0,0,0,0.01098928976,0,0,0.00729164691,0,0,0,0,0,0,0,0,0.0754488454,0,0,0.03100338364,-0.5186314487,0,0,0,0.1496293504,-0.1103697267,0,0,0,0,0,0,0,0,0,0.1220254789,0,0,0,-0.3511856864,-0.2502116175,0,0,0,0,0,0,0,0,0,0,0,0,0,0,0,0,0,0,0.1068956966,0.3415862143,0,0,0.04392550041,0.2266503262,-0.3605813441,0,0,0,0,0,-0.01824301618,0,0,0.04392550041,0,0,0,0.1068956966,0,-0.2015563359,0,0,0,0,0,0.1010088713,0,0,0.2266503262,0,0,0,0.3415862143,0
1,2,2,4,2,1500,500,v1,0,0.04071863101,0,0,0,0,0.7597192314,0,0,0,0,0,0,0,0,0,0,0,0,0,0,0,0,0,0,0,0,0,0.00993509659,0,0,0.1853668397,0,0,0,0,0,0,0,0,0,0,0,0,0,0,0,0,0,0,0,0,0,0.0002167183407,0,0,0,0,0.004043482974,0,0.189357672,0,-0.787933286,0,0,0,0,0,0,0,0,0,0,0,0,0,0,0,0,0,0,0,0,0,0.04567471262,0,0,0,0.8521887084,0,-0.783890927,0,0,0,0.185315313,0,0,0,0,0,0,0,0,0,0,0,0,0,0,0,0,0,0,0.8521887084,0,0,0,0.04567471262,0,0,-0.602617973,0,0,0,0,0.004042359001,0,0,0,0,0,0,0,0,0
1,2,2,4,1,1500,500,v1,0.02719742636,0.001314503728,0.01004683782,0.002970021551,0.08125388813,0,0.02577793878,0.04132026079,0,0.004019345531,0,0,0.0007270332974,0,0,0.001150268542,0.01085619054,0,0,0.00552072811,0,0,0,0,0.04769621113,0,0,0.06057100907,0.01175869328,0.08987246047,0,0.2305926327,0,0,0.03595444445,0,0.005663524221,0.005779910548,0,0.007192298274,0.02888869544,0.01067159937,0.009144628315,0.003154712027,0,0,0.004269288108,0,0.006125259421,0.00625113448,0,0.007778671201,0.03124392993,0.001510079,0.009890170598,0.003411909054,0.09334305217,0,0.02961324731,0.04746799626,-0.6038415984,-0.03010489616,-0.02703624414,-0.0140370056,0.1163036931,0,0,0.08918962199,0.01899876921,0,0,0.1132648752,0.03005871391,0,0,-0.05316177253,-0.001847678049,0,0,0.01553949676,0,0,0.1132648752,0.1308197862,0.0218658321,0.16581964,0.08918962199,0.0142858122,0.4287976283,0.06633793046,-0.1137461565,-0.1082654199,0,0,-0.2423472962,-0.1258248127,0,0.03005871391,0.0142858122,0.006726701402,0,0.01899876921,0.1308197862,0.003420746199,0,-0.3447181802,-0.01282915542,-0.01474921786,0,-0.03197698392,-0.01490989532,0,0,0.4287976283,0.003420746199,0,0,0.0218658321,0.006726701402,0,-0.3373137019,-0.01387508944,-0.01610809284,0,-0.03465518549,-0.03105876661,-0.1386081549,0,0.06633793046,0,0,0,0.16581964,0,0
1,2,2,4,3,1500,500,v1,0,0.02281613607,0.07875543595,0,0.007014139089,0.0002933827502,0.007601991197,0.02053002174,0,0.08977716011,0.06206545391,0,0,0.0006719320819,0.001992283057,0,0.0001293601834,5.410791816e-06,0.002544121557,0.0003786305552,0,0.001663234407,0.001144659152,0,0,0.03653353234,0.1083221645,0,0.02287887339,0.07897198906,0.1383261042,0.007622894324,0,0.09043150285,0.09002401956,0,0,0,0.01567409389,0,0,0.01142715692,0,0,4.256888028e-05,0.01308533552,0.01302637315,0.009005494955,0,0,0.01054454022,0,0,0.006603445798,0,0,0.002030032042,0.03992455904,0.002200168191,0.005941798618,-0.09704327617,0,-0.03038038244,0.009860782992,-0.02754370276,-0.06223131735,0,0,0,0.07158919559,0.142632917,0,0,0.2710565867,0.1190754368,-0.5037194378,0,-0.003209382519,-0.002609706686,-0.0005069370038,-0.001136545296,0,0,0,0.07835549301,0.02061994275,0,0,0.02610686753,0.02350566239,-0.08068561478,0,-0.1748567287,-0.1534622494,-0.03047583876,-0.06248096958,0,0,0,0.01375340306,0.0005100418599,0,0,0.04025549843,0.1078999346,-0.2720600053,0,0,-0.01840027977,0,0.02320311649,-0.008905454971,0.2710565867,0.02610686753,0.04025549843,0,0.07158919559,0.07835549301,0.01375340306,0,-0.2669729721,0,0,-0.05036441036,0,-0.008785352488,-0.007955294562,0.1190754368,0.02350566239,0.1078999346,0,0.142632917,0.02061994275,0.0005100418599,0
1,2,2,4,2,1500,500,v1,0,0,0,0,0,0,0,0,0.01775166114,0,0,0.6414827128,0,0.04158398052,0,0,0,0,0.0007000092941,0,0.001157165251,0,0,0.04181588972,0,0.09173428784,0,0,0,0,0.001544220954,0,0.002552707291,0,0,0.09224587968,0,0,0,0,0,0,0,0,0,0,0,0,0,0,0.06631516069,0,0,0,0,0,0,0.001116324802,0,0,0.04332021528,0,0,0,0,0,-0.6399984768,0,0,0.0298056456,0,0,0,0.0005017368246,0,-0.6147533797,0,0.02763886318,0,0,0,-0.02976866666,0,0,0,0,0,0,0,0,-0.5981516941,0,-0.09182037107,0,0,0,0.07308888194,0,0,0,0,0,0,0,0,0,0,0,0,0,0,0,0.0005017368246,0,0,0.02410075399,0.0298056456,0,0,0.8709166384,-0.06418150789,0,0,0.04397658627,0,0,0,0,0,0,0.8709166384,0,0,0,0.02410075399
1,2,2,4,1,1500,500,v1,0,0,0,0,0.009809904218,0,0,0.5142221313,0,0,0,0,0,0,0,0,0.006840706853,0,0,0.3585807547,0,0,0,0,0,0,0,0,0,0,0,0,0,0,0,0,0,0,0,0,0,0,0,0,0,0,0,0,0,0,0,0,0,0,0,0,0.002069435706,0,0,0.1084770672,0.4516295998,0,0,0,-0.5158453931,0,0,0,0,0,0,0,0,0,0,-0.4109516057,0,0,0,0.3467358123,0,0,0,0,0,0,0,0,0,0,0,0,0,0,0,0,0,0,0,0.001803183983,0,0,0,0.09452050604,0,0,0,0,0,0,0,0,0,0,0.09452050604,0,0,0,0.001803183983,0,-0.1691095808,0,0,0,0,0,0.1048937875,0,0,0,0,0,0,0,0
1,2,2,4,4,1500,500,v1,0.09063128218,0,0,0.2210385963,0.09948550747,0,0,0.07551554929,0,0,0,0,0,0,0,0,0.0252783111,0,0,0.01918777515,0,0,0,0,0,0,0,0,0,0,0,0,0,0,0,0,0,0,0,0,0.04913278893,0,0,0.1198288542,0,0,0,0,0,0,0,0,0.05584973455,0,0,0.1362106619,0.06130597571,0,0,0.04653496321,0.04066729441,-0.2484330283,0,0,-0.04481303085,0,0,0,0,0,0,0,0,0,0,-0.1509617139,0,0,0,-0.01111801963,0,0,0,0.0394746739,0,0,0,0.09627387297,0,0,0,0,0,0,0,0,0,0,0.09627387297,0.1382098829,0,0,0.0394746739,0.1049097174,0,-0.1260934746,0,0,0,0.03559444335,0,0,0,0,0.1049097174,0,0,0,0.1382098829,0,-0.2687696355,0,0,0,0.1223395538,0,-0.1061486831,0,0,0,0,0,0,0,0
1,2,2,4,0,1500,500,v1,0,0,0,0,0,0,0,0,0,0,0,0,0,0,0.03770637221,0,0,0,0,0,0,8.4934681e-05,0,0,0,0,0.3108339079,0,0,0,0,0,0,0.0007001622607,0,0,0,0,0.6492122538,0,0,0,0,0,0,0.001462369156,0,0,0,0,0,0,0,0,0,0,0,0,0,0,0,0,0,0,0,0,0,0,0,0,1.495528132,0,0,0,0.003368719792,-0.961551652,0,0,-0.03771291567,0,0,0,0,0,0,0,0,0,0,0,-0.6883767178,0,0,-0.3108878499,0,0,0,0,0,0,0,0,0,0,0,-0.3486007656,0,0,-0.6506638021,0,0,0,0,0,0,0,0,0,0,0,0,0,0,0,0,0,0,0.003368719792,0,0,0,1.495528132,0,0,0
1,2,2,4,3,1500,500,v1,0,0.007483118046,0,0,0.01803725804,0,0.01618074358,0.007847603131,0.1344939075,0,0,0.3856015866,0,0.001874131356,0.0008697957529,0,0.002337705381,0,0.05686770114,0.001017082753,0.01743098262,0.001672729383,0,0.04997560617,4.858396368e-05,3.107140557e-05,1.442042817e-05,4.746699201e-06,1.607913669e-05,0,0.000942815134,3.476791174e-05,0.0002889899518,2.77323427e-05,0,0.0008285504228,0.02955252551,0,0.008771620078,0.002887309692,0,0,0,0,0,0.0168689564,0,0,0.01019913205,0,0.00652275657,0.0009964648471,0,0.003375460253,0,0,0.008136186976,0.1979232512,0.007298756545,0.003539870985,-0.09408447285,0,-0.02366346771,0,-0.02588442987,0,-0.5200868461,0.0290507163,0,0.01263584825,0.01427506287,0.002838282456,0,0.3834158385,0.02745284159,-0.7894342335,0,-0.05861998324,-0.002537180765,-0.003347829235,0,-0.06726676603,0.002838282456,0,0.01630124647,0,0.0290507163,0,0.03524818036,0,-0.9338186286,5.0603638e-05,-0.0009718663884,-4.165706069e-05,-5.074157545e-05,0,-0.00111522224,0,0,0.0427336857,0,0,0,0.0185924607,0,0.008094883802,-0.03193305413,0,-0.02523976515,0,0,0,0.3834158385,0.03524818036,0.0185924607,0.2282623303,0.01263584825,0.01630124647,0.0427336857,0.6544409213,-0.1444207685,0.01062311799,0,-0.2044426082,0,-0.01065207527,-0.0116518385,0.02745284159,0,0,0.6544409213,0.01427506287,0,0,0.2282623303
1,2,2,4,2,1500,500,v1,0.0002745595137,0,0.001846117179,0.001247302714,0.003911339442,7.676148686e-05,0,0.001772595671,0,0.0005330855085,8.183260447e-05,0,1.502820733e-05,0.001905277433,0.004710601619,4.864278533e-05,0.01208478292,0.0002371683458,0.001321441509,0.005476751432,0,0.001556263596,0.0002528364708,0,0.05339540846,0.002635705587,0.006516509768,0.005929206531,0,0.007890622804,0.001828043888,0,0,0.002152889959,0.002278499284,0,0.03070866319,1.195646645e-05,0.00374776239,0.003409993697,0.0006749094586,0.004538039599,3.870027995e-05,0.003066061664,0.0001886915257,0.001238165875,0.001310406065,0.0002011571117,0.4686071851,0.0001824529466,0.02313140046,0.05203572484,0.01029896416,0,0.0005905574313,0.04678740058,0.1467177159,0.01604322404,0,0.06649159245,-0.3082749383,-0.0015187054,0,-0.002353761093,-0.00567214482,-0.0001582651166,0,0.583251854,0.0003140679177,0.03327345969,0.02222856963,0.06476625616,0.001016564249,0.02307744268,0.007343760498,-0.2687778463,-6.353891872e-05,-0.002499281165,-0.00625379116,-0.01752510613,-0.0004899949121,0,0.06476625616,0.01686943858,0,0.02118334028,0.583251854,0.07663655953,0,0.006116910422,-0.5418782255,0.05629109371,-0.003363310243,-0.008533795163,0,-0.01001015836,0,0.001016564249,0.07663655953,0.2440173265,0.0007531001589,0.0003140679177,0.01686943858,0.1105871947,0.0008028519313,-0.5443488879,0.02509639126,-5.055166816e-05,-0.004927300429,-0.003733211156,-0.005836247685,-0.0003890413648,0.02307744268,0,0.1105871947,0,0.03327345969,0,0.2440173265,0,0.04696163547,-0.5133995584,-0.0007729975245,-0.03170467684,-0.05708541552,0,-0.2132057632,0.007343760498,0.006116910422,0.0008028519313,0,0.02222856963,0.02118334028,0.0007531001589,0
1,2,2,4,1,1500,500,v1,0,0,0,0,0,0,0,0,0,0,0,0,0.01849502054,0,0,0.03166342206,0,0,0,0,0,0,0,0,0,0,0,0,0,0,0,0,0,0,0,0,0,0.08712343683,0,0,0,0,0.1491550737,0,0,0,0,0,0,0.2631134964,0,0,0,0,0.4504495504,0,0,0,0,0,0,0,0,0,0,0,0,0,0.2381780356,0,0,0,0.4077601131,0,0,-0.4782190594,0.04759362691,0,0,0,0,0,0,0,0,0,0,0,0,0,0,0,0,0,0,0,0,0.4077601131,0,0,0,0.2381780356,0,0,0,-0.6548220101,0,0.2241965776,0,0,0,0,0,0,0,0,0,0,0,0,0.2717902045,0,-0.702415637,0,0,0,0,0,0,0,0,0,0,0,0
1,2,2,4,4,1500,500,v1,0,0,0,0,0,0,0,0,0,0,0,0,0,0,0.02396434572,0,0,0,0,0,0,0.3135676304,0,0,0.1196928438,0,0.02947787757,0.0815940567,0,0,0,0,0,0.3857108526,0,0,0.006234349664,0,0.001535391677,0.004249927263,0,0,0,0,0,0.02009022635,0,0,0.008255061291,0,0,0.005627437011,0,0,0,0,0,0,0,0,0,0,0,0,0,0,0,0.1561117146,0,0,0.08238626307,0.1064206321,0,0,1.078005254,-0.436762221,0,0,-0.336832124,0,0,0,0.1064206321,0,0,0,0.1561117146,0,0,0,-0.3352920858,-0.1981423623,0,-0.4151814614,0,0,0,0,0,0,0,0,0,0,0,-0.9369833209,0.009948171008,0,-0.0215807596,0,0,0,0,0,0,0,0,0,0,0,-0.1881941913,0.01317262679,0,0,0,0,0,1.078005254,0,0,0,0.08238626307,0,0,0
1,2,2,4,3,1500,500,v1,0,0.002661980302,0.02652811581,0,0,0,0.024059584,0,0,0.02263081261,0,0,0,0.2131576417,0.128652064,0,0,0,0.02037117817,0,0,0.03628472346,0,0,0,0.1359497801,0.08205298051,0,0.00208473414,0.02077553641,0.01299253065,0.01884230177,0,0.0231420283,0.01772335717,0,0,0,0.09877199798,0,0,0.02500873494,0,0,0,0.02785742039,0.02133464729,0,0,0,0.03130678518,0,0,0.0004800767152,0,0,0,0.002991945744,0.004339042647,0,-0.1093561098,0,-0.02672109838,-0.04905784742,0,0,0,0,0,0.5700955201,-0.06740463696,0,0,0.05448323789,-0.01901063433,0.03710909523,0,-0.2335248278,-0.1623599253,0,0,0,0,0,0.007832134234,0.1074324623,0,0,0.07078866301,0.09164932375,-0.4361634171,0,-0.1486334265,0.09981593544,-0.02088364348,-0.03804616168,0,0,0,0,0,0,0,0,0,-0.1496479989,0,0,0.1201541707,0,-0.04561718162,0,0.05448323789,0.07078866301,0,0,0.5700955201,0.007832134234,0,0,-0.4297629961,0,0,-0.03422758443,0,-0.004809122972,0,-0.01901063433,0.09164932375,0,0,-0.06740463696,0.1074324623,0,0
1,2,2,4,2,1500,500,v1,0,0,0,0,0,0,0,0,0.08073687341,0,0,0.04553407524,0,0,0,0,0,0,0,0,0.2335835397,0,0,0.1317367149,0,0,0,0,0,0,0,0,0.3250734797,0,0,0.1833353171,0,0,0,0,0,0,0,0,0,0,0,0,0,0,0,0,0,0,0,0,0,0,0,0,-0.1538264188,0,0,0,0,0,0.119814175,0,0,0,0,0,0,0,0,-0.3806519537,0,0,0,0,0,0.3466397099,0,0,0,0,0,0,0,0,0.4664538849,0,0,0,0,0,-0.5004661287,0,0,0,0,0,0,0,0,0,0,0,0,0,0,0,0,0,0,0.03262083142,0,0,0,0.01839753423,0,0,0,0,0,0,0,0,0,0,0.01839753423,0,0,0,0.03262083142
1,2,2,4,0,1500,500,v1,0,0.001863243608,0.002473292829,0,0.005502834082,0.000586308031,0.004089584155,0.002716934595,0,2.078240827e-05,0.001270669284,0,0,5.161286539e-05,0.1088544952,0,0.01374601706,0.001464590805,0.01150474441,0.006786871774,0,0.0537319553,0.003174117446,0,0,0.0001528049102,0.3222743251,0,0.01377968976,0.01829133223,0.0340609153,0.03024467689,0,0.1590786821,0.0001536970996,0,0,0,0.04288812519,0,0,0.002434202434,0,0,0.0005770414322,0.02117012092,2.04539423e-05,0.001250586355,0,0,0.0001492411878,0,0,0.01345831927,0,0,0.03974729749,0.03326654525,0.0295393093,0.01962457999,-0.1097208397,0,0.00564843422,-0.002454760721,0.002196731206,-0.001827854326,0,0,0,0.0005298596795,0.7105452362,0,0,0.1181081307,0.350734111,-0.6679107337,0,-0.01153238571,-0.1622491953,-0.01487259783,-0.004629533265,0,0,0,0.003889411763,0.03464580338,0,0,0.008536768549,0.0002911192812,-0.2407956416,0,-0.03421251313,-0.4813450007,-0.04342630008,-0.01840750494,0,0,0,0.06658221498,0.003920839483,0,0,0.03287388256,0.008497393943,-0.6709138492,0,0,-0.06392536888,0,-0.002429016109,-0.001821434694,0.1181081307,0.008536768549,0.03287388256,0,0.0005298596795,0.003889411763,0.06658221498,0,-0.09619863133,0,0,-0.03334709474,0,0.02949374566,-0.0536281984,0.350734111,0.0002911192812,0.008497393943,0,0.7105452362,0.03464580338,0.003920839483,0
1,2,2,4,2,1500,500,v1,0.0002815767089,0,0,9.171908479e-05,0,0.0009018569353,0,0,0,0,0.0002855463687,0,0.3081512188,0.00110507704,0.06508451753,0.08082775903,0,0.1790986683,0.0004067898963,0,0,0.01290712805,0.05670630491,0,0.002307498288,3.439524496e-05,0.00202573924,0.001349679998,0,0,1.266123322e-05,0,0,0.0004017311146,0,0,0.008347731119,0.03469738982,0.007328424287,0.004882675659,0.006296284612,0,0.009101090932,0.00205091346,0.02016625582,0.001453324297,0,0.006385049438,0.02385521889,0.09915434713,0.0003555825379,0.01395316823,0.0179928229,0,0.0260080869,0.00586087271,0,0.0001308934839,0,0,-0.2944804636,-0.0003725214592,0,0,0,-0.001184940251,0,0.02102985408,0.6625802672,0.002232104713,0.1046478195,0.01230058264,0.1737941478,0.0008216600471,0.02075305861,-0.2027537758,-0.3889725061,-0.001508775303,-0.07766548438,0,-0.2358010523,0,0.01230058264,0.0368351102,0,0,0.02102985408,0.01199844494,0,0,-0.1133576404,0.003470171119,-4.631271891e-05,0.002077062221,0,0,0,0.1737941478,0.01199844494,0,0.3001801515,0.6625802672,0.0368351102,0,0.09504318131,-0.8844461059,0.01155026552,-0.04370762874,-0.008012163246,-0.008329883497,0,-0.02649622938,0.0008216600471,0,0,0,0.002232104713,0,0,0,-0.4279171912,-0.03724072779,-0.1249028085,-0.0004807551514,-0.02385329847,0,0,0.02075305861,0,0.09504318131,0,0.1046478195,0,0.3001801515,0
1,2,2,4,4,1500,500,v1,0,0.1165162017,0,0,0,0,0.102169226,0,0,0,0,0,0,0,0,0,0,0,0,0,0,0,0,0,0,0,0,0,0.3782753222,0,0,0.3316971916,0,0,0,0,0,0,0,0,0,0,0,0,0,0,0,0,0,0,0,0,0,0.03801124642,0,0,0,0,0.0333308121,0,-0.6311871654,0,0.2075031056,0,0,0,0,0,0,0,0,0,0,0,0,0,0,0,0,0,0,0,0,0,0.3386100613,0,0,0,0.2969160285,0,0.2751971395,0,0,0,-0.6988811994,0,0,0,0,0,0,0,0,0,0,0,0,0,0,0,0,0,0,0.2969160285,0,0,0,0.3386100613,0,0,-0.4913780938,0,0,0,0,0.06769403394,0,0,0,0,0,0,0,0,0
1,2,2,4,3,1500,500,v1,0,0,0.5204552966,0,0,0,0,0,0,0.04065686303,0,0,0,0,0,0,0,0,0,0,0,0,0,0,0,0,0,0,0,0.3351665759,0,0,0,0,0.02618250146,0,0,0,0,0,0,0.07192048722,0,0,0,0,0.0056182758,0,0,0,0,0,0,0,0,0,0,0,0,0,0.4164456055,0,0,-0.5523463351,0,0,0,0,0,0,0,0,0,0,0,0,0,0,0,0,0,0,0,0,0,0.1890805251,0,0,0,0.01477056927,-0.4787724607,0,0,0,0,0.3428717311,0,0,0,0,0,0,0,0,0,-0.209474604,0,0,0,0,0.07357387445,0,0,0,0,0,0,0,0,0,0,0,0,0,0,0,0,0,0.01477056927,0,0,0,0.1890805251,0,0
1,2,2,4,4,1500,500,v1,0,0,0,0,0,0,0,0,0.01619095673,0,0,0.05703441705,0,0,0.04180817139,0,0,0,0,0,0.01480884313,0.06186656787,0,0.05216577063,0,0,0.1340118751,0,0,0,0,0,0.04746825248,0.1983070411,0,0.1672121144,0,0,0.08433274395,0,0,0,0,0,0,0.1247932462,0,0,0,0,0,0,0,0,0,0,0,0,0,0,-0.2815124841,0,0,0,0,0,-0.07307348106,0,0,0,0.3898333402,0,0,0,0.5768645456,-0.8287558505,0,0,-0.1034596848,0,0,-0.06683568706,0,0,0,0,0,0,0,0,-0.4520610733,0,0,-0.332313352,0,0,-0.214676797,0,0,0,0,0,0,0,0,-0.4357730368,0,0,-0.2086922204,0,0,0,0,0,0,0.1176044393,0,0,0,0.4142745085,0,0,0,0,0,0,0,0.5768645456,0,0,0.4142745085,0.3898333402,0,0,0.1176044393
1,2,2,4,2,1500,500,v1,0.006765022413,0,0,0.0006516023268,0,0,0,0,0,0,0,0,0,0,0,0,0,0,0,0,0,0,0,0,0,0,0,0,0,0,0,0,0,0,0,0,0,0,0,0,0.8992308384,0,0,0.08661329865,0,0,0,0,0,0,0,0,0.006147149007,0,0,0.0005920891834,0,0,0,0,-0.9925530035,-0.007401240296,0,0,0,0,0,0,0,0,0,0,0,0,0,0,0,0,0,0,0,0,0,1.36815191,0,0,0,0.1317794552,0,0,0,0,0,0,0,0,0,0,0.1317794552,0,0,0,1.36815191,0,0,-0.01412649916,0,0,0,-0.9858277446,0,0,0,0,0,0,0,0,0,0,-0.9932289849,0,0,0,-0.006725258862,0,0,0,0,0,0,0,0,0,0
1,2,2,4,0,1500,500,v1,0.000311885566,4.168420241e-05,0.002356354247,0.0004585940872,0.0180960566,0.004365371149,0.0002327030845,0.02034774864,0,0.00153943469,0.01873732416,0,0.0001559344437,0,0.0003201592648,0.0002810648309,0.005244999401,0.001265268427,0,0.005897634595,0,0.0005505760597,0.00543086575,0,5.933359268e-05,0,4.188449451e-06,3.689800789e-06,1.580593522e-07,8.934891501e-06,0,8.823702184e-07,0,7.202852607e-06,5.837272533e-06,0,0.1046338686,0.003597500777,0.007386265515,0.006506906348,0.002085526028,0.0157565423,0.006484333569,0.003066541095,0.02919049853,0.01270211863,0.01029393939,0.1252933175,0.159493816,0.005483684537,0,0.009918502853,0.0031789755,0.000424877175,0.009884095077,0.004674340612,0.184448807,0,0.002371887272,0.2073997692,-0.5781478736,-0.0007583195639,-0.0002700581936,-0.0003313702047,0.03647800906,0.02013616742,0,0.3959507926,0.01384386393,0,0.01156472642,0.02462313744,0.02495293769,0,0.01988779399,-0.5287618549,-0.0004360927992,0,-0.0008689291424,0.003957016021,-0.004582890636,0,0.02462313744,0.008287582663,0.0006977947369,0.02025239691,0.3959507926,0.01218599637,0.003895456268,0.01323113551,-0.3266497328,-6.28926629e-05,0,-1.136767287e-05,-1.029774795e-06,-1.046631917e-05,0,0.02495293769,0.01218599637,0.2451177588,0.03874604518,0.01384386393,0.008287582663,0.2756177577,0.1663082436,-0.1795174143,-0.1109102491,-0.01006092879,-0.02008805012,-0.005076471439,-0.02198051842,-0.1522561359,0,0.003895456268,0.2756177577,0,0,0.0006977947369,0.2451177588,0,-0.08714101724,-0.1694094782,-0.01536751282,0,-0.007814261684,-0.002791079368,-0.3875920361,0.01988779399,0.01323113551,0.1663082436,0,0.01156472642,0.02025239691,0.03874604518,0
1,2,2,4,3,1500,500,v1,0,0,0.03791545187,0,0.008005705966,0.05789033739,0,0.02925489045,0.2479555645,0.01067278631,0.004243612931,0.1781766378,0,0.0002426657205,0.005765198504,0,0.0003765330089,0.002722760868,0.0002374967969,0.001375947602,0.01166211389,0.0211214421,0.0001995901863,0.008380196054,0,0.0002450775357,0.005822497877,0,0,0.001801004216,0.000239857239,0,0.01177802175,0.02133136469,0.0005069630505,0.008463485463,0,0,0.05652853445,0,0,0.01748530115,0,0,0.02669703071,0.2070985356,0.004921921633,0.001957008196,0,0,0.0009699990102,0,0,0,0,0,0.001505101937,0.0009493374567,0,0.005500026165,-0.09174528451,0,0,-0.0484888724,-0.03725997685,-0.01651200961,-0.4261251166,0,0,0.002185071604,0.08245624332,0,0,0.002138528284,0.3020866883,-0.7856269169,0,-0.0004791665072,0.001597090161,-0.001748845407,-0.0002915029669,-0.02000073581,0,0,0,0.08524325903,0,0,0,0.02399504623,-0.7769779448,0,-0.0004839288654,0.001546956029,0,-0.002280825922,-0.02019951988,0,0,0.01482495703,0.04888771572,0,0,0.05417417221,0.003583681323,-0.06442916471,0,0,-0.2595060006,0,-0.02205583851,-0.01817741878,0.002138528284,0,0.05417417221,0.4070144323,0.002185071604,0,0.01482495703,0.2924736262,-0.03997191763,0,0,-0.001919304553,0,0,-0.006990597234,0.3020866883,0.02399504623,0.003583681323,0.2924736262,0.08245624332,0.08524325903,0.04888771572,0.4070144323
1,2,2,4,2,1500,500,v1,0.03804760552,0,0,0.005679501806,0,0,0,0,0,0,0,0,0,0,0,0,0,0,0,0,0,0,0,0,0,0,0,0,0,0,0,0,0,0,0,0,0,0,0,0,0.4254728807,0,0,0.06351185472,0,0,0,0,0,0,0,0,0.4065943658,0,0,0.06069379145,0,0,0,0,-0.9552951192,-0.04363640337,0,0,0,0,0,0,0,0,0,0,0,0,0,0,0,0,0,0,0,0,0,1.303777666,0,0,0,0.1946196177,0,0,0,0,0,0,0,0,0,0,0.1946196177,0,0,0,1.303777666,0,0,-0.5099625378,0,0,0,-0.4889689848,0,0,0,0,0,0,0,0,0,0,-0.5326053882,0,0,0,-0.4663261344,0,0,0,0,0,0,0,0,0,0
1,2,2,4,1,1500,500,v1,0,0,0,0,0,0.1447482509,0,0,0,0,0.09521220369,0,0,0,0,0,0,0.3939201583,0,0,0,0,0.2591119831,0,0,0,0,0,0,0,0,0,0,0,0,0,0,0,0,0,0,0,0,0,0.06454869656,0,0,0.04245870748,0,0,0,0,0,0,0,0,0,0,0,0,-0.5412946967,0,0,0,0,0.2276902475,0,0,0,0,0,0,0,0,0,0.3292259053,0,0,0,0,-0.6428303545,0,0,0,0,0,0,0,0,0,0,0,0,0,0,0,0,0,0,0,0.2837573523,0,0,0,0.1866493215,-0.415140107,0,0,0,0,0,0.1015356578,0,0,0,0,0,0,0,0,0,0,0,0,0,0,0,0,0,0.1866493215,0,0,0,0.2837573523,0
1,2,2,4,1,1500,500,v1,0,0,0,0,0,0,0,0,0,0,0,0,0,0,0.06132950445,0,0,0,0,0,0,0.04357436919,0,0,0,0,0.05487905997,0,0,0,0,0,0,0.03899135402,0,0,0,0,0.4684171727,0,0,0,0,0,0,0.3328085397,0,0,0,0,0,0,0,0,0,0,0,0,0,0,0,0,0,0,0,0,0,0,0,0,0.5262497346,0,0,0,0.3738983451,-0.6996384097,0,0,0.09953968992,0,0,0,0,0,0,0,0,0,0,0,-0.6891691381,0,0,0.08907041826,0,0,0,0,0,0,0,0,0,0,0,0.1886101082,0,0,-0.788708828,0,0,0,0,0,0,0,0,0,0,0,0,0,0,0,0,0,0,0.3738983451,0,0,0,0.5262497346,0,0,0
1,2,2,4,2,1500,500,v1,0,0.008605955324,0.01658700319,0,0.01266783967,0.1443237306,0.2068978424,0.1221935276,0.00117680032,0.02846115496,0.01036846412,0.005573079336,0,0,0.03302544433,0,0.01567274972,0.1785584415,0,0.1511787823,0.001455946505,0.01662909315,0.01282794442,0.006895057081,0,0,0.0006055627862,0,0.0001952325544,0.0003762886142,0,0.004693632812,2.669659834e-05,0.0003049152004,0.0006456626576,0.0001264294868,0,0,0.0005766256476,0,0,0.0003583074634,0,0,0.003117637903,0.000290344666,0.0006148093254,0.0002239764493,0,0,0,0,0,0.0003621792533,0,0,0.0005331225344,0,0.008707238566,0.005142480866,-0.3635121855,0,-0.2123274259,-0.04463073093,-0.1345828087,-0.1543714418,-0.006445021235,0,0,0,0.04947334354,0,0,0,0.02491099983,-0.3046614769,0,0,-0.04931429454,-0.1668472893,-0.1913830453,-0.008209510382,0,0,0.0119851367,0.02483278934,0,0,0.2881375548,0.04260985892,-0.3150759303,0,0,0.0005598525707,0.004638876771,0.0005895471864,1.157566766e-05,0,0,0.04326910165,0.4885364915,0,0,0.4173717908,0.03509726333,-0.4385501128,0,0,-0.0008351202712,0,-0.000920581767,-0.003334682778,0,0.2881375548,0.4173717908,0.003829364438,0,0.0119851367,0.04326910165,0.01813506949,-0.509118647,0,0,0,0,0.007606754749,-0.00566383039,0.02491099983,0.04260985892,0.03509726333,0.01813506949,0.04947334354,0.02483278934,0.4885364915,0.003829364438
1,2,2,4,1,1500,500,v1,0,0,0,0,0,0.1294864275,0,0,0,0,0.1448581513,0,0.01279915872,0.009018442741,0.06048886283,0.004474290592,0,0.005818507244,0.0008428185819,0,0,0.0473618983,0.006509239762,0,0.05924087768,0.01015551651,0.06811548984,0.0140694926,0,0,0.0009490838125,0,0,0.05333343613,0,0,0.002999047641,0.0007296486267,0.003448321617,0.0007122628873,0,0,0.0002550683258,0,0.0003316988181,0.002699985586,0,0.0003710757838,0.205859635,0.0500842994,0.03529000587,0.04889091324,0,0,0.01750831555,0,0,0.00329802756,0,0,0.005506056321,0,0,0,0,-0.2683796288,0,0.4019505459,0.08491934834,0.08120278547,0.01086896268,0.09546179054,0.02968584494,0.007588806456,0.008510192732,-0.3858976162,-0.01700146801,-0.009706334652,-0.004925315607,0,0.006139868302,0,0.09546179054,0,0,0,0.4019505459,0,0,0,-0.3070886159,-0.07315830173,-0.01097880473,-0.01249633346,0,0,0,0.02968584494,0,0,0.186108433,0.08491934834,0,0,0.2082019256,-0.6831253173,-0.003703612087,-0.0008441666178,0.004502212122,0,0,-0.0006338119804,0.007588806456,0,0,0,0.08120278547,0,0,0,-0.1153926878,-0.2547463104,-0.05855782756,-0.03850925523,0,0,0,0.008510192732,0,0.2082019256,0,0.01086896268,0,0.186108433,0
1,2,2,4,1,1500,500,v1,0,0.002944730969,0,0,0,0,0.001444065136,0,0,0,0,0,0,0.04300409195,0,0,0,0,0.04770272442,0,0,0,0,0,0,0.2912057524,0,0,0.1733625073,0,0.3230229294,0.08501515257,0,0,0,0,0,0,0,0,0,0,0,0,0,0,0,0,0,0,0.01077848774,0,0,0.006416719596,0,0,0,0.01195614665,0.003146691889,0,-0.2679169375,0,-0.004379692343,0,0,0,0,0,0,0.3534360604,0,0,0,0.3920525286,0,-0.5830609816,0,0.08606858891,0,0,0,0,0,0,0.2740524848,0,0,0,0.1343924599,0,0.09371743795,0,-0.6046330969,0,-0.2583733636,0,0,0,0,0,0,0,0,0,0,0,0,0,0,0,0,0,0.3920525286,0.1343924599,0,0,0.3534360604,0.2740524848,0,0,-0.7813175639,0,0,0.0215721153,0,-0.009543573921,0,0,0,0,0,0,0,0,0
1,2,2,4,0,1500,500,v1,0,0,0,0,0,0,0,0,0,0,0,0,0,0,0,0,0,0,0,0,0,0,0,0,0.04565364132,0,0,0.02487102117,0,0,0,0,0,0,0,0,0.4774002668,0,0,0.2600763444,0,0,0,0,0,0,0,0,0.1242890171,0,0,0.06770970917,0,0,0,0,0,0,0,0,0,0,0,0,0,0,0,0.9704737079,0,0,0,0.5286910624,0,0,0,0,0,0,0,0,0,0,0.5286910624,0,0,0,0.9704737079,0,0,0,-0.9290648083,-0.07037837185,0,0,0,0,0,0,0,0,0,0,0,0,0,-0.2619788316,-0.7374643486,0,0,0,0,0,0,0,0,0,0,0,0,0,-0.8078427204,-0.1916004598,0,0,0,0,0,0,0,0,0,0,0,0,0
1,2,2,4,0,1500,500,v1,0,0,0,0,0,0,0,0,0,0,0,0,0,0,0,0,0,0,0,0,0,0,0,0,0.3157352459,0,0,0.431047165,0,0,0,0,0,0,0,0,0.01253943403,0,0,0.01711905009,0,0,0,0,0,0,0,0,0.0945194851,0,0,0.1290396198,0,0,0,0,0,0,0,0,0,0,0,0,0,0,0,0.6338502611,0,0,0,0.8653432269,0,0,0,0,0,0,0,0,0,0,0.8653432269,0,0,0,0.6338502611,0,0,0,-0.2526923364,-0.7467699889,0,0,0,0,0,0,0,0,0,0,0,0,0,-0.9698653624,-0.02959696297,0,0,0,0,0,0,0,0,0,0,0,0,0,-0.7763669519,-0.2230953735,0,0,0,0,0,0,0,0,0,0,0,0,0
1,2,2,4,3,1500,500,v1,0,0.0004590551233,0,0,0,0,0.009849084107,0,0,0,0,0,0,0,0,0,0,0,0,0,0,0,0,0,0.0317507915,0,0,0.357719519,0.006101604055,0,0,0.1309106651,0,0,0,0,0.03558353885,0,0,0.4009010737,0,0,0,0,0,0,0,0,0.001611695074,0,0,0.01815812329,0,0.0003097222064,0,0,0,0,0.006645128016,0,-0.1439504146,0,-0.01028675686,0,0,0,0,0.005056463929,0,0,0,0.05696852768,0,0,0,0,0,0,0,0,0,0,0.05696852768,0,0.01030302786,0,0.005056463929,0,0.2210527294,0,-0.4281168732,0.3695396983,0,0,-0.137009991,0,0,0,0,0,0,0,0,0,0,0.3882986013,-0.4296485957,0,0,0,0,0,0,0.2210527294,0,0,0,0.01030302786,0,0,-0.2074056452,0.018758903,0,0,0,-0.006940423646,0,0,0,0,0,0,0,0,0
1,2,2,4,3,1500,500,v1,0,0,0,0,0,0,0,0,0,0,0,0,0.02516480291,0,0,0.08134090026,0,0,0,0,0,0,0,0,0,0,0,0,0,0,0,0,0,0,0,0,0,0.04809780704,0,0,0,0,0.1554678946,0,0,0,0,0,0,0.1630139664,0,0,0,0,0.5269146288,0,0,0,0,0,0,0,0,0,0,0,0,0,0.1364264327,0,0,0,0.4409749957,0,0,-0.4859938966,0.1010596111,0,0,0,0,0,0,0,0,0,0,0,0,0,0,0,0,0,0,0,0,0.4409749957,0,0,0,0.1364264327,0,0,0,-0.5780908023,0,0.1931565167,0,0,0,0,0,0,0,0,0,0,0,0,0.2942161277,0,-0.6791504133,0,0,0,0,0,0,0,0,0,0,0,0
1,2,2,4,2,1500,500,v1,0,0,0,0,0,0,0,0,0,0,0,0,0,0.00146338427,0,0,0,0,0.03546656548,0,0,0,0,0,0,0.01486495781,0,0,0,0,0.3602669581,0,0,0,0,0,0,0,0,0,0,0,0,0,0,0,0,0,0,0,0.02329760597,0,0,0,0,0,0,0.5646405284,0,0,0,0,0,0,0,0,0,0,0,0.01116036319,0,0,0,0.2704824426,0,-0.222803434,0,0.03504156348,0,0,0,0,0,0,0,0,0,0,0,0,-0.5437116623,0,0.3559497918,0,0,0,0,0,0,0,0,0,0,0,0,0,0,0,0,0,0,0,0.2704824426,0,0,0,0.01116036319,0,0,0,0.3909913553,0,0,-0.5787532258,0,0,0,0,0,0,0,0,0,0,0
1,2,2,4,4,1500,500,v1,0,0,0,0,0.1996123027,0.02227685345,0,0.09521553693,0.01978834377,0,0.01393527459,0.06021948429,0,0,0,0,0.2484292057,0.02772484929,0,0.1185013143,0.0246277532,0,0.01734326567,0.07494667638,0,0,0,0,0,0,0,0,0.0006950947613,0,0,0.002115298205,0,0,0,0,0,0,0,0,0.0006733801542,0,0,0.0004212326202,0,0,0,0,0,0,0,0,0.0497454416,0,0,0.02372869241,-0.4400157064,0,0,0,0.2797504139,-0.03613722399,-0.07984206245,0,0,0,0,0,0,0,0,0.2295913092,0,0,0,-0.361196256,-0.04506710242,-0.09957252978,0,0,0,0,0,0,0,0,-0.1794145922,0,0,0,0,0,-0.002804563315,0,0,0.01191137735,0.07594044705,0,0,0.005681754955,0.04750455586,-0.08120432641,0,0,0,0,0,-0.001092342199,0,0,0.005681754955,0.06760237164,0,0,0.01191137735,0.2057263617,-0.08144584217,0,0,0,0,0,0.06971708731,0,0,0.04750455586,0.2057263617,0,0,0.07594044705,0.06760237164
1,2,2,4,0,1500,500,v1,0.08019074296,0,0,0.04645727301,0,0.006375552815,0,0,0,0,0.007077674821,0,2.567763123e-05,1.051153976e-05,8.418233103e-05,1.242740228e-05,0,2.03072532e-05,1.408333264e-06,0,0,7.128229976e-05,2.254363485e-05,0,0.001458934282,8.33123458e-05,0.000667212191,0.002958494001,0,0,1.116216564e-05,0,0,0.0005649691428,0,0,0.1306399805,0.01822377566,0.05974538311,0.2649177577,0.1812762782,0,0.008819902009,0.1050196224,0.01441234291,0.05059004967,0,0.0159995344,0.0007761115846,0.000108264586,4.431980078e-05,0.001573834748,0.001076933869,0,5.239765117e-05,0.0006239050656,0,5.937954964e-06,0,0,-0.3106482749,0.1201657244,0,0,0,0.009586471164,0,0.1993023268,0.02753570553,0.0002070428446,0.09074133835,0.4041544199,0.01332666891,2.773954401e-05,0.07683621019,-0.1563237234,-3.802599153e-05,-1.189514741e-05,-0.0001551421476,0,-5.428826513e-06,0,0.4041544199,0.1552663423,0,0,0.1993023268,0.08995115885,0,0,-0.5084470216,-0.004408265129,-9.447293917e-05,-0.001229625397,0,0,0,0.01332666891,0.08995115885,0,0.01238153608,0.02753570553,0.1552663423,0,0.0137450818,0.1215588794,-0.3955511609,-0.02704322799,-0.1103335981,-0.2837926305,0,-0.02699878759,2.773954401e-05,0,0,0,0.0002070428446,0,0,0,-0.5907739543,-0.002345071795,-0.0001603289725,-5.015350586e-05,0.0001485720879,0,0,0.07683621019,0,0.0137450818,0,0.09074133835,0,0.01238153608,0
1,2,2,4,0,1500,500,v1,0,0,0,0,0,0,0,0,0.6685663842,0,0,0.2087785049,0,6.338466741e-07,5.089197884e-05,0,0,0,6.767290888e-05,0,0.0002786305132,9.442090666e-05,0,8.701015089e-05,0,2.895973094e-05,0.002325196415,0,0,0,0.003091897951,0,0.01273031007,0.004313983434,0,0.003975394463,0,0,0.03111308053,0,0,0,0,0,0,0.05772472087,0,0,0,0,6.28430432e-05,0,0,0,0,0,0,0.00670946415,0,0,0.0161984143,0,0,0,0,0,-0.8636388579,0,0,0.0001385612839,0.05022558423,0,0,0.01479355392,0.09318453141,-0.9531356982,0,-6.816506556e-05,-0.0001450114602,0,0,0.0003469438932,0,0,0,0,0,0,0,0,-0.959113609,0,-0.003114384205,-0.006625408074,0,0,0.01585147041,0,0,0,0,0,0,0,0,-0.006770419534,0,0,-0.08883632422,0,0,0,0.01479355392,0,0,0.9686672828,0.0001385612839,0,0,0.3024933826,-0.003182549271,0,0,-0.006772194201,0,0,0,0.09318453141,0,0,0.3024933826,0.05022558423,0,0,0.9686672828
1,2,2,4,0,1500,500,v1,0,0.01481957255,0,0,0,0,0.06877499785,0,0,0,0,0,0,0,0,0,0,0,0,0,0,0,0,0,0.0001299672688,0,0,5.437131814e-05,0.0006552151332,0,0,0.003040736785,0,0,0,0,0.002735047023,0,0,0.001144196637,0,0,0,0,0,0,0,0,0.03043437731,0,0,0.0127321073,0,0.1534314353,0,0,0,0,0.7120479756,0,-0.8484517821,0,0.0793200225,0,0,0,0,0.0499394139,0,0,0,0.020891966,0,0,0,0,0,0,0,0,0,0,0.020891966,0,0.2045265115,0,0.0499394139,0,0.949171128,0,-0.8196756854,-0.0001839562099,0,0,0.003506962089,0,0,0,0,0,0,0,0,0,0,-0.04334972306,-0.003871196872,0,0,0,0,0,0,0.949171128,0,0,0,0.2045265115,0,0,0.0787718315,-0.04316576685,0,0,0,-0.8519587442,0,0,0,0,0,0,0,0,0
1,2,2,4,4,1500,500,v1,0,0,0,0,0,0.02797595444,0,0,0,0,0.006333571869,0,0.009408272055,0,0.003963225937,0.001669861907,0,0.02860202374,0,0,0,0.004877500344,0.006475309836,0,0,0,0.0004373563983,0,0,0,0,0,0,0.0005382499046,0,0,0,0.1538422552,0.06480590829,0,0,0,0.02730526074,0,0.4676947913,0.07975594754,0,0.1058830211,0,0.00885909948,0,0,0,0,0.001572389985,0,0,0,0,0,-0.608572847,0,0,0,0,-0.03423835742,0,0,0.2011584339,0,0.1037944273,0,0.03570334744,0,0.1277387065,-0.9217591829,0.01051166159,0,-0.008822387796,0,-0.035004572,0,0,0,0,0,0,0,0,0,-0.1533818399,0,0,-0.0009735825844,0,0,0,0.03570334744,0,0,0.7862214479,0.2011584339,0,0,0.1779953587,-0.05862915542,0,-0.1783175986,-0.1445594521,0,0,-0.573568275,0,0,0,0,0,0,0,0,-0.167805937,0,0.009898082794,0,0,0,0,0.1277387065,0,0.1779953587,0,0.1037944273,0,0.7862214479,0
1,2,2,4,3,1500,500,v1,0,0,0,0,0,0,0,0,0.2985286034,0,0,0.6385579588,0,0,0,0,0,0,0,0,0.009657804926,0,0,0.02065821543,0,0,0,0,0,0,0,0,0.01038459188,0,0,0.02221282557,0,0,0,0,0,0,0,0,0,0,0,0,0,0,0,0,0,0,0,0,0,0,0,0,-0.06278293528,0,0,0,0,0,-0.9370709805,0,0,0,0,0,0,0,0,-0.9696007805,0,0,0,0,0,-0.03025313526,0,0,0,0,0,0,0,0,-0.9673241158,0,0,0,0,0,-0.03252980002,0,0,0,0,0,0,0,0,0,0,0,0,0,0,0,0,0,0,0.477786693,0,0,0,1.021994181,0,0,0,0,0,0,0,0,0,0,1.021994181,0,0,0,0.477786693
1,2,2,4,4,1500,500,v1,0.01828382199,0.05090645831,0,0.0288231446,0.007569982741,0.07229029346,0.008357117761,0.08818546008,0.003049057317,0,0.0213190159,0.0005773281124,0,0.0003111013696,0.0003011052709,0,0.0004994389052,0.004769440863,0.0001848144933,0.005818143996,0.0002011652999,0.0001485818427,0.001406548248,3.808993101e-05,0.01076595095,0.01667423232,0.01613846717,0.01999488073,0.1800131737,0,0.009905580942,0.02955207141,0.01078194207,0.007963604166,0,0.00204152222,0.004550500561,0,0.006821329974,0.008451340381,0.02732783114,0,0,0.04308038161,0.1080483574,0.003366018051,0,0.03186436988,0.002086265067,0,0.003231193284,0.003874680592,0.01252897318,0.03488360645,0,0.01975103487,0.005187324114,0.001919539443,0.005726707705,0.06042901011,-0.4352488644,-0.004800442532,-0.03611166532,0,-0.03071075913,-0.09341523504,-0.003618863172,0.02596496788,0,0.03019479606,0.03486878914,0.0482229977,0,0.01793767717,0.01720617186,-0.4109287476,0,-0.0004922788503,-0.0004487543191,-0.001985997686,-0.006163178141,-0.0002387589393,0.0482229977,0.02573349021,0.2657516684,0,0.02596496788,0.04056701574,0.04362743082,0,-0.05142606393,-0.03069875663,-0.02652640203,-0.0241016698,-0.1936210624,0,-0.01282325099,0,0.04056701574,0.0115361424,0.2774195992,0,0.02573349021,0.134388693,0.08181339489,-0.1837372049,-0.01289275027,0,-0.01016621654,-0.02115786315,0,-0.1399102495,0.01793767717,0.04362743082,0.134388693,0.02103786503,0.03019479606,0.2657516684,0.0115361424,0.003983444616,-0.358997978,-0.005867136821,0,-0.005069634598,-0.01824203162,0.02347999489,-0.0645864668,0.01720617186,0,0.08181339489,0.003983444616,0.03486878914,0,0.2774195992,0.02103786503
1,2,2,4,0,1500,500,v1,0,0,0,0,0,0,0,0,0.1638464764,0,0,0.3662812542,0,0,0,0,0,0,0,0,0.09782376743,0,0,0.2186864985,0,0,0,0,0,0,0,0,0.04739956511,0,0,0.1059624383,0,0,0,0,0,0,0,0,0,0,0,0,0,0,0,0,0,0,0,0,0,0,0,0,0.4458456777,0,0,0,0,0,-0.5218459632,0,0,0,0,0,0,0,0,-0.3763260149,0,0,0,0,0,0.3003257294,0,0,0,0,0,0,0,0,-0.2215202339,0,0,0,0,0,0.1455199483,0,0,0,0,0,0,0,0,0,0,0,0,0,0,0,0,0,0,0.03523409062,0,0,0,0.07876633774,0,0,0,0,0,0,0,0,0,0,0.07876633774,0,0,0,0.03523409062
1,2,2,4,2,1500,500,v1,0.007862791938,0,0,0.003396805438,0.0001372788499,0.01213923216,0,0.001282891279,0,0,0.03622758711,0,0.08520541694,0,0.0692750515,0.2259844392,0.000887908591,0.07851558001,0,0.008297637902,0,0.05332269926,0.2343171278,0,0.01658013596,0,0.04180413201,0.003194154126,0,0,0,0,0,0.03217766152,0,0,0.0003446693107,0.001068868029,0.000869027938,6.640035424e-05,0.0006379671121,0,0.00283488481,0.0002756082283,0.000984946689,0.0006689120309,0,0.002939415071,0.005076278792,0.0157422548,0,0.0009779423335,0.009395959607,0,0.04175209452,0.004059149338,0.0001640468855,0,0,0.001533042555,-0.3419891468,-0.01123633272,0,0,-0.001417224244,-0.04826649107,0,0.0264757767,0.152970377,0,0.04310371235,0.005100546157,0.4057127599,0,0.03317798617,-0.05075754058,-0.3111846817,0,-0.1166611738,-0.009185393758,-0.3128275061,0,0.005100546157,0.02681836719,0,0,0.0264757767,0.01158581643,0,0,-0.1179387751,-0.01946517983,0,0.06549860733,0,0,0,0.4057127599,0.01158581643,0.001782891775,0.1374168444,0.152970377,0.02681836719,0.01666138893,0.4100984835,-0.8264597872,-9.853664329e-05,-0.003895655212,0.000308100842,-0.0009116802939,0,-0.003916221383,0,0,0.01666138893,0,0,0,0.001782891775,0,-0.3573946844,-0.001487165431,-0.05737508771,0,-0.01345477607,0,-0.001693569136,0.03317798617,0,0.4100984835,0,0.04310371235,0,0.1374168444,0
1,2,2,4,3,1500,500,v1,0,0.02694367361,0,0,0,0,0.1396187095,0,0,0,0,0,0,0.0192885913,0,0,0,0,0.003447159451,0,0,0,0,0,0.000494092296,0.2299945779,0,0.03801335806,0.02825803091,0,0.04110346736,0.1464295429,0,0,0,0,0.0003149901219,0,0,0.02423399916,0,0,0,0,0,0,0,0,0.0003079676642,0,0.1433555906,0.02369372116,0,0.01761322701,0,0,0,0.02561978589,0.09126951511,0,-0.2833410278,0,-0.1662173808,0,0,0,0,-0.0001570946991,0,0.5884462829,0,-0.01208619745,0,0.1051641517,0,-0.4397183669,0,-0.02268858955,0,0,0,0,-0.01208619745,0,0.10908302,0,-0.0001570946991,0,0.5652545927,0,-0.420119714,-0.03790587801,-0.2710934357,0,-0.1746841425,0,0,0,0,0,0,0,0,0,0,-0.01513149891,0.02329369367,0,0,0,0,0,0.1051641517,0.5652545927,0,0,0.5884462829,0.10908302,0,0,-0.6492957328,0.02277437911,0,-0.1686249312,0,-0.1086568852,0,0,0,0,0,0,0,0,0
1,2,2,4,2,1500,500,v1,0,0,0.2055574144,0,0,0,0,0,0,0.4853835314,0,0,0,0,0,0,0,0,0,0,0,0,0,0,0,0,0,0,0,0.07791674286,0,0,0,0,0.1839851114,0,0,0,0,0,0,0.01402943642,0,0,0,0,0.03312776341,0,0,0,0,0,0,0,0,0,0,0,0,0,0.2932555385,0,0,-0.6801469373,0,0,0,0,0,0,0,0,0,0,0,0,0,0,0,0,0,0,0,0,0,0.1726523723,0,0,0,0.4076847259,-0.6354010868,0,0,0,0,0.248509688,0,0,0,0,0,0,0,0,0,-0.4316372493,0,0,0,0,0.04474585052,0,0,0,0,0,0,0,0,0,0,0,0,0,0,0,0,0,0.4076847259,0,0,0,0.1726523723,0,0
1,2,2,4,1,1500,500,v1,0.02264195083,0.009936689462,0,0.01155004906,0.05215948416,0.001286325091,0.0004888352401,0.05671019097,0,0,0.05107565547,0,0.0008242081698,0,0,0.00131222202,0.002967590894,7.318489987e-05,0,0.003226501354,0,0,0.002905926938,0,0.001866506075,0,0,0.002731481722,0.001737322825,0,0,8.546756177e-05,0,0,0,0,0.0009787575606,0.001328160937,0,0.001432333075,0.002075861494,0,0.00211456534,0.001058932699,0.0001179329795,0,0,0.004682723112,0.03746044371,0.05083332179,0,0.05482035052,0.07945041321,0.03486775895,0.08093174353,0.04052902409,0.183027187,0,0.001715318707,0.1989955786,-0.5394496566,-0.03412107488,-0.01040389884,0,0.1001456333,-0.05225490578,0,0.06044877371,0.07696851675,0,0,0.08846192504,0.1225415936,0,0,-0.4647649497,-0.001238806354,0,0,0.00587736182,-0.002932062705,0,0.08846192504,0.1561734477,0.06977546375,0,0.06044877371,0.07966676503,0.00343260254,0,-0.1416717172,-0.004588450104,0,0,-0.001819009339,0,0,0.1225415936,0.07966676503,0.1941222162,0.002208404829,0.07696851675,0.1561734477,0.2110586046,0.08768834955,-0.435857636,-0.002406089265,-0.00330229947,0,-0.00312829163,0,-0.004744201105,0,0.00343260254,0.2110586046,0,0,0.06977546375,0.1941222162,0,0.04501507521,-0.0922792598,-0.1284656344,0,-0.119977442,-0.03658246934,-0.3761435423,0,0,0.08768834955,0,0,0,0.002208404829,0
1,2,2,4,3,1500,500,v1,0,0,0,0,0,0,0,0,0.1151394999,0,0,0.1075546428,0,0,0.001855045507,0,0,0,0,0,0.02027210927,0.002148547939,0,0.01893667658,0,0,0.03147262677,0,0,0,0,0,0.3439357828,0.0364521771,0,0.3212788861,0,0,0.0004420336488,0,0,0,0,0,0,0.0005119715291,0,0,0,0,0,0,0,0,0,0,0,0,0,0,-0.7043310555,0,0,0,0,0,-0.2222322064,0,0,0,0.04320200454,0,0,0,0.05003735889,-0.9533942557,0,0,0.00379887259,0,0,-0.03912745432,0,0,0,0,0,0,0,0,-0.2566555653,0,0,-0.06686367102,0,0,-0.6652036012,0,0,0,0,0,0,0,0,-0.06306479843,0,0,0.000905222813,0,0,0,0,0,0,0.7185911793,0,0,0,0.6712537135,0,0,0,0,0,0,0,0.05003735889,0,0,0.6712537135,0.04320200454,0,0,0.7185911793
1,2,2,4,0,1500,500,v1,0,0,0,0,0,0,0,0,0,0,0,0,0,0.0072912222,0,0,0,0,0.003308158189,0,0,0,0,0,0,0.3901983392,0,0,0,0,0.1770399798,0,0,0,0,0,0,0,0,0,0,0,0,0,0,0,0,0,0,0,0.2904017995,0,0,0,0,0,0,0.1317605011,0,0,0,0,0,0,0,0,0,0,0,1.030901022,0,0,0,0.467737976,0,-0.9885152714,0,-0.0105773939,0,0,0,0,0,0,0,0,0,0,0,0,-0.431864627,0,-0.5672280383,0,0,0,0,0,0,0,0,0,0,0,0,0,0,0,0,0,0,0,0.467737976,0,0,0,1.030901022,0,0,0,-0.5778054322,0,0,-0.4212872331,0,0,0,0,0,0,0,0,0,0,0
1,2,2,4,2,1500,500,v1,0.06978610655,0,0.0120584839,0.03115823839,0.01363466102,0.0008263891381,0,0.003434573315,0,0.0390597965,0.01073170997,0,0.0003689400014,0,0,0.0001280234864,0.001179868595,7.151117211e-05,0,0.0002972090897,0,0,0.0009286631722,0,0.1464114232,0,0,0.09748429925,0,0.04857047249,0,0,0,0,0.1573292951,0,0.05006838131,0.005872657301,0,0.03333675038,0.09612518279,0.01660966668,0.00203783287,0.04291816106,0.001138289709,0,0.05380197096,0.01478213405,0.009831286075,0.001153138417,0,0.006545910237,0.01887486965,0,0.0004001431123,0.008427289003,0.003687731875,0,0,0.0009289402554,-0.3251575862,-0.1007351478,0,0.04850438432,-0.01706895051,-0.0115341591,0,0.3057029118,0.01108722119,0,0,0.2035444301,0.003847304998,0,0,-0.05859073405,-0.0004959326271,0,0,-0.001474013754,-0.0009980996639,0,0.2035444301,0.2769008668,0,0.03091420604,0.3057029118,0.1236312906,0,0.1001371816,0.01590050663,-0.2400831608,0,0,0,-0.2026831656,0,0.003847304998,0.1236312906,0.02773790673,0.003051462781,0.01108722119,0.2769008668,0.006987183189,0.03962709125,-0.553005469,-0.08323046422,-0.007910358638,0,-0.1390407652,0.06681118951,-0.01592011059,0,0,0.006987183189,0,0,0,0.02773790673,0,-0.5900387935,-0.01618460298,-0.001550059528,0,-0.02724552528,0,-0.004607095681,0,0.1001371816,0.03962709125,0,0,0.03091420604,0.003051462781,0
1,2,2,4,1,1500,500,v1,0.2114153148,0,0,0.1436573105,0,0,0,0,0,0,0,0,0,0,0,0,0,0,0,0,0,0,0,0,0,0,0,0,0,0,0,0,0,0,0,0,0,0,0,0,0.3268189937,0,0,0.22207444,0,0,0,0,0,0,0,0,0.05717998074,0,0,0.03885396028,0,0,0,0,-0.6447188979,-0.3543361852,0,0,0,0,0,0,0,0,0,0,0,0,0,0,0,0,0,0,0,0,0,0.8922775456,0,0,0,0.606305079,0,0,0,0,0,0,0,0,0,0,0.606305079,0,0,0,0.8922775456,0,0,-0.4501709213,0,0,0,-0.5488841618,0,0,0,0,0,0,0,0,0,0,-0.9032203471,0,0,0,-0.09583473602,0,0,0,0,0,0,0,0,0,0
1,2,2,4,2,1500,500,v1,0,0,0,0,0,0,0,0,0,0,0,0,0.1670835874,0,0,0.02658600403,0,0,0,0,0,0,0,0,0.03688428513,0,0,0.005163385111,0,0,0,0,0,0,0,0,0.1339370634,0.5082780033,0,0.0187496826,0,0,0.08087617255,0,0,0,0,0,0.004051799939,0.01537618289,0,0.0005672064243,0,0,0.002446627264,0,0,0,0,0,0,0,0,0,0,0,0,0.1395027415,1.035526253,0,0,0.01952881495,0.1647708541,0,0,-0.6069302091,-0.1932678623,0,0,0,0,0,0.01952881495,0,0,0,0.1395027415,0,0,0,-0.1459186306,0.03989759296,0,0,0,0,0,0.1647708541,0,0,0,1.035526253,0,0,0,-0.1667732925,-0.1503014474,-0.5891443691,0,0,0,0,0,0,0,0,0,0,0,0,-0.8928160859,0.004382816813,-0.01778583997,0,0,0,0,0,0,0,0,0,0,0,0
1,2,2,4,1,1500,500,v1,0,0,0,0,0,0,0,0,0,0,0,0,0.08594271629,0,0,0.4518654846,0,0,0,0,0,0,0,0,0,0,0,0,0,0,0,0,0,0,0,0,0,0.06274991844,0,0,0,0,0.3299235064,0,0,0,0,0,0,0.01110916105,0,0,0,0,0.05840921322,0,0,0,0,0,0,0,0,0,0,0,0,0,0.02177660214,0,0,0,0.1144959725,0,0,0.4385576013,-0.5294059844,0,0,0,0,0,0,0,0,0,0,0,0,0,0,0,0,0,0,0,0,0.1144959725,0,0,0,0.02177660214,0,0,0,-0.4634423819,0,0.3725939988,0,0,0,0,0,0,0,0,0,0,0,0,-0.1568119856,0,0.06596360247,0,0,0,0,0,0,0,0,0,0,0,0
1,2,2,4,4,1500,500,v1,0,0.00268373428,0,0,0.0005449111357,0.0001081985147,0.01584786738,0.01821281775,0.009612774232,0,0.0006188827089,0.01035365317,0.0001996095754,0.01633280384,0,7.529722285e-06,0.0004087418257,8.11604967e-05,0.02216531017,0.01366156772,0.007210612213,0,0.0004642284435,0.007766350918,0,0.008832461812,0,0,0.001088639112,0,0.0119865675,0.006428582886,0.003899358471,0,0,0.004199891125,0,0.001337895876,0,0,0,0,5.046844257e-05,0,0.0005439833916,0,0,0.003111520671,0,0.002491487474,0.2038628462,0,0,0.02512697734,9.398451309e-05,0,0.005101835103,0.2766630435,0.1483787003,0.1705210021,-0.3922328893,0,-0.01849245208,0,-0.01871794808,-0.0007255730254,-0.01996606641,0,0.005977344892,0.2651994123,0,0,0.0002254789379,0.3599031304,0,-0.6812200787,-0.0002047033705,0.03652954079,0,-0.01390501783,-0.0005442576296,-0.01494591788,0,0,0.0427322171,0,0,0,0.2523398908,0,-0.6606873812,0,0.0197544633,0,-0.007428833453,0,-0.008082449171,0.0002254789379,0,0.008954682897,0.00109941085,0.005977344892,0,0.2992960415,0.006288500052,-0.004019590044,0,-0.001385456498,0,0,0,-0.00365544328,0.3599031304,0.2523398908,0.2992960415,0.03104929879,0.2651994123,0.0427322171,0.008954682897,0.0334423514,-0.003850407206,0,-0.002545056019,-0.4730190325,0,-0.1707934531,-0.172877517,0,0,0.006288500052,0.0334423514,0,0,0.00109941085,0.03104929879
1,2,2,4,1,1500,500,v1,0,0.0351689319,0,0,0,0,6.954913616e-05,0,0,0,0,0,0,0,0,0,0,0,0,0,0,0,0,0,0.006120683068,0,0,0.1581033984,0.02439784385,0,0,4.824852141e-05,0,0,0,0,0.003895268003,0,0,0.1006186895,0,0,0,0,0,0,0,0,0.02178676291,0,0,0.562773994,0,0.08684488864,0,0,0,0,0.0001717421218,0,-0.1114105672,0,-0.03516538521,0,0,0,0,0.04767236316,0,0,0,1.231425078,0,0,0,0,0,0,0,0,0,0,1.231425078,0,0.2194299898,0,0.04767236316,0,0.0004339388565,0,-0.8110287682,-0.1638834284,0,0,-0.02439538338,0,0,0,0,0,0,0,0,0,0,-0.7484344653,-0.1042971622,0,0,0,0,0,0,0.0004339388565,0,0,0,0.2194299898,0,0,-0.3277413591,-0.584551037,0,0,0,-0.08701518382,0,0,0,0,0,0,0,0,0
1,2,2,4,4,1500,500,v1,0,0,0,0,0.06191787698,0,0,0.09485228269,0,0,0,0,0,0,0,0,0.06517015811,0,0,0.09983446722,0,0,0,0,0,0,0,0,0,0,0,0,0,0,0,0,0,0,0,0,0,0,0,0,0,0,0,0,0,0,0,0,0,0,0,0,0.2678715485,0,0,0.4103536665,-0.5110626322,0,0,0,0.1487538309,0,0,0,0,0,0,0,0,0,0,-0.5188760344,0,0,0,0.1565672331,0,0,0,0,0,0,0,0,0,0,0,0,0,0,0,0,0,0,0,0.2146459999,0,0,0,0.328817202,0,0,0,0,0,0,0,0,0,0,0.328817202,0,0,0,0.2146459999,0,0.3053210641,0,0,0,0,0,-0.6676298653,0,0,0,0,0,0,0,0
1,2,2,4,1,1500,500,v1,0,0.01411514255,0,0,0,0,0.1335471107,0,0,0,0,0,0,0,0,0,0,0,0,0,0,0,0,0,0,0,0,0,0.08000136071,0,0,0.7569141113,0,0,0,0,0,0,0,0,0,0,0,0,0,0,0,0,0,0,0,0,0,0.001474226493,0,0,0,0,0.01394804821,0,-0.8522918399,0,-0.1473559547,0,0,0,0,0,0,0,0,0,0,0,0,0,0,0,0,0,0,0,0,0,0.1433355933,0,0,0,1.356136099,0,-0.1627462387,0,0,0,-0.8369015559,0,0,0,0,0,0,0,0,0,0,0,0,0,0,0,0,0,0,1.356136099,0,0,0,0.1433355933,0,0,-0.9842575106,0,0,0,0,-0.01539028399,0,0,0,0,0,0,0,0,0
1,2,2,4,4,1500,500,v1,0,0,0,0,0,0,0,0,0,0,0,0,0,0.4026453602,0,0,0,0,0.05856055634,0,0,0,0,0,0,0.01518216501,0,0,0,0,0.002208087109,0,0,0,0,0,0,0,0,0,0,0,0,0,0,0,0,0,0,0,0.4551997838,0,0,0,0,0,0,0.06620404758,0,0,0,0,0,0,0,0,0,0,0,0.07743682814,0,0,0,0.01126237673,0,-0.4967394365,0,0.4376066332,0,0,0,0,0,0,0,0,0,0,0,0,-0.0756338174,0,0.01650101415,0,0,0,0,0,0,0,0,0,0,0,0,0,0,0,0,0,0,0,0.01126237673,0,0,0,0.07743682814,0,0,0,0.4541076474,0,0,-0.5132404506,0,0,0,0,0,0,0,0,0,0,0
1,2,2,4,4,1500,500,v1,0.2596461976,0,0,0.4650252413,0,0,0,0,0,0,0,0,0,0,0,0,0,0,0,0,0,0,0,0,0,0,0,0,0,0,0,0,0,0,0,0,0,0,0,0,0.03129884537,0,0,0.05605609963,0,0,0,0,0,0,0,0,0.06735001829,0,0,0.1206235978,0,0,0,0,0.2612498342,-0.7133504984,0,0,0,0,0,0,0,0,0,0,0,0,0,0,0,0,0,0,0,0,0,0.2429781527,0,0,0,0.4351728435,0,0,0,0,0,0,0,0,0,0,0.4351728435,0,0,0,0.2429781527,0,0,-0.5349887772,0,0,0,0.08288811306,0,0,0,0,0,0,0,0,0,0,-0.6304623853,0,0,0,0.1783617212,0,0,0,0,0,0,0,0,0,0
1,2,2,4,1,1500,500,v1,0,0,0,0,0,0.5152250262,0,0,0,0,0.03926767304,0,0,0,0,0,0,0.006689179173,0,0,0,0,0.0005098131639,0,0,0,0,0,0,0,0,0,0,0,0,0,0,0,0,0,0,0,0,0,0.4072684997,0,0,0.03103980877,0,0,0,0,0,0,0,0,0,0,0,0,0.4227241978,0,0,0,0,-0.5458272719,0,0,0,0,0,0,0,0,0,-0.1299339512,0,0,0,0,0.00683087707,0,0,0,0,0,0,0,0,0,0,0,0,0,0,0,0,0,0,0,0.1715778711,0,0,0,0.01307674007,-0.5389963948,0,0,0,0,0,0.4158933207,0,0,0,0,0,0,0,0,0,0,0,0,0,0,0,0,0,0.01307674007,0,0,0,0.1715778711,0
1,2,2,4,1,1500,500,v1,0.002460313471,0.03517502755,0.01429078422,0.03461083569,0,0.09945891644,0.1224368644,0,0,0.194655803,0.01272034959,0,0,0,0.007598249001,0,0,0.09006798994,0,0,0,0.008404132778,0.01151929219,0,0.01617329931,0,0.005075093672,0.009139919363,0.02127608586,0.008643971969,0,0.07405757499,0,0.005613367116,0.1177401659,0,0.001140249787,0,0.0003578042036,0.0006443825041,0.0001049177839,0.0006094172258,0,0.001475946956,0.004241333155,0.0003957535526,0.008300916003,0.0005424474991,0.01029485091,0,0,0.005817867176,0.000947259938,0.01354294679,0,0.01332572392,0,0,0.04714014616,0,-0.2168260553,-0.03707053151,-0.157609257,-0.2089430495,0,-0.1000913028,0,0.0413766111,0,0,0.01793804379,0.0233829182,0,0,0.01984058093,-0.1058063786,0,0,-0.01575223189,0,0.08598346515,0,0.0233829182,0.005265401595,0.104881874,0.03528711167,0.0413766111,0.07407184038,0.3650717124,0.4806482609,-0.4702289176,-0.0253127873,0,-0.008818438119,-0.09513591709,-0.1261220152,0,0,0.07407184038,0,0.01381696228,0,0.005265401595,0,0.001767130976,-0.4664495706,-0.001780930395,0,-0.0006150798046,-0.001577585522,-0.008891850357,0.003718442138,0,0.3650717124,0,0,0,0.104881874,0,0,-0.3184870088,-0.01607930184,0,0,-0.01424337762,-0.06055721687,0,0.01984058093,0.4806482609,0.001767130976,0,0.01793804379,0.03528711167,0.01381696228,0
1,2,2,4,3,1500,500,v1,0.002001285914,0.001174819021,0,0.001443536184,0.02111094966,0.0003720182947,0.0003568445221,0.02109651409,0.000814162281,0,0.0002808680055,0.0008711163246,0.007586592857,0.1754176837,0,0.003091913807,0.07824463766,0.001378831229,0.03289749153,0.07819113435,0.003017573047,0,0.001040996056,0.003228664853,0,0.07186187521,0,0,0.001783786844,0,0.01347683644,0.0005418149969,0.001236183566,0,0,0.001322659756,0,0.01241178238,0,0,0.01213509909,0,0.005058418456,0.008753099447,0.002255789059,0,0,0.001703085528,0,0.008356432679,0.1932179691,0,0.008170151186,0.004796140797,0.003405661812,0.005893165381,0.08618441235,0.03623572247,0.001456800188,0.08612547985,-0.3866987511,-0.003404311512,-0.001528486384,0,-0.04211991201,-0.0006452084549,-0.001681782801,0,-0.004364863888,0.6599716663,0,0,-0.001778908051,0.123769878,0,-0.5438483845,0.01013246586,-0.2078857093,0,-0.1561124886,-0.002414762707,-0.006246133943,0,0.03311429763,0.01162279465,0,0,0.02388548156,0.003530357066,0,-0.453041911,0,-0.08516169196,0,-0.002320777835,0,-0.002553535505,-0.001778908051,0.02388548156,0.2779985251,0.005946167473,-0.004364863888,0.03311429763,0.2778086102,0.004489266392,0.0007949490627,0,-0.01719725154,0,-0.02056167352,0,-0.003896984748,0.123769878,0.003530357066,0.2778086102,0.007595423469,0.6599716663,0.01162279465,0.2779985251,0.008126754904,-0.5261598369,0,0.01116063364,-0.2294469616,-0.01403386776,-0.006252836922,-0.1723056895,0,0,0.004489266392,0.008126754904,0,0,0.005946167473,0.007595423469
1,2,2,4,1,1500,500,v1,0,0.02220719849,0,0,0,0,0.03216854944,0,0,0,0,0,0,0,0,0,0,0,0,0,0,0,0,0,0.07092531698,0,0,0.3588383247,0.06058671791,0,0,0.08776374162,0,0,0,0,0.02900120915,0,0,0.146728217,0,0,0,0,0,0,0,0,0.02352841535,0,0,0.1190392585,0,0.02009873941,0,0,0,0,0.02911431141,0,-0.1974589592,0,-0.05426295562,0,0,0,0,0.1850171969,0,0,0,0.9360728205,0,0,0,0,0,0,0,0,0,0,0.9360728205,0,0.1542058386,0,0.1850171969,0,0.2233770336,0,-0.4210107741,-0.4297564937,0,0,-0.1483479919,0,0,0,0,0,0,0,0,0,0,-0.5720284368,-0.1753649081,0,0,0,0,0,0,0.2233770336,0,0,0,0.1542058386,0,0,-0.8077323493,-0.1422719431,0,0,0,-0.04911096727,0,0,0,0,0,0,0,0,0
1,2,2,4,4,1500,500,v1,0,0,0,0,0.1336275254,0,0,0.1611210067,0,0,0,0,0,0,0,0,0.1487309469,0,0,0.179331914,0,0,0,0,0,0,0,0,0,0,0,0,0,0,0,0,0,0,0,0,0,0,0,0,0,0,0,0,0,0,0,0,0,0,0,0,0.1710026503,0,0,0.2061859567,-0.06000769107,0,0,0,0.2796766149,0,0,0,0,0,0,0,0,0,0,-0.09161469006,0,0,0,0.3112836139,0,0,0,0,0,0,0,0,0,0,0,0,0,0,0,0,0,0,0,-0.1493840249,0,0,0,-0.1801193609,0,0,0,0,0,0,0,0,0,0,-0.1801193609,0,0,0,-0.1493840249,0,0.5909602288,0,0,0,0,0,-0.371291305,0,0,0,0,0,0,0,0
1,2,2,4,2,1500,500,v1,0.0009964562697,7.58713976e-05,0.0006237611281,0.001448162568,0.0005611780092,0,1.815976557e-06,4.232534151e-05,0,0.0001064117386,0,0,0.001917186533,0,0,0.001974782544,0.002325033888,0,0,0.0001753594256,0,0,0,0,0.01188070721,0,0,0.06373540031,0.02621110199,0.2154891971,0,0.0006273608799,0,0,0.03676179723,0,0.002996550066,0.04032015264,0,0.01607533243,0.08682497865,0.05435065068,0.04153144842,0.1261838456,0,0,0.009272054594,0,0.002067001728,0.02781259227,0,0.01108866503,0.05989133402,0.004560199333,0.02864813661,0.08704083734,0.03372922688,0,0.0001091480498,0.00254393619,-0.6174197294,-0.002439547919,-7.677378243e-05,0.0006928360055,-0.0006022514924,0,0,0.02509193699,0.1049813507,0,0,0.1346084971,0.108135231,0,0,-0.1750686367,-0.003883895893,0,0,-0.002495206701,0,0,0.1346084971,0.2213774519,0.0456404662,0.2399391797,0.02509193699,0.3217307832,0.00109240216,0.04093288938,0.02429304716,-0.07443408236,0,0,-0.02641892621,-0.2483102863,0,0.108135231,0.3217307832,0.05491333652,0,0.1049813507,0.2213774519,0.004141690664,0,-0.5443471624,-0.01903187946,-0.08185015582,0,-0.2130050867,0.06036940427,0,0,0.00109240216,0.004141690664,0,0,0.0456404662,0.05491333652,0,-0.4242378064,-0.01300099428,-0.05634366943,0,-0.1466275221,-0.004659545586,-0.03627255993,0,0.04093288938,0,0,0,0.2399391797,0,0
1,2,2,4,4,1500,500,v1,0.1118296056,0,0,0.08443647749,0,0,0,0,0,0,0,0,0.0002990070151,0,0,0.0007168444441,0,0,0,0,0,0,0,0,0.2794780955,0,0,0.003959015074,0,0,0,0,0,0,0,0,0.07164426924,0.0004829174882,0,0.001014894357,0.03561634227,0,0.001157754504,0.02689197074,0,0,0,0,0.200294975,0.001350086298,0,0.002837327283,0.09957215645,0,0.003236719585,0.07518154161,0,0,0,0,-0.1991467775,-0.08656980654,0,0,0,0,0,0.08827591123,0.003159554994,0,0,0.001250494146,0.007574763215,0,0,-0.006152304995,-0.001003907144,0,0,0,0,0,0.001250494146,0.244195846,0,0,0.08827591123,0.18437903,0,0,-0.03780726682,-0.02187700343,0,0,0,0,0,0.007574763215,0.18437903,0,0,0.003159554994,0.244195846,0,0,-0.3524781446,0.02869515622,-0.001637244427,0,-0.02713683361,0,0,0,0,0,0,0,0,0,0,-0.1095296389,-0.06650242305,-0.004515060568,0,-0.1720099439,0,0,0,0,0,0,0,0,0,0
1,2,2,4,2,1500,500,v1,0,0,0,0,0,0,0,0,0,0,0,0,0.008572484736,0,0,0.0001144796932,0,0,0,0,0,0,0,0,0,0,0,0,0,0,0,0,0,0,0,0,0,0.159150598,0,0,0,0,0.002125347808,0,0,0,0,0,0,0.8190985862,0,0,0,0,0.01093850357,0,0,0,0,0,0,0,0,0,0,0,0,0,1.479690207,0,0,0,0.0197602546,0,0,-0.9909646962,-0.008668944895,0,0,0,0,0,0,0,0,0,0,0,0,0,0,0,0,0,0,0,0,0.0197602546,0,0,0,1.479690207,0,0,0,-0.8386922329,0,-0.1609414081,0,0,0,0,0,0,0,0,0,0,0,0,-0.169610353,0,-0.830023288,0,0,0,0,0,0,0,0,0,0,0,0
1,2,2,4,4,1500,500,v1,0.03211479971,0.00227604173,0.08128743385,0.004608469061,0.0008637550812,0,0.003092981338,0.0001347030538,0.0002618990252,0.03698315986,0,0.0001164939974,0,0.0002608760552,0,0,0.0004279889232,0,0.0001922751264,6.6745095e-05,0.0001297704456,0,0,5.772254379e-05,4.315935874e-05,0.000464441522,0,0.0001605734524,0.00200779309,0.07170709825,0.0003423102679,0.002728450219,0.0002310322548,0,0.03262441625,0.0001027643034,0.0002234783008,0,0,0.0008314461418,0.1466912907,0.371297928,0,0.02105017876,0,0,0.1689285782,0,1.956521214e-05,0,0.0002105429081,7.279194483e-05,0.01284261698,0.0009101826087,0,0.001842913659,0.0003454131981,0.0001551777692,0.001236874432,5.386736776e-05,-0.8037151238,0.03484545098,-0.005357998625,-0.1180252628,-0.0009964161777,0,-0.0003783832749,0.0004273944014,0,0.001396656037,0,0.001590111544,0,0.001029386219,0,-0.003266075627,0,-0.0004522112154,0,-0.0004889160714,0,-0.0001871040699,0.001590111544,0.152611654,0.007727212818,0.7859533902,0.0004273944014,0.02189975004,0.0105007396,0.3575834356,-0.6682355205,-0.0002013369443,-0.0008051645796,0,-0.004680585287,-0.1041150977,-0.000333107205,0,0.02189975004,0.002437410892,0,0,0.152611654,0.0003801155044,0,-0.1736525496,-0.001052767218,0,0,-0.1651209837,-0.5402175234,0,0.001029386219,0.0105007396,0.0003801155044,0.0009329228191,0.001396656037,0.007727212818,0.002437410892,0.0004149690056,-0.1443109288,-9.089980173e-05,0,-0.0003599857085,0.01393459665,-0.002113384364,-0.0003930186815,0,0.3575834356,0,0.0004149690056,0,0.7859533902,0,0.0009329228191
1,2,2,4,2,1500,500,v1,0,0,0.5443593652,0,0,0,0,0,0,0.3496794996,0,0,0,0,0,0,0,0,0,0,0,0,0,0,0,0,0,0,0,0.032850136,0,0,0,0,0.0211019041,0,0,0,0,0,0,0.03166712221,0,0,0,0,0.02034197289,0,0,0,0,0,0,0,0,0,0,0,0,0,0.1005428892,0,0,-0.8800720376,0,0,0,0,0,0,0,0,0,0,0,0,0,0,0,0,0,0,0,0,0,0.7119556136,0,0,0,0.457338109,-0.8307223899,0,0,0,0,0.05119324154,0,0,0,0,0,0,0,0,0,-0.828878796,0,0,0,0,0.04934964763,0,0,0,0,0,0,0,0,0,0,0,0,0,0,0,0,0,0.457338109,0,0,0,0.7119556136,0,0
