1,2,2,4,3,1500,500,v1,0.00753080293,0,0.001865005426,0.08960100625,0.01845413487,0.0008489366223,0,0.03075469878,0.001726999868,0.002139994493,0.008038758552,0.008389622383,0.01530034537,0,0.0436324524,0.01160295392,0.04155130035,0.001911464332,0,0.06924723025,0.003888510123,0.001030148982,0.01810005581,0.01889006025,0,0,0.01117035907,0,0,0.001075049693,0,0,0.0009954988075,0.0002637287934,0.001233562321,0.00483605079,0,0.007963556437,0.02270991201,0,0.008825474012,0.002185631077,0.006039130236,0.105004919,0.0009948830379,0.0005361741422,0.002507895367,0.009420755708,0,0.01801906018,0,0,0.01996931252,0,0.01366468009,0.237593589,0.04893454123,0,0,0.08155175446,-0.4523043345,0.09216504419,0,-0.003996636808,-0.04910675884,-0.008783177337,-0.01009563749,0,0.06141192136,0,0.1155713991,0,0.0465714848,0,0.002728605718,-0.2942346849,-0.02658709357,0,-0.04457473215,-0.1105691766,-0.01997059552,-0.02277819085,0,0.006206156664,0,0.007612456196,0,0.07384045067,0,0.008734888167,-0.1089468948,0,0,-0.01141036992,0,-0.002281463116,-0.005819453105,0.0465714848,0.07384045067,0.1632219149,0.005588686233,0.06141192136,0.006206156664,0.2720173338,0.05292044237,-0.3105969728,0,-0.01378310083,-0.02288156782,0.1080097564,-0.004620129651,-0.01025231288,0,0,0.2720173338,0.009907945214,0,0,0.1632219149,0.04813197696,0.0001286707148,0,-0.03161874303,0,-0.2535392055,0,-0.1304835636,0.002728605718,0.008734888167,0.05292044237,0.04813197696,0.1155713991,0.007612456196,0.005588686233,0.009907945214
1,2,2,4,1,1500,500,v1,0,0,0.01130913169,0,0,0.004745560642,0,0,0.02384977291,0.0135266466,0.01393412044,0.01233659389,0.03008312442,0.02049157486,0.1247169897,0.02564679645,0,0.005044505921,0.1225692901,0,0.02535218276,0.01076507085,0.0148118965,0.01311373421,0,0.02020673927,0.1229834071,0,0,0.01185444622,0.1208655608,0,0.02499978407,0.01061543494,0.01417888738,0.01293145157,0,0.01103908853,0.04576525602,0,0,0.004411341162,0.009411165297,0,0.001851095873,0.003950273532,0.00527632488,0.005435267774,0,0.01542474496,0.01050679815,0,0,0,0.0131500734,0,0,0.06284586709,0,0,-0.1382331005,0,0,-0.02478450143,0,-0.0186421878,-0.03576140284,0,0.0838718268,-0.01345739619,0.4360804551,0,0.07150337456,-0.08049472198,0.03764072259,-0.1272566981,-0.05485870357,-0.1408123193,-0.1333619152,0,-0.01954582757,-0.03786384854,0,0,0,0.04131316882,0,0,0,0.04941391242,-0.3617806109,0,0.1338452351,-0.1333213208,0,-0.02603264866,-0.03785195557,0.07150337456,0,0,0.01732334244,0.0838718268,0,0,0.05086555474,-0.439062107,0,-0.02020976207,-0.04913088247,0,-0.009667570735,-0.007271249404,-0.08049472198,0,0,0.1102088746,-0.01345739619,0,0,0.05700693579,-0.08203554985,0,-0.02851500193,0.06960182965,0,0,0,0.03764072259,0.04941391242,0.05086555474,0.05700693579,0.4360804551,0.04131316882,0.01732334244,0.1102088746
1,2,2,4,2,1500,500,v1,0,0,0,0,0,0,0,0,0,0,0,0,0,0,0.6264050901,0,0,0,0,0,0,0.04256866496,0,0,0,0,0.1519263762,0,0,0,0,0,0,0.01032447391,0,0,0,0,0.1580357459,0,0,0,0,0,0,0.01073964887,0,0,0,0,0,0,0,0,0,0,0,0,0,0,0,0,0,0,0,0,0,0,0,0,0.4837602751,0,0,0,0.03287493891,0.3140994573,0,0,-0.6585229333,0,0,0,0,0,0,0,0,0,0,0,-0.4983777462,0,0,0.1539542703,0,0,0,0,0,0,0,0,0,0,0,-0.504568663,0,0,0.160145187,0,0,0,0,0,0,0,0,0,0,0,0,0,0,0,0,0,0,0.03287493891,0,0,0,0.4837602751,0,0,0
1,2,2,4,1,1500,500,v1,0,0,0,0,0,0,0,0,0,0,0,0,0.004387290183,0,0.07605421586,0.01703623684,0,0,0,0,0,0.02395077589,0,0,0,0,0.3367710502,0,0,0,0,0,0,0.1060549748,0,0,0,0.0155026684,0.2687406667,0,0,0,0.06019823615,0,0,0.08463104125,0,0,0,0.001366521094,0,0,0,0,0.005306322587,0,0,0,0,0,0,0,0,0,0,0,0,0,0.03170970902,0,0.00651840532,0,0.1231316121,0,0.002052744756,-0.1827458782,-0.02108707806,0,0.09489130881,0,0,0,0,0,0,0,0,0,0,0,0.4301919846,0,0,-0.4359060846,0,0,0,0.1231316121,0,0,0,0.03170970902,0,0,0,-0.3686962259,0,-0.07554609731,0.3353006757,0,0,0,0,0,0,0,0,0,0,0,-0.09663317537,0,-0.006594372053,0,0,0,0,0.002052744756,0,0,0,0.00651840532,0,0,0
1,2,2,4,0,1500,500,v1,0.0006576028632,0,0,4.942704627e-05,0,4.886269927e-05,0,0,0,0,0.002796700898,0,0.006095132694,0.0006631657157,0.01231623499,0.01370026972,0,3.970417164e-05,0.0004461181079,0,0,0.01078715059,0.002272504265,0,0.172036951,0.005734294022,0.1064966282,0.06560100098,0,0,0.003857516062,0,0,0.09327486583,0,0,0.117178562,0.03589777105,0.07253745012,0.04468244128,0.003147072145,0,0.08068883327,0.0002365416717,0.0002338408916,0.06353178539,0,0.01338409546,0.02909811363,0.008914236556,0.0009698912825,0.01109567084,0.0007814899015,0,0.02003688046,5.873870034e-05,0,0.0006524554174,0,0,-0.0154297948,5.636349041e-05,0,0,0,0.002700057761,0,0.4770110058,0.07631311377,0.01104580229,0.286758789,0.1818934389,0.1715319902,0.00743061998,0.251157067,-0.5029896057,-0.01975434044,-0.001106982815,-0.02305546179,0,0.001283191207,0,0.1818934389,0.004476200929,0,0,0.4770110058,0.0003364422624,0,0,-0.3632042444,-0.2376338985,-0.009591650593,-0.1997680218,0,0,0,0.1715319902,0.0003364422624,0,0.0002437914668,0.07631311377,0.004476200929,0,0.01395362566,-0.5456712678,-0.1615253215,-0.1165846657,-0.135787087,-0.002767107498,0,-0.01344819372,0.00743061998,0,0,0,0.01104580229,0,0,0,-0.5489076036,-0.04011040975,-0.02889106317,-0.001618981436,-0.0004976847869,0,0,0.251157067,0,0.01395362566,0,0.286758789,0,0.0002437914668,0
1,2,2,4,4,1500,500,v1,0,0,0,0,0,0,0,0,0,0,0,0,0.01977069838,0,0,0.06151871032,0,0,0,0,0,0,0,0,0,0,0,0,0,0,0,0,0,0,0,0,0,0.1484504871,0,0,0,0,0.4619200768,0,0,0,0,0,0,0.07499252087,0,0,0,0,0.2333475064,0,0,0,0,0,0,0,0,0,0,0,0,0,0.08432069315,0,0,0,0.2623731441,0,0,-0.3082619584,0.07713273357,0,0,0,0,0,0,0,0,0,0,0,0,0,0,0,0,0,0,0,0,0.2623731441,0,0,0,0.08432069315,0,0,0,0.3697060066,0,-0.6008352315,0,0,0,0,0,0,0,0,0,0,0,0,-0.5237024979,0,0.2925732731,0,0,0,0,0,0,0,0,0,0,0,0
1,2,2,4,3,1500,500,v1,0.01570565626,0,0,0.3404268315,0.07846467384,0,0,0.04765838174,0,0,0,0,0,0,0,0,0.01163730208,0,0,0.007068339904,0,0,0,0,0,0,0,0,0,0,0,0,0,0,0,0,0,0,0,0,0.01858122942,0,0,0.4027561123,0,0,0,0,0,0,0,0,0.002530510312,0,0,0.05484989569,0.01264230306,0,0,0.007678763908,-0.3992493347,0.3379174662,0,0,-0.1261209584,0,0,0,0,0,0,0,0,0,0,-0.146399873,0,0,0,-0.01866684052,0,0,0,0.001480861532,0,0,0,0.03209830847,0,0,0,0,0,0,0,0,0,0,0.03209830847,0.154038916,0,0,0.001480861532,0.09356115436,0,0.3923637667,0,0,0,-0.41474988,0,0,0,0,0.09356115436,0,0,0,0.154038916,0,-0.2216202127,0,0,0,0.05444630043,0,-0.0202789146,0,0,0,0,0,0,0,0
1,2,2,4,3,1500,500,v1,0,0,0,0,0,0,0,0,0,0,0,0,0,0,0,0,0,0,0,0,0,0,0,0,0.1263390843,0,0,0.05221440253,0,0,0,0,0,0,0,0,0.5744994245,0,0,0.2374336047,0,0,0,0,0,0,0,0,0.006731455531,0,0,0.002782028464,0,0,0,0,0,0,0,0,0,0,0,0,0,0,0,0.6588876341,0,0,0,0.2723102224,0,0,0,0,0,0,0,0,0,0,0.2723102224,0,0,0,0.6588876341,0,0,0,-0.7902218544,0.1694232834,0,0,0,0,0,0,0,0,0,0,0,0,0,0.1784503023,-0.7992488732,0,0,0,0,0,0,0,0,0,0,0,0,0,-0.6298255898,0.009027018871,0,0,0,0,0,0,0,0,0,0,0,0,0
1,2,2,4,4,1500,500,v1,0,0,0.01352026312,0,0,0.009863019321,0,0,0.002772342992,0.06161911608,0.008846183047,0.008217110606,0,0,0.08821028807,0,0,0.03293932709,0,0,0.009258738084,0.01568877504,0.02954341946,0.02744251889,0.0103847581,0,0.07110311639,0.02430625597,0,0.0363964795,0,0,0.007463133224,0.01264615298,0.1658783469,0.02212041993,0.008713065921,0,0.05965725288,0.02039354296,0,0.03053753607,0,0,0.02227710406,0.01061043151,0.1391759882,0.01998042727,0.009110685885,0,0,0.02132420042,0,0,0,0,0,0,0,0,-0.5425072741,0,0,-0.07498351618,0,-0.01867039352,-0.01096665797,-0.01003476941,0,0,0.3280467756,-0.02348708283,0,0,0.05834528482,-0.2550270866,0,0,-0.1038968182,0,-0.06248167855,-0.03670056788,-0.02348708283,0,0,0.1205433339,-0.01003476941,0,0,0.5493812623,-0.4095349854,-0.03414843799,0,-0.08357595282,0,-0.2022710525,-0.02952225098,0,0,0,0.09751833761,0,0,0,0.08746461357,-0.5511496467,0.02761813641,0,-0.07012193594,0,-0.1693618288,-0.04216989538,0,0,0,0.0292092215,0,0,0,0.08657499374,-0.006530301582,0.02887820307,0,0,0,0,0,0.05834528482,0.5493812623,0.08746461357,0.08657499374,0.3280467756,0.1205433339,0.09751833761,0.0292092215
1,2,2,4,4,1500,500,v1,0,0.0005508916391,0,0,0,0,0.001007342531,0,0.007812160672,0,0,0.004957282571,0,0,0,0,0,0,0,0,0.490743943,0,0,0.3114063442,0,0,0,0,0.004341145683,0,0,0.007938077783,0.06156152167,0,0,0.0390644626,0,0,0,0,0,0,0,0,0,0,0,0,0,0,0,0,0,0.02496558004,0,0,0,0,0.04565124756,0,-0.9604165084,0,0.001478554993,0,0,0,-0.01274295535,0,0,0,0,0,0,0,0,-0.1131602092,0,0,0,0,0,-0.8021369493,0,0,0.02990051545,0,0,0,0.05467510993,0,-0.8829149891,0,0,0,0.01165133425,0,-0.1004172539,0,0,0,0,0,0,0,0,0,0,0,0,0,0,0,0,0.05467510993,0,0.8399483434,0,0.02990051545,0,0.5329973944,0.01312988925,0,0,0,0,-0.0695136395,0,0,0,0,0.5329973944,0,0,0,0.8399483434
1,2,2,4,3,1500,500,v1,0.3649513778,0,0,0.1869801739,0,0.03403459276,0,0,0,0,0.01182286861,0,0,0,0,0,0,0.01695254736,0,0,0,0,0.005888941922,0,0,0,0,0,0,0,0,0,0,0,0,0,0,0,0,0,0.1068617796,0,0,0.05474985257,0.009965703297,0,0,0.003461866035,0,0,0,0,0.135108462,0,0,0.06922183409,0,0,0,0,0.3114400431,-0.5433091792,0,0,0,-0.04576367824,0,0,0,0,0,0,0,0,0,-0.05898050678,0,0,0,0,-0.02257287926,0,0,0.1944791631,0,0,0,0.09963997933,0,0,0,0,0,0,0,0,0,0,0.09963997933,0,0.09079120968,0,0.1944791631,0,0.03153886938,-0.417763724,0,0,0,0.1533477382,0,-0.01321682854,0,0,0,0,0,0,0,0,-0.389961441,0,0,0,0.1938820127,0,0,0,0,0.03153886938,0,0,0,0.09079120968,0
1,2,2,4,1,1500,500,v1,0,0,0.003885932986,0,0,0.1522653576,0,0,0,0.004004079924,0.1517966473,0,0.002080501261,0.0166576464,0.0002356870746,0.004723674414,0,0.2588053863,0.00140598748,0,0,0.0004739924248,0.2580087195,0,0.002389607502,0.008087850591,0.0001144340443,0.0007890297789,0,0.003206911623,0.0006826544638,0,0,0.0002301393499,0.003304413764,0,0.0005047197746,0.0002133591201,2.417013045e-05,0.0001666545371,0,0.0006773462629,0.0004844212477,0,0.02654095459,4.860876972e-05,0.0006979401297,0.02645925499,0.01112865727,0.004704393689,0.0376659837,0.003674595921,0,0,0.01068109139,0,0,0.003179194722,0,0,-0.46632053,0,0,-0.007889839784,0,0.2885140008,0,0.02102519361,0.01043024685,0.09308906828,0.0005551247247,0.006942355114,0.02368135414,0.007857176302,0.001116416202,0.2728275811,-0.006697472424,-0.01778036412,-0.0006985858268,0,-0.5087403252,0,0.006942355114,0,0,0.01164310341,0.02102519361,0,0,0.01199708682,-0.08405095512,-0.003172043774,-0.008752312231,-0.0003438517599,0,-0.006497853427,0,0.02368135414,0,0,0.1276486486,0.01043024685,0,0,0.1272557146,-0.2756829987,-0.0006699816674,-0.0006895745767,-7.192303135e-05,0,-0.00137243361,0.0502900822,0.007857176302,0,0,0,0.09308906828,0,0,0,-0.03776174879,-0.01480300704,-0.01535402033,-0.04076482004,0,0,0,0.001116416202,0.01199708682,0.1272557146,0,0.0005551247247,0.01164310341,0.1276486486,0
1,2,2,4,2,1500,500,v1,0,0,8.534675388e-06,0,0,0.001215804101,0,0,0.0119469354,0.0001757710796,0.00290457809,0.0002587032102,0,0.07453995961,0.03308979412,0,0,0.04442370752,0.05029340812,0,0.436523584,0.1651491586,0.1061290445,0.009452637752,0,0.003037830333,0.001348554263,0,0,1.270903471e-05,0.002049676999,0,0.01779025091,0.006730552659,0.0002617417359,0.0003852364535,0,0,0.00117247638,0,0,1.104964288e-05,0,0,0.001574072887,0.005851758607,0.00022756667,0.003760488729,0,0,0.0117479008,0,0,0,0,0,0,0.007926513143,0,0,-0.5846007193,0,0,-0.0001837304888,0,-0.004111835205,-0.01067807642,0,0,0.09290113739,0.04920251124,0,0,0.06268201435,0.2455667539,0.01663845421,0,-0.123092995,-0.1970129634,0,-0.1505502486,-0.4450995298,0,0,0,4.806845361e-05,0,0,0,0.0009899665918,-0.7680269694,0,0.004827361323,0.006765191008,0,-0.0002701571801,0.01688084807,0,0,0,0.07081058812,0,0,0,0.1691677817,-0.3453637439,0,0,-0.006265071043,0,-0.0002381356947,-0.005323496035,0.06268201435,0,0,0.6443912586,0.09290113739,0,0,0.01395387869,-0.1182656337,0,0,0.01454353251,0,0,0,0.2455667539,0.0009899665918,0.1691677817,0.01395387869,0.04920251124,4.806845361e-05,0.07081058812,0.6443912586
1,2,2,4,4,1500,500,v1,0,0.08609817977,0,0,0.04393653559,0,0.05216751069,0.08628767166,0,0,0,0,0.0231870533,0.04854173188,0.02266835647,0.04461012664,0.02040480038,0,0.02891791684,0.04007331693,0,0.03592847443,0,0,0.002608242462,0.003211566411,0.001499759679,0.001316680314,0.002645465796,0,0.001913236442,0.001602906886,0,0.002377061494,0,0,0.03664096939,0.02155093884,0.02106884207,0.01849691652,0,0,0.04146236688,0,0,0.03339330553,0,0,0.03321108433,0.01953360021,0.04089328521,0.01676545857,0,0.03368505379,0.03758116081,0,0.01718973118,0.02436148393,0.02041001806,0.0337591906,-0.06461768551,0,-0.04213633407,0,-0.07646009298,0,0,0.1077672796,0.06658058951,0.1378023852,0.06778461026,0.05440254834,0.1280959727,0.08209345648,0.1074360664,-0.3002133373,-0.03825232806,-0.07730084852,-0.05859547017,-0.01408161058,0,0,0.05440254834,0,0.08216468299,0,0.1077672796,0,0.0497841744,0,-0.4456423631,-0.003893590755,-0.00506453595,-0.00386877941,-0.001020866584,0,0,0.1280959727,0,0.04820389826,0,0.06658058951,0,0.09466841318,0,-0.2100226763,-0.05502643373,-0.03531273297,-0.05434953488,0,0,0,0.08209345648,0.0497841744,0.09466841318,0,0.1378023852,0.08216468299,0.04820389826,0,-0.3485493742,-0.04919319412,-0.05621931375,-0.06423184331,0,-0.04480870428,-0.004706504063,0.1074360664,0,0,0,0.06778461026,0,0,0
1,2,2,4,3,1500,500,v1,0,0.04323769732,0,0,0.03063491078,0,0.08226825148,0.002937875956,0,0,0,0,0.05837583924,0,0,0.04746912321,0.08556434299,0,0,0.008205587009,0,0,0,0,0.005344002535,0,0,0.0009484149476,0.005887944403,0,0,0.01120297613,0,0,0,0,0.09538411047,0.05080043828,0,0.01692808256,0,0,0.04130908086,0,0,0,0,0,0.06672824876,0.0355386685,0,0.01184244733,0,0.07352021564,0.02889876113,0,0.05209077696,0,0.1398867184,0.004995485125,-0.3811950492,0,-0.1252456202,0,-0.03350314608,0,0,0.2218587258,-0.02345745599,0,0,0.03937389034,-0.01907478536,0,0,0.007438501689,-0.06955467412,0,0,-0.09376835941,0,0,0.03937389034,0,0.1838140899,0,0.2218587258,0,0.3497425941,0,-0.5081375171,-0.004666547884,0,0,-0.01705546851,0,0,-0.01907478536,0,0.2521755062,0,-0.02345745599,0,0.02418353291,0,-0.08789950753,-0.1105565021,0.0526557597,0,0,0,0,0,0.3497425941,0.02418353291,0,0,0.1838140899,0.2521755062,0,-0.4016945585,-0.0589320275,0.04525374198,0,0,-0.2134033673,-0.05696785392,0,0,0,0,0,0,0,0
1,2,2,4,0,1500,500,v1,0,0,0,0,0,0,0,0,0,0,0,0,0,0.102042796,0,0,0,0,0.1242757933,0,0,0,0,0,0,0.2794715388,0,0,0,0,0.340362559,0,0,0,0,0,0,0,0,0,0,0,0,0,0,0,0,0,0,0,0.06936686034,0,0,0,0,0,0,0.08448045263,0,0,0,0,0,0,0,0,0,0,0,0.6757814847,0,0,0,0.8230201723,0,-0.7733519702,0,-0.2258491344,0,0,0,0,0,0,0,0,0,0,0,0,-0.379377319,0,-0.6198237856,0,0,0,0,0,0,0,0,0,0,0,0,0,0,0,0,0,0,0,0.8230201723,0,0,0,0.6757814847,0,0,0,-0.8456729201,0,0,-0.1535281846,0,0,0,0,0,0,0,0,0,0,0
1,2,2,4,4,1500,500,v1,0,0,0,0,0,0,0,0,0,0,0,0,0,0,0.08365339073,0,0,0,0,0,0,0.2474563787,0,0,0,0,0.05888656632,0,0,0,0,0,0,0.1741932554,0,0,0,0,0.1101055353,0,0,0,0,0,0,0.3257048735,0,0,0,0,0,0,0,0,0,0,0,0,0,0,0,0,0,0,0,0,0,0,0,0,0.3785218686,0,0,0,1.11971167,-0.6683991508,0,0,-0.3304232082,0,0,0,0,0,0,0,0,0,0,0,-0.7662260176,0,0,-0.2325963414,0,0,0,0,0,0,0,0,0,0,0,-0.5630195496,0,0,-0.4358028094,0,0,0,0,0,0,0,0,0,0,0,0,0,0,0,0,0,0,1.11971167,0,0,0,0.3785218686,0,0,0
1,2,2,4,0,1500,500,v1,0,0,0.2498322971,0,0,0,0,0,0,0.1102228696,0,0,0,0,0,0,0,0,0,0,0,0,0,0,0,0,0,0,0,0.04412585976,0,0,0,0,0.01946777476,0,0,0,0,0,0,0.3999141165,0,0,0,0,0.1764370822,0,0,0,0,0,0,0,0,0,0,0,0,0,-0.5070054927,0,0,0.3416439877,0,0,0,0,0,0,0,0,0,0,0,0,0,0,0,0,0,0,0,0,0,0.172109645,0,0,0,0.07593261235,-0.2257033249,0,0,0,0,0.06034182001,0,0,0,0,0,0,0,0,0,0.4019858078,0,0,0,0,-0.5673473127,0,0,0,0,0,0,0,0,0,0,0,0,0,0,0,0,0,0.07593261235,0,0,0,0.172109645,0,0
1,2,2,4,1,1500,500,v1,0,0,0,0,0,0.1691547606,0,0,0,0,0.1847738294,0,0,0,0,0,0,0.2219418905,0,0,0,0,0.2424351101,0,0,0,0,0,0,0,0,0,0,0,0,0,0,0,0,0,0,0,0,0,0.08683806617,0,0,0.0948563432,0,0,0,0,0,0,0,0,0,0,0,0,-0.2847182949,0,0,0,0,0.335830302,0,0,0,0,0,0,0,0,0,0.5082338991,0,0,0,0,-0.4571218921,0,0,0,0,0,0,0,0,0,0,0,0,0,0,0,0,0,0,0,-0.03664230397,0,0,0,-0.04002570664,-0.1212915901,0,0,0,0,0,0.1724035971,0,0,0,0,0,0,0,0,0,0,0,0,0,0,0,0,0,-0.04002570664,0,0,0,-0.03664230397,0
1,2,2,4,2,1500,500,v1,0,0,0,0,0,0.1181083503,0,0,0,0,0.3194136357,0,0,0,0,0,0,0.09432606554,0,0,0,0,0.2550965401,0,0,0,0,0,0,0,0,0,0,0,0,0,0,0,0,0,0,0,0,0,0.05751396185,0,0,0.1555414465,0,0,0,0,0,0,0,0,0,0,0,0,-0.5613127407,0,0,0,0,-0.43751285,0,0,0,0,0,0,0,0,0,-0.6501263149,0,0,0,0,-0.3486992757,0,0,0,0,0,0,0,0,0,0,0,0,0,0,0,0,0,0,0,0.4044471682,0,0,0,1.093791218,-0.7862121257,0,0,0,0,0,-0.2126134649,0,0,0,0,0,0,0,0,0,0,0,0,0,0,0,0,0,1.093791218,0,0,0,0.4044471682,0
1,2,2,4,1,1500,500,v1,0,0.001256223537,0.09331441969,0,0,0,0.0001463139479,0,4.324198377e-05,0.02933110842,0,0.001287663676,0,0,0,0,0,0,0,0,0.0003154536934,0,0,0.009393608406,0,0,0,0,0.003914519053,0.2907771293,0,0.0004559289968,0.0001347463763,0,0.09139868773,0.004012489691,0,0,0,0,0,0.3606252653,0,0,0,0,0.1133537431,0,0,0,0,0,0,0.0002144767689,0,0,0,0,2.498038118e-05,0,-0.8655855465,0,-0.001399628178,-0.1223911222,0,0,0.001262850761,0,0,0,0,0,0,0,0,0.005198020822,0,0,0,0,0,-0.00955738527,0,0,0.00807315535,1.115871116,0,0,0.0009402906311,0.3507465604,-0.6062943698,0,0,0,-0.00437037537,-0.381383871,0.003935170061,0,0,0,0,0,0,0,0,-0.5037749932,0,0,0,0,-0.4739701245,0,0,0.0009402906311,0,0.0002124578464,0,0.00807315535,0,0.006326588826,-0.005770003548,0,0,0,0,-0.0002389604396,0,0,0.3507465604,0,0.006326588826,0,1.115871116,0,0.0002124578464
1,2,2,4,0,1500,500,v1,0,0,0,0,0,0,0,0,0,0,0,0,0,0.223465934,0,0,0,0,0.1156924132,0,0,0,0,0,0,0.4246923356,0,0,0,0,0.2198710124,0,0,0,0,0,0,0,0,0,0,0,0,0,0,0,0,0,0,0,0.01072551106,0,0,0,0,0,0,0.005552793818,0,0,0,0,0,0,0,0,0,0,0,0.9875863942,0,0,0,0.5112915807,0,-0.6607971475,0,-0.3384548358,0,0,0,0,0,0,0,0,0,0,0,0,-0.3546993743,0,-0.644552609,0,0,0,0,0,0,0,0,0,0,0,0,0,0,0,0,0,0,0,0.5112915807,0,0,0,0.9875863942,0,0,0,-0.9830074448,0,0,-0.01624453848,0,0,0,0,0,0,0,0,0,0,0
1,2,2,4,1,1500,500,v1,0.00263768302,0,0.002093405885,0.003055324338,0,2.782244709e-05,0,0,0.0001973141504,0.002416091491,0.0003110838341,0.0003864166002,0.002919650246,0,1.328048632e-05,0.002746160419,0,7.132233202e-06,0,0,5.058112e-05,2.313458024e-05,7.974576942e-05,9.90571856e-05,0,0,0.002231936675,0,0,0.09018857811,0,0,0.00850073213,0.003888029161,0.1040905912,0.01664768594,0,0.1508895542,0.0006863447645,0,0.03494468737,0.02773396714,0.1419234793,0.04047770448,0.0003685987695,0.001195611188,0.03200898711,0.004121316794,0,0.1323694124,0,0,0.03065558619,0,0.124503831,0.03550948232,0,0,0,0,-0.4251563092,-0.005681198246,0,-0.004500143241,0,-0.0003349207948,-0.0005825199069,0,0.03024095245,0,0.004378074649,0,0.02844399125,0,0.007626597206,-0.0829637854,0.005376093534,0,-3.58388904e-05,0,-8.550419635e-05,-0.0001472706432,0,0.1022524706,0,0.17992887,0,0.1184426596,0,0.207663794,-0.06674462594,0,0,-0.006107451207,0,-0.1942759373,-0.02509894544,0.02844399125,0.1184426596,0,0.0006035396116,0.03024095245,0.1022524706,0,0.006748199244,-0.02794253517,0,-0.2882300776,-0.001859824473,-0.07542056547,-0.05961902879,-0.004480734246,0,0,0,0.01309604238,0,0,0,0.02564706161,-0.3639557478,0,0.2437306883,0,-0.0660283231,0,0,0.007626597206,0.207663794,0.006748199244,0.02564706161,0.004378074649,0.17992887,0.0006035396116,0.01309604238
1,2,2,4,2,1500,500,v1,0.01590840891,0,0,0.004965568752,0,0.0392159822,0,0,0,0,0.1811907773,0,0,0,0,0,0,0.003033215126,0,0,0,0,0.0140144547,0,0,0,0,0,0,0,0,0,0,0,0,0,0,0,0,0,0.04788157988,0,0,0.01494550952,0.1180333744,0,0,0.5453531352,0,0,0,0,0.01178079684,0,0,0.003677197199,0,0,0,0,-0.7586397482,-0.02083067846,0,0,0,-0.2199495696,0,0,0,0,0,0,0,0,0,-0.8833250366,0,0,0,0,-0.01701230753,0,0,0.1132688296,0,0,0,0.03535514867,0,0,0,0,0,0,0,0,0,0,0.03535514867,0,0.2402894561,0,0.1132688296,0,1.11021656,-0.2732184848,0,0,0,-0.06282604447,0,-0.663375467,0,0,0,0,0,0,0,0,-0.08365672293,0,0,0,-0.01542592923,0,0,0,0,1.11021656,0,0,0,0.2402894561,0
1,2,2,4,3,1500,500,v1,0,0,0,0,0,0,0,0,0,0,0,0,0,0,0,0,0,0,0,0,0,0,0,0,0.1081796919,0,0,0.003697572627,0,0,0,0,0,0,0,0,0.4130947602,0,0,0.01411954361,0,0,0,0,0,0,0,0,0.4456752884,0,0,0.01523314328,0,0,0,0,0,0,0,0,0,0,0,0,0,0,0,-0.08386260718,0,0,0,-0.002866416749,0,0,0,0,0,0,0,0,0,0,-0.002866416749,0,0,0,-0.08386260718,0,0,0,-0.04833715223,0.1061565015,0,0,0,0,0,0,0,0,0,0,0,0,0,-0.3475258211,0.4053451704,0,0,0,0,0,0,0,0,0,0,0,0,0,0.5115016719,-0.4536823226,0,0,0,0,0,0,0,0,0,0,0,0,0
1,2,2,4,0,1500,500,v1,0,0.0007486088004,0,0,0,0,0.0007941560535,0,0,0,0,0,0,0.04468323215,0,0,0,0,0.07349505824,0,0,0,0,0,0.02299800478,0.1450687648,0,0.02971776574,0.003697105789,0,0.2386093575,0.003922047057,0,0,0,0,0.01809486107,0,0,0.02338197804,0,0,0,0,0,0,0,0,0.02044840974,0,0.128986213,0.02642320742,0,0.003287238817,0,0,0,0.2121567483,0.003487242742,0,-0.00107202407,0,0.001463876689,0,0,0,0,0.09219141195,0,0.4775633226,0,0.1191286376,0,0.7854964369,0,-0.7241066887,0,-0.1179331509,0,0,0,0,0.1191286376,0,-0.0002852129263,0,0.09219141195,0,-0.0003025660022,0,-0.538645334,-0.05271445923,-0.3836683518,0,-0.007499875,0,0,0,0,0,0,0,0,0,0,-0.09948918274,-0.04139085028,0,0,0,0,0,0.7854964369,-0.0003025660022,0,0,0.4775633226,-0.0002852129263,0,0,-0.6017428106,-0.04677472351,0,-0.3404383369,0,0.006427850931,0,0,0,0,0,0,0,0,0
1,2,2,4,3,1500,500,v1,0,0,0,0,0,0,0,0,0,0,0,0,0.211734136,0,0,0.3088087565,0,0,0,0,0,0,0,0,0,0,0,0,0,0,0,0,0,0,0,0,0,0.1310154416,0,0,0,0,0.1910826302,0,0,0,0,0,0,0.06400678975,0,0,0,0,0.093352246,0,0,0,0,0,0,0,0,0,0,0,0,0,0.03506471272,0,0,0,0.05114097583,0,0,0.4549404008,-0.5124108598,0,0,0,0,0,0,0,0,0,0,0,0,0,0,0,0,0,0,0,0,0.05114097583,0,0,0,0.03506471272,0,0,0,-0.3630982646,0,0.3056278055,0,0,0,0,0,0,0,0,0,0,0,0,-0.2067830543,0,0.1493125953,0,0,0,0,0,0,0,0,0,0,0,0
1,2,2,4,3,1500,500,v1,0,0,0,0,0,0.3495815925,0,0,0,0,0.5525398822,0,0,0,0,0,0,0.004857437918,0,0,0,0,0.007677544335,0,0,0,0,0,0,0,0,0,0,0,0,0,0,0,0,0,0,0,0,0,0.03307152365,0,0,0.0522720194,0,0,0,0,0,0,0,0,0,0,0,0,0.09287357769,0,0,0,0,-0.8880283795,0,0,0,0,0,0,0,0,0,-0.8070488169,0,0,0,0,0.011894015,0,0,0,0,0,0,0,0,0,0,0,0,0,0,0,0,0,0,0,0.4621963167,0,0,0,0.730535886,-0.8761343645,0,0,0,0,0,0.08097956269,0,0,0,0,0,0,0,0,0,0,0,0,0,0,0,0,0,0.730535886,0,0,0,0.4621963167,0
1,2,2,4,4,1500,500,v1,0,0.09837058974,0,0,0,0,0.04132827318,0,0,0,0,0,0,0,0,0,0,0,0,0,0,0,0,0,0,0,0,0,0.3564136311,0,0,0.1497394694,0,0,0,0,0,0,0,0,0,0,0,0,0,0,0,0,0,0,0,0,0,0.2493774859,0,0,0,0,0.1047705507,0,-0.1622069272,0,0.1325554626,0,0,0,0,0,0,0,0,0,0,0,0,0,0,0,0,0,0,0,0,0,0.03131913887,0,0,0,0.01315805802,0,0.4685943241,0,0,0,-0.4982457887,0,0,0,0,0,0,0,0,0,0,0,0,0,0,0,0,0,0,0.01315805802,0,0,0,0.03131913887,0,0,-0.3656903261,0,0,0,0,0.3360388615,0,0,0,0,0,0,0,0,0
1,2,2,4,4,1500,500,v1,0,0,0,0,0,0,0,0,0,0,0,0,0,0.05809899759,0.238442791,0,0,0,0.01588447352,0,0,0.1844971123,0,0,0,0.006345678607,0.02604315704,0,0,0,0.001734931203,0,0,0.0201511115,0,0,0,0,0.2316736968,0,0,0,0,0,0,0.1792594688,0,0,0,0,0.02973808336,0,0,0,0,0,0,0.00813049824,0,0,0,0,0,0,0,0,0,0,0,0.03442907897,0.7434314511,0,0,0.009413033199,0.5752364735,-0.4125839487,0,-0.07282768625,-0.4229283896,0,0,0,0,0,0,0,0,0,0,0,-0.8699089912,0,0.007667413671,-0.0460984469,0,0,0,0,0,0,0,0,0,0,0,-0.4690268365,0,0,-0.4100851132,0,0,0,0.009413033199,0,0,0,0.03442907897,0,0,0,-0.06516027258,0,0,0.0359321978,0,0,0,0.5752364735,0,0,0,0.7434314511,0,0,0
1,2,2,4,0,1500,500,v1,0,0,0,0,0,0.5835816971,0,0,0,0,0.08345918289,0,0,0,0,0,0,0.1212826293,0,0,0,0,0.0173448708,0,0,0,0,0,0,0,0,0,0,0,0,0,0,0,0,0,0,0,0,0,0.1700171309,0,0,0.02431448911,0,0,0,0,0,0,0,0,0,0,0,0,0.3159334962,0,0,0,0,-0.6566202539,0,0,0,0,0,0,0,0,0,-0.4722256408,0,0,0,0,0.1315388831,0,0,0,0,0,0,0,0,0,0,0,0,0,0,0,0,0,0,0,0.4470907905,0,0,0,0.063939346,-0.5250813708,0,0,0,0,0,0.1843946131,0,0,0,0,0,0,0,0,0,0,0,0,0,0,0,0,0,0.063939346,0,0,0,0.4470907905,0
1,2,2,4,1,1500,500,v1,2.047757411e-05,0.0001658029282,2.505909359e-05,2.899484344e-05,1.57134295e-05,0,0.002050223857,9.160935633e-06,0,2.411127504e-05,0,0,0.008159089516,0.02879972467,0.001588968249,0.003672949181,0.00162450425,0,0.006324852755,0.0009470866224,0,0.002173631033,0,0,0.003671442112,0.0002011807903,1.1099755e-05,5.118748103e-05,0.0001197402721,1.809728403e-05,4.418232779e-05,0.001480639487,0,1.518392324e-05,1.741278436e-05,0,0.03768520713,0.0005850245531,0.0001139324967,0.000525409571,0.0001517961555,0.0001857580418,0.0002633584849,0.0002149329672,0,0.0001558540963,0.0001787320527,0,0.5783721538,0.008978640071,0.03169255116,0.008063701605,0.002329685203,0.01886300722,0.004041883426,0.003298674802,0.001787679732,0.006960160968,0.233249122,0.001042217993,-0.2654545265,-4.936979599e-05,-0.002211430039,-4.906837362e-05,-2.458184638e-05,0,0,0.9294500987,0.02391904164,0.005500187252,0.002533162402,0.01295845279,0.01076755218,0.001207921939,0.00346524952,-0.02864439229,-0.01164660797,0.009550667526,-0.003703746043,-0.002531287024,0,0,0.01295845279,0.003752344267,0.0287214667,0.0003432327159,0.9294500987,0.005313062668,0.3551531742,0.0003302505091,-0.8879267929,-0.003714907672,0.0001913738595,-2.597458619e-05,-0.001597060061,-3.543640919e-05,0,0.01076755218,0.005313062668,0.005097872371,0,0.02391904164,0.003752344267,0.0029720614,0,-0.6220622146,-0.0381313557,-0.000695054919,-0.0002692206521,-0.0003659684096,-0.0003644840339,0,0.001207921939,0.3551531742,0.0029720614,0,0.005500187252,0.0287214667,0.005097872371,0,-0.05122558206,-0.5864261043,-0.01078273299,-0.01421411418,-0.005628266417,-0.2521079371,-0.002824086977,0.00346524952,0.0003302505091,0,0,0.002533162402,0.0003432327159,0,0
1,2,2,4,1,1500,500,v1,0,0.3460180876,0,0,0,0,0.5437737644,0,0,0,0,0,0,0,0,0,0,0,0,0,0,0,0,0,0,0,0,0,0.03270764897,0,0,0.05140066964,0,0,0,0,0,0,0,0,0,0,0,0,0,0,0,0,0,0,0,0,0,0.01014957939,0,0,0,0,0.01595024998,0,-0.1099795411,0,-0.8897770567,0,0,0,0,0,0,0,0,0,0,0,0,0,0,0,0,0,0,0,0,0,0.5831709943,0,0,0,0.9164639025,0,-0.9158227467,0,0,0,-0.08393385115,0,0,0,0,0,0,0,0,0,0,0,0,0,0,0,0,0,0,0.9164639025,0,0,0,0.5831709943,0,0,-0.9737109079,0,0,0,0,-0.02604569,0,0,0,0,0,0,0,0,0
1,2,2,4,2,1500,500,v1,0.01774334252,0,0,0.02534106379,0,0,0,0,0,0,0,0,0,0,0,0,0,0,0,0,0,0,0,0,0,0,0,0,0,0,0,0,0,0,0,0,0,0,0,0,0.3608074125,0,0,0.5153055939,0,0,0,0,0,0,0,0,0.03327672596,0,0,0.04752586127,0,0,0,0,-0.9567334155,-0.04299503551,0,0,0,0,0,0,0,0,0,0,0,0,0,0,0,0,0,0,0,0,0,0.6175734746,0,0,0,0.882019202,0,0,0,0,0,0,0,0,0,0,0.882019202,0,0,0,0.6175734746,0,0,-0.1236300124,0,0,0,-0.8760984386,0,0,0,0,0,0,0,0,0,0,-0.9190934741,0,0,0,-0.08063497691,0,0,0,0,0,0,0,0,0,0
1,2,2,4,4,1500,500,v1,0,0.1508568742,0,0,0,0,0.02990992976,0,0.005272028502,0,0,0.01543790215,0,0,0,0,0,0,0,0,4.532635244e-05,0,0,0.0001327276197,0,0,0,0,0.01518977311,0,0,0.003011629727,0.000530840356,0,0,0.0015544418,0,0,0,0,0,0,0,0,0,0,0,0,0,0,0,0,0,0.6493198678,0,0,0,0,0.1287386587,0,-0.7508915178,0,0.1715234241,0,0,0,-0.02070958629,0,0,0,0,0,0,0,0,-0.02279054291,0,0,0,0,0,-0.0001776846314,0,0,0.7224301654,0,0,0,0.1432340132,0,-0.6152674106,0,0,0,0.01727068727,0,-0.002080956616,0,0,0,0,0,0,0,0,0,0,0,0,0,0,0,0,0.1432340132,0,0.008770368592,0,0.7224301654,0,0.02568197272,0.1887941114,0,0,0,0,-0.7659035638,0,0,0,0,0.02568197272,0,0,0,0.008770368592
1,2,2,4,0,1500,500,v1,0.001158020124,0.04241493841,0.002200862122,0.0001047196926,0,0.03907177544,0.2703432381,0,0,0.003289253935,0.18494091,0,0.0018766386,0,0,0.005665043826,0,0.004708479148,0,0,0,0,0.02228694265,0,0.0002332253679,0,0,0.0008730230287,0.004887221178,0.0002535922572,0,0.03115004402,0,0,0.0003790011749,0,0.002040122245,0.01569591714,0,0.007636706576,0.001167184911,0.002218280154,0.04738155685,0.0001055484637,0.03938099674,0,0.003315285702,0.1864045667,0.0004130810786,0.003178087195,0,0.001546269591,0.0002363299567,0.008656084944,0.009593750894,2.137130426e-05,0,0,0.05517193047,0,-0.1639189427,-0.001242959325,-0.3078721998,-0.00540411538,0,0.07359367475,0,0.004027581185,0.03110984525,0,0,0.01507628075,0.09391186817,0,0,-0.08501977448,-0.007526038572,0,0,0,0.02539608869,0,0.01507628075,0.003807314837,0.08273716764,0.00694605608,0.004027581185,0.0003442952202,0.5273480206,0.01038108628,-0.3936114484,-0.001103953685,0,0,-0.03567023868,-0.0006251542294,0,0.09391186817,0.0003442952202,0,-0.004237848835,0.03110984525,0.003807314837,0,-0.02005927804,0.06813223994,-0.009676667917,-0.06307642515,0,-0.001270109979,-0.005522158632,-0.08279167886,0,0.5273480206,0,0,0,0.08273716764,0,0,-0.4274385931,-0.001955286352,-0.01274534523,0,-0.0002546707333,-0.06318102029,0,0,0.01038108628,-0.02005927804,0,0,0.00694605608,-0.004237848835,0
1,2,2,4,3,1500,500,v1,0,0,0,0,0,0,0,0,0,0,0,0,0.001176781017,0,0,0.002290519518,0,0,0,0,0,0,0,0,0.166157053,0,0,0.3344087513,0,0,0,0,0,0,0,0,0.0005617342021,0.0001711132353,0,0.00113054986,0,0,0.0003330595919,0,0,0,0,0,0.1262796208,0.03846679513,0,0.2541511753,0,0,0.074872847,0,0,0,0,0,0,0,0,0,0,0,0,0.06480870653,0.05957922374,0,0,0.1304343646,0.1159666691,0,0,-0.1136040696,-0.003426525607,0,0,0,0,0,0.1304343646,0,0,0,0.06480870653,0,0,0,0.3625824165,-0.492744464,0,0,0,0,0,0.1159666691,0,0,0,0.05957922374,0,0,0,-0.2483022022,0.001605750341,-0.000496190785,0,0,0,0,0,0,0,0,0,0,0,0,-0.49506143,0.3609766662,-0.1131078788,0,0,0,0,0,0,0,0,0,0,0,0
1,2,2,4,0,1500,500,v1,0,0,0,0,0.09576152428,0,0,0.0192474965,0,0,0,0,0,0,0,0,0.4682286173,0,0,0.09411116564,0,0,0,0,0,0,0,0,0,0,0,0,0,0,0,0,0,0,0,0,0,0,0,0,0,0,0,0,0,0,0,0,0,0,0,0,0.2686534513,0,0,0.05399774495,-0.247402145,0,0,0,0.1091281177,0,0,0,0,0,0,0,0,0,0,0.4152807656,0,0,0,-0.5535547929,0,0,0,0,0,0,0,0,0,0,0,0,0,0,0,0,0,0,0,0.1726994744,0,0,0,0.03471156661,0,0,0,0,0,0,0,0,0,0,0.03471156661,0,0,0,0.1726994744,0,-0.4444266752,0,0,0,0,0,0.3061526479,0,0,0,0,0,0,0,0
1,2,2,4,3,1500,500,v1,0.003636221922,0,0,0.0006381413134,0.0001287791114,5.6539402e-05,0,0.0004452851817,0.004388728775,0,8.445661071e-05,0.0003538173978,0.008146480375,0.003948260949,0.01296328969,0.005020707733,0.0005683693648,0.0002495378611,0.002864025897,0.001965275682,0.0193697484,0.002167952166,0.0003727510594,0.00156158066,0.004128689544,0.05776593421,0.1896623726,0.01354951168,0,0,0.04190278547,0,0.283393531,0.03171871965,0,0.02284706275,0.0001433623004,0.004138650019,0.006585729868,0.0004704856453,0.00815312883,0,0.002550666202,0.001430839056,0.0001267725234,0.001101383034,0,0.0001893684276,0.00173087952,0.04996784048,0.02421733856,0.005680391326,0.0984365044,0,0.03079537562,0.0172751833,0.003486191391,0.01756699612,0,0.01205435688,-0.4524193567,-0.003499206083,0,0,-0.0005728735007,-0.0001393840077,-0.004732708621,0.008378956339,0.07869020947,0.1288082209,0.2616104929,0.02749801577,0.04849708402,0.09343609539,0.04375116565,-0.7545565429,-0.0105268798,-0.006798155992,0.007820791857,-0.002528389459,-0.0006210179126,-0.02088791081,0.02749801577,0.1401037912,0,0,0.008378956339,0.02458761299,0,0,-0.06586224274,-0.01705734601,-0.09966705984,-0.2186892688,0,0,-0.3062355017,0.04849708402,0.02458761299,0.006272753688,0.0006445587006,0.07869020947,0.1401037912,0.02168957555,0.0009628195384,-0.443224512,-2.242112881e-05,0.005877175021,0.007294037942,0.00723709937,0,-0.0003111835724,0.09343609539,0,0.02168957555,0.46064702,0.1288082209,0,0.006272753688,0.03713716165,-0.1275580574,-0.006838214268,-0.08014182421,-0.04169766172,-0.1135321628,0,-0.01554028987,0.04375116565,0,0.0009628195384,0.03713716165,0.2616104929,0,0.0006445587006,0.46064702
1,2,2,4,0,1500,500,v1,0,0,8.106290318e-05,0,0,0.005752943034,0,0,0.001667110045,0.005047981734,0.189825562,0.01028804345,0.02462437728,0.006653083873,0.01074009503,0.003068257021,0,0.001266151771,0.01665369941,0,0.0003669103487,0.03048083433,0.04177826376,0.002264271408,0.02584607745,0.005912446676,0.009544481986,0.01498168769,0,1.585484808e-05,0.01479976979,0,0.0003260650118,0.02708763501,0.0009873194808,0.002012207304,0.004346317183,0.003679902147,0.001605015157,0.002519344251,0,2.66617628e-06,0.000458524716,0,0.0001892155309,0.004555099463,0.0001660292024,0.006243403468,0.1572555973,0.1331438056,0.03597316982,0.09115326106,0,0,0.01659004049,0,0,0.09004641584,0,0,0.04084284053,0,0,-0.005048867819,0,-0.1925231444,-0.01176827145,0.2810741226,0.2420807385,0.07276805594,0.03279942857,0.1629247119,0.03016384606,0.1821497149,0.09308606391,-0.5437503382,-0.02763519095,-0.02325843759,-0.04121980207,0,0.04084337047,-0.002625626858,0.1629247119,0,0,0.0001473783011,0.2810741226,0,0,0.009177596459,-0.4715086918,-0.04074307534,-0.02066925273,-0.036556523,0,-0.001001070475,-0.002310812736,0.03016384606,0,0,0.006423182149,0.2420807385,0,0,0.2119409412,-0.7020203877,-0.006851419864,-0.004129842446,-0.006147336578,0,-0.0001667115469,0.006103691678,0.1821497149,0,0,0.003494133672,0.07276805594,0,0,0.0215629329,-0.1232872189,-0.2484047278,-0.1497313563,-0.1260174902,0,0,0,0.09308606391,0.009177596459,0.2119409412,0.0215629329,0.03279942857,0.0001473783011,0.006423182149,0.003494133672
1,2,2,4,0,1500,500,v1,0.00132941405,0.03149006396,5.864763416e-06,0.0006771285838,0,0,0.01031633649,0,0,3.257176236e-05,0,0,0.0001342125292,1.182395554e-06,0.001778352352,0.0001362824028,0,0,9.010997355e-06,0,0,0.002439172788,0,0,0.005905102777,1.748576829e-06,0.002629903086,0.00058693674,0.01360702417,2.534195475e-06,1.33258461e-05,0.004457743884,0,0.003607152449,1.407443181e-05,0,0.02994587907,0.001006525071,0.01333672973,0.00297646583,0.002913127438,1.285137856e-05,0.001022048061,0.001483782916,0,0.01829254377,7.137407237e-05,0,0.194200736,0.006527372569,5.750533394e-05,0.0193025509,0.01889179781,0.4474933306,0.006628040045,0.00962241695,0,0.0004382462452,0.146601537,0,-0.6006385964,-0.0005023574971,0.0396686604,-3.783378416e-05,0,0,0,0.3449611835,0.01149845307,9.064390555e-05,0.02660342893,0.03428736131,0.01167578633,0.0006907942018,0.03648903426,-0.05354321106,-0.0002699338392,-1.017224856e-05,-0.004208776649,0,0,0,0.03428736131,0.03014659731,0.599994363,3.165342759e-05,0.3449611835,0.01535497743,0.1965618028,0.0001757970266,-0.8285970997,-0.006478572957,-1.504315377e-05,-0.006224117894,0.01474053873,-1.641331235e-05,0,0.01167578633,0.01535497743,0,0,0.01149845307,0.03014659731,0,0,-0.2704661684,-0.03285405347,-0.002024365225,-0.03162874758,-0.003758793824,-8.40532063e-05,0,0.0006907942018,0.1965618028,0,0,9.064390555e-05,0.599994363,0,0,0.008495906915,-0.2134997368,-0.01315519387,-0.0004957433359,-0.02607323184,-0.585446643,0,0.03648903426,0.0001757970266,0,0,0.02660342893,3.165342759e-05,0,0
1,2,2,4,2,1500,500,v1,0.1799475074,0.0002848072842,0.0007513787905,0.002571148281,0,0.0007928226554,0.0001656131319,0,0.01518306166,0.0001779800641,0.07732120806,0.004256054487,0,0,0.001202873194,0,0,1.020083866e-05,0,0,0.0001953525942,0.0003068201248,0.0009948519549,5.476044973e-05,0,0,0.2894896222,0,0.000881909604,0.002326654578,0,0.0005128233007,0.0470145556,0.07384090228,0.0005511176735,0.01317893023,0,0,0.0709992135,0,0.1366593507,0.0005706271743,0,0.001952633075,0.0006021013067,0.01810996176,0.0001351651955,0.058720825,0,0,0,0,0.0002332492669,3.691692717e-07,0,3.332741088e-06,0,0,2.146689452e-07,0,-0.2631680257,-0.1825145916,-0.0004495078722,-0.0009274120518,0,-0.07811229584,-0.01939840845,0,0,0,0.3246856212,0,0,0,0.08281844113,-0.4890653235,0,0,0.001432496244,0,-0.001002967994,-0.0002471717525,0,0.4748293634,0.001729096324,0.00540600986,0,0.006784520928,0.001005455526,0.001280528193,0.06426456269,0,0,-0.3576545132,-0.001372944067,-0.002832787133,-0.05925254528,0,0.006784520928,0,0.002105762217,0,0.4748293634,0,0.2053674377,-0.6218481628,0,0,0.08455264205,-0.13832524,-0.0006974928508,-0.05920020277,0,0.001005455526,0,0.09243592667,0,0.001729096324,0,0.02591126154,-0.3226622835,0,0,0,-0.0002360912615,-5.8262715e-07,0,0.08281844113,0.001280528193,0.2053674377,0.02591126154,0.3246856212,0.00540600986,0.002105762217,0.09243592667
1,2,2,4,3,1500,500,v1,0,0.002949859847,0.000841356333,0,0.001173876944,0.00404208031,0.0006193702189,0.001663094436,5.149778796e-05,0.002424016044,7.022218949e-05,0.0001248778733,0,0.001295175253,0.01511490654,0,0.01379825405,0.04751234896,0.009523779547,0.01954872668,0.0006053271298,0.00754451965,0.0008254217918,0.001467868186,0.01071583767,0.007040093252,0.082159037,0.02971806524,0.1884745958,0.05375655216,0.05176774029,0.03957325354,0.003290334209,0.04100921613,0.1548770001,0.007978788114,0.0009388858332,0,0.007198499854,0.002603797416,0,0.004709969189,0,0,0.02262783671,0.003593090269,0.01356980441,0.0003931085272,0.003009147831,0,0.001976950565,0.008345222678,0,0.05292613964,0,0,0.02106160234,0.01453706077,0.01111268887,0.02983910182,-0.6062894612,0,-0.003561826345,-0.002618832033,-0.002831086596,-0.000263347514,-0.0001760098019,0.01842628786,0,0.01545797187,0.1198149643,0.05110133632,0,0.1136667149,0.05980495811,-0.2489754209,0,-0.01079651284,-0.00747955201,-0.03327782357,-0.0300843316,-0.002068894848,0.05110133632,0,0.3663473337,0.07473789201,0.01842628786,0,0.07692047786,0.2153259472,-0.09058729326,-0.03837552131,-0.0588068557,-0.1225068329,-0.2280440561,-0.2049936015,-0.01126893494,0,0,0.05400347833,0.03882089083,0,0,0.076509639,0.0006744269046,-0.4156791086,0.001380861591,0,0.01023976997,0,0.01423654073,0.004017467292,0.1136667149,0.07692047786,0.076509639,0.005918612928,0.01545797187,0.3663473337,0.05400347833,0.01435214646,-0.3743128209,-0.009357089738,0,-0.01647975601,0,-0.06390599193,-0.05089983473,0.05980495811,0.2153259472,0.0006744269046,0.01435214646,0.1198149643,0.07473789201,0.03882089083,0.005918612928
1,2,2,4,2,1500,500,v1,0.003290299171,0,0.006431969278,0.07513891022,0.003011509406,0.009299896092,0,0.001455754489,0.0008595051031,0.003469879653,0.04523073232,0.004369156962,0.1297320993,0,0,0.04621432903,0.01536680372,0.04745450158,0,0.007428266188,0.004385789461,0,0.2307984774,0.02229446048,0,0,0,0,0,0.01120526915,0,0,0.001497361943,0,0.006044950426,0.007611600364,0,0.0003692070449,0,0,4.77812208e-05,9.340407309e-05,0.0001315222366,0.00109115575,0.0001350516672,0,5.038906107e-05,0.0006568337698,0,0.06819356959,0,0,0.008825324574,0,0.02429252345,0.2015395064,0.008077547536,0,0,0.003904661916,-0.5600911775,-0.07826652237,0,0.002779459159,-0.004457997365,-0.05441751451,-0.00168507687,0,0.2972257388,0,0,0,0.1058804142,0,0,-0.1604943243,-0.1759434915,0,0,-0.02279469033,-0.2782483523,-0.02347071217,0,0.01823450068,0,0.01379717981,0,0.4164121435,0,0.007443217416,-0.02233548906,0,0,0,0,-0.01698056479,0.00560780596,0.1058804142,0.4164121435,0.03964890431,0.08530363377,0.2972257388,0.01823450068,0.01916615945,0.4148805306,-0.9037325722,0,-0.0004996906093,0,-0.001136574453,4.084082017e-05,-0.0007902428141,0,0,0.01916615945,0.004820045088,0,0,0.03964890431,0.02450192954,-0.2830989666,0,-0.0922942533,0,-0.2103613326,0,-0.01195735482,0,0.007443217416,0.4148805306,0.02450192954,0,0.01379717981,0.08530363377,0.004820045088
1,2,2,4,2,1500,500,v1,0,0.01615574306,0.0001791760049,0,0.001001833294,0.01171389728,0.02413103203,0.06331130449,0.004640396648,0.003054950125,0.009351081478,0.002330595709,0,0,1.075298501e-05,0,3.834270773e-05,0.0004483206365,0,0.002423084618,0.0001775997799,0.0002294072286,0.0003578896672,8.919782429e-05,0,0,1.19790515e-05,0,0.0006888230126,7.639423025e-06,0,0.001028860766,0.0001978498908,0.0002555644785,0.0001302521302,9.936825262e-05,0,0,0.005041831326,0,0,0.003215336567,0,0,0.2102074007,0.1075638579,0.05482147485,0.1678063658,0,0,0,0,0,0.04776895632,0,0,0.002962199304,0,0.07135012058,0.1871975141,-0.7455133718,0,0.0380116222,-0.00318758625,-0.06417973338,-0.02102128328,-0.006956737455,0,0,0,0.007561150342,0,0,0,0.1613117235,-0.772957212,0,0,-0.0002390079226,-0.002456321541,-0.0008045379665,-0.0002636601049,0,0,0.04669167046,0.005076438677,0,0,0.06974103241,0.08655325796,-0.2601816808,0,0,7.824655296e-05,0.001629851261,-3.699686177e-05,-0.0002925220767,0,0,0.006000252589,0.3335113426,0,0,0.3791886501,0.2662386107,-0.02521116573,0,0,-0.1124211545,0,-0.05786188131,-0.378007481,0,0.06974103241,0.3791886501,0.007501713956,0,0.04669167046,0.006000252589,0.003767665499,-0.02699458146,0,0,0,0,-0.1172632754,-0.1901565469,0.1613117235,0.08655325796,0.2662386107,0.003767665499,0.007561150342,0.005076438677,0.3335113426,0.007501713956
1,2,2,4,4,1500,500,v1,0.008309255894,0,0,0.3222378215,0.008439527356,0,0,0.1712586802,0,0,0,0,0,0,0,0,0.01607918277,0,0,0.3262859996,0,0,0,0,0,0,0,0,0,0,0,0,0,0,0,0,0,0,0,0,0.0008387056376,0,0,0.03252549698,0,0,0,0,0,0,0,0,0.001856882708,0,0,0.07201100148,0.00188599468,0,0,0.03827145123,-0.310147361,-0.2693062118,0,0,0.09509438357,0,0,0,0,0,0,0,0,0,0,0.1331984075,0,0,0,-0.3381684481,0,0,0,0.0105348678,0,0,0,0.408548855,0,0,0,0,0,0,0,0,0,0,0.408548855,0.01443962845,0,0,0.0105348678,0.2930154326,0,-0.2604867511,0,0,0,-0.01890239741,0,0,0,0,0.2930154326,0,0,0,0.01443962845,0,-0.5312826738,0,0,0,0.008819460652,0,0.03810402388,0,0,0,0,0,0,0,0
1,2,2,4,1,1500,500,v1,0,0,0.4738900842,0,0,0,0,0,0,0.3503008718,0,0,0,0,0,0,0,0,0,0,0,0,0,0,0,0,0,0,0,0.03148264731,0,0,0,0,0.02327206069,0,0,0,0,0,0,0.06960334745,0,0,0,0,0.05145098854,0,0,0,0,0,0,0,0,0,0,0,0,0,-0.17544436,0,0,-0.8241772515,0,0,0,0,0,0,0,0,0,0,0,0,0,0,0,0,0,0,0,0,0,0.862137772,0,0,0,0.6372946453,-0.9449804822,0,0,0,0,-0.05464112928,0,0,0,0,0,0,0,0,0,-0.8788183808,0,0,0,0,-0.1208032307,0,0,0,0,0,0,0,0,0,0,0,0,0,0,0,0,0,0.6372946453,0,0,0,0.862137772,0,0
1,2,2,4,2,1500,500,v1,0,0,0,0,0,0,0,0,0.006252111035,0,0,0.003053591831,0,0.07576274024,0.03753440165,0,0,0,0.01072997162,0,0.08641997017,0.1075627856,0,0.04220835386,0,0.1186666764,0.05878988382,0,0,0,0.01680628322,0,0.1353590248,0.1684748762,0,0.0661106641,0,0,0.01159210101,0,0,0,0,0,0,0.03321962311,0,0,0,0,0.01879507104,0,0,0,0,0,0,0.002661870177,0,0,-0.3266792766,0,0,0,0,0,-0.009196269209,0,0,0.316484685,0.0168854957,0,0,0.04482244457,0.04838885413,-0.5432701817,0,-0.08631158773,0.1376775694,0,0,-0.1283589986,0,0,0,0,0,0,0,0,-0.06487358789,0,-0.1333552212,-0.2237141117,0,0,-0.198320278,0,0,0,0,0,0,0,0,-0.08603654232,0,0,0.04252030911,0,0,0,0.04482244457,0,0,0.338491028,0.316484685,0,0,0.1653222907,-0.2196668089,0,0,-0.02120461081,0,0,0,0.04838885413,0,0,0.1653222907,0.0168854957,0,0,0.338491028
1,2,2,4,3,1500,500,v1,0,0,0,0,0,0.2952997498,0,0,0,0,0.1853358125,0,0,0,0,0,0,0.1624118777,0,0,0,0,0.1019328236,0,0,0,0,0,0,0,0,0,0,0,0,0,0,0,0,0,0,0,0,0,0.1566826725,0,0,0.09833706402,0,0,0,0,0,0,0,0,0,0,0,0,0.4928071008,0,0,0,0,-0.4731269696,0,0,0,0,0,0,0,0,0,-0.2311474883,0,0,0,0,0.2508276195,0,0,0,0,0,0,0,0,0,0,0,0,0,0,0,0,0,0,0,-0.01813704065,0,0,0,-0.01138315615,-0.2222993501,0,0,0,0,0,0.2419794813,0,0,0,0,0,0,0,0,0,0,0,0,0,0,0,0,0,-0.01138315615,0,0,0,-0.01813704065,0
1,2,2,4,1,1500,500,v1,0,0,0.01127882039,0,0,0.01318084923,0,0,0.09656501988,0.06535286429,0.02233673326,0.06509927147,0.0009730262411,0.08035379421,0.1136165007,0.002049056058,0,0.002446302259,0.004674418968,0,0.01792200351,0.02669937614,0.004145590322,0.01208211186,0.00459293198,0.02871802002,0.04060593497,0.004553570595,0,0.0007481324801,0.001670612555,0,0.006405229032,0.009542215473,0.004334903718,0.004318082719,0.01289702772,0.000976500068,0.114022126,0.01278650031,0,0.002100768176,0.002056371448,0,0.002455035867,0.02679469629,0.01217248017,0.004160390604,0.01869423065,0.001415436013,0.1168885785,0.01853402127,0,0,0.002980708655,0,0,0.006799755924,0,0,-0.07229005466,0,0,-0.07663041046,0,-0.03544495102,-0.158597932,0.05422138791,0.005003113872,0.3361853793,-0.04860796366,0.05375672205,0.01053585311,0.01955690341,-0.01142266478,-0.2269213991,-0.002974693725,-0.08369491821,-0.1049065517,0,-0.006488103261,-0.02953155234,0.05375672205,0,0,0.02118243596,0.05422138791,0,0,0.1227373799,-0.5557106565,-0.009127529814,-0.03003126687,0.04673940782,0,-0.005072492361,-0.01041663557,0.01053585311,0,0,0.02698176809,0.005003113872,0,0,0.04572425843,-0.2355200872,-0.02563027065,-0.002997461052,0.09818756283,0,-0.01424364107,-0.006537630061,0.01955690341,0,0,0.1778928097,0.3361853793,0,0,0.1199263701,-0.1544561403,-0.03722760618,-0.004387156544,-0.1234353367,0,0,0,-0.01142266478,0.1227373799,0.04572425843,0.1199263701,-0.04860796366,0.02118243596,0.02698176809,0.1778928097
1,2,2,4,0,1500,500,v1,0,0,0,0,0.00983532873,0,0,0.009726355602,0.03233649984,0,0,0.01474031184,0.01249267544,0,0.005301833729,0.02031569346,0.06095929224,0,0,0.06028387762,0.2004213787,0.06574336258,0,0.09136034004,0,0,0.006061056845,0,0,0,0,0,0.22912174,0.07515781862,0,0.1044431498,0,2.382769166e-05,1.011236223e-05,0,0,0,3.874879179e-05,0,0,0.0001253944825,0,0,0,0.0001217386359,0,0,0,0,0.0001979723895,0,0.0005940361707,0,0,0.0005874543896,-0.1736540426,0,0,0,-0.01925346944,0,0.04466957297,0,0.01895659814,0,0.01704282498,0,0.0308273787,0,0.2113328424,-0.3858305825,-0.03280782337,0,-0.07089874616,-0.1209952357,0,0.2768546859,0,0,0,0,0,0,0,0,0.250490287,0,0,-0.08121647297,0,0,-0.3283458964,0.0308273787,0,0.1066530716,0,0.01895659814,0,0.1054713807,0,-0.1852420903,0,-6.244667987e-05,-0.0001352257604,0,0,0,0,0,0.1054713807,0.007028554832,0,0,0.1066530716,0.00320390138,-0.1731189752,0,-0.0003190478428,0,0,0,-0.001167596411,0.2113328424,0,0,0.00320390138,0.01704282498,0,0,0.007028554832
1,2,2,4,3,1500,500,v1,0,0,0.1797578433,0,0,0.06020026338,0,0,0,0.1707014985,0.2226331112,0,0,0,0,0,0,0.05149191985,0,0,0,0,0.1904278432,0,0,0,0,0,0,0.01649310359,0,0,0,0,0.01566216776,0,0,0,0,0,0,0.02629332837,0,0,0.008805542303,0,0.02496864934,0.03256472926,0,0,0,0,0,0,0,0,0,0,0,0,0.1679852557,0,0,-0.2906726874,0,-0.2790530228,0,0,0,0,0,0,0,0,0,-0.2397981903,0,0,0,0,0.1608945366,0,0,0,0,0.2483845062,0,0,0,0.235870695,-0.3002186484,0,0,0,0,-0.02261815236,0,0,0,0,0.02519161577,0,0,0,0.09316386474,-0.4314493259,0,0,0,0,-0.009545961063,0.03925483252,0,0,0,0,0,0,0,0,0,0,0,0,0,0,0,0,0.235870695,0.09316386474,0,0,0.2483845062,0.02519161577,0
1,2,2,4,0,1500,500,v1,0.003435183082,0.001633890511,0.002823233228,0.02404298107,0,0,0.005187579861,0,0,0.003551050023,0,0,0.2906281145,0.0002716205403,0.02347781168,0.08946362864,0,0,0.0008952184099,0,0,0.2885646138,0,0,0,0.0001306865314,0.01129603,0,0.004884847358,0.00844062884,0.000430722171,0.01550932306,0,0.138838942,0.0106165849,0,0,0.01000025572,0.0008078506822,0,0.0007344854448,0.000603642852,0.003078364134,0.005140692425,0,0.009929252491,0.0007592592574,0,0,0.02191650505,2.048312826e-05,0,0.001609694233,0.0007656256072,0.006746525787,0.01126631305,0,6.750915628e-05,0.002430850754,0,-0.02610063884,-0.02704835898,-0.003554559374,-0.005165024052,0,0,0,0,0.4837107559,0.0006337081637,0.05333429196,0,0.1488999765,0.002088602,0.6555291125,-0.2028415029,-0.3800854231,-0.001166819495,-0.3120372192,0,0,0,0,0.006277008804,0.005373102344,0.0089291382,0,0.04393306624,0.01705952618,0.0112310301,-0.3342969685,0,-0.0005602441875,-0.1498235527,-0.01030017788,-0.007804731028,0,0.1488999765,0.04393306624,0,0,0.4837107559,0.006277008804,0,0,-0.915005761,0,-0.01305149063,-0.010714831,-0.001987147027,-0.0004703571166,0,0.002088602,0.01705952618,0,0,0.0006337081637,0.005373102344,0,0,-0.4377542206,0,-0.02860357458,-8.780976049e-05,-0.004437877358,-0.001100348432,0,0.6555291125,0.0112310301,0,0,0.05333429196,0.0089291382,0,0
1,2,2,4,0,1500,500,v1,0.2516222853,0,0,0.0663771819,0,0,0,0,0,0,0,0,0,0,0,0,0,0,0,0,0,0,0,0,0,0,0,0,0,0,0,0,0,0,0,0,0,0,0,0,0.01062984841,0,0,0.002804121187,0,0,0,0,0,0,0,0,0.5290142402,0,0,0.1395523231,0,0,0,0,-0.6453750486,0.3017387845,0,0,0,0,0,0,0,0,0,0,0,0,0,0,0,0,0,0,0,0,0,0.407861731,0,0,0,0.1075926652,0,0,0,0,0,0,0,0,0,0,0.1075926652,0,0,0,0.407861731,0,0,-0.3563832974,0,0,0,0.01274703327,0,0,0,0,0,0,0,0,0,0,0.3144858178,0,0,0,-0.6581220819,0,0,0,0,0,0,0,0,0,0
1,2,2,4,4,1500,500,v1,0.006647627427,0.01769826353,0.002446937879,0.002603436935,0.0003818034198,0.003076243382,0.004795673945,0.0003067454204,0.009189582689,0.0005797908892,0.0002025623268,0.0001841620393,0,0,0.004783255469,0,0.0001273868288,0.001026373439,0,0.0001023440973,0.003066058961,0.004331403274,6.758392172e-05,6.144475653e-05,0.006521278185,0,0.1936913366,0.008624513069,0.2391123398,0.03305934735,0,0.06479193938,0.1241558311,0.1753942049,0.007833263183,0.002488120716,0.0008635088429,0,0.02564745395,0.001142006688,0.01189247002,0.004377522008,0,0.004657495631,0.005503336732,0.02322465667,0.001037234088,0.0003623798753,5.669239251e-05,0,0,7.497675552e-05,0.0007807824828,0.002078710681,0,0.0003057809686,4.484388232e-05,0,0.000563265353,3.602810981e-05,-0.4958435328,-0.008027276069,0.01863281399,-0.003020450368,-0.0006871408023,-0.003272004693,-0.009354300593,0.01112563896,0,0,0.3360835536,0.01471386681,0,0,0.3043352825,-0.5637506463,0,0,-0.009095752035,-0.0002270293284,-0.001091688144,-0.003121016278,0.01471386681,0.02544333951,0.328462714,0.05980365214,0.01112563896,0.009964477358,0.08900308648,0.01417020553,-0.05973760031,-0.01511482011,0,-0.3690794044,-0.2994502281,-0.04089193058,-0.126641846,0,0.009964477358,0.0008265723992,0.01439602754,0,0.02544333951,0.0006640781185,0.0009479395907,-0.450646352,-0.001981930973,0,-0.04877073429,-0.01465449565,-0.005403524166,-0.005865618586,0,0.08900308648,0.0006640781185,0.2045759794,0,0.328462714,0.0008265723992,0.004099765009,-0.3215101071,-0.0001295860968,0,0,-0.0009234395283,0.002506880501,-7.959688111e-05,0.3043352825,0.01417020553,0.0009479395907,0.004099765009,0.3360835536,0.05980365214,0.01439602754,0.2045759794
1,2,2,4,4,1500,500,v1,0,0,0,0,0,0,0,0,0,0,0,0,0.1186080696,0,0,0.5030238852,0,0,0,0,0,0,0,0,0,0,0,0,0,0,0,0,0,0,0,0,0,0.03291490459,0,0,0,0,0.1395940702,0,0,0,0,0,0,0.03927814001,0,0,0,0,0.1665809305,0,0,0,0,0,0,0,0,0,0,0,0,0,0.0723804729,0,0,0,0.3069698952,0,0,0.3590204687,-0.6119207141,0,0,0,0,0,0,0,0,0,0,0,0,0,0,0,0,0,0,0,0,0.3069698952,0,0,0,0.0723804729,0,0,0,-0.4165880985,0,0.1636878531,0,0,0,0,0,0,0,0,0,0,0,0,-0.4482328611,0,0.1953326156,0,0,0,0,0,0,0,0,0,0,0,0
1,2,2,4,3,1500,500,v1,0,0.04604792718,0,0,0.09810766355,0,0.08670124498,0.02225994773,0,0,0,0,0,0,0,0,0.00857368953,0,0,0.00194531063,0,0,0,0,0,0,0,0,0.1388039624,0,0,0.2613467551,0,0,0,0,0,0,0,0,0,0,0,0,0,0,0,0,0,0,0,0,0,0.06116518431,0,0,0.1303158186,0,0.1151647415,0.02956775449,-0.7464856894,0,-0.1324738081,0,-0.1201184032,0,0,0,0,0,0,0,0,0,0,-0.2799986898,0,0,0,-0.0104971804,0,0,0,0,0.3686885536,0,0,0,0.6941844922,0,-0.3084379716,0,0,0,-0.400144059,0,0,0,0,0.3551603393,0,0,0,0.08058346605,0,0,0,0,0,0,0,0,0,0.6941844922,0.08058346605,0,0,0.3686885536,0.3551603393,0,-0.6632334507,0,0,0,0,-0.1759641635,-0.1598802866,0,0,0,0,0,0,0,0
1,2,2,4,2,1500,500,v1,0,0,0,0,0.06874154474,0,0,0.03134679033,0,0,0,0,0.005435026212,0.0376193274,0,0.0004558327201,0.113332982,0,0.005207274983,0.05168090474,0,0,0,0,0,0.07198134596,0,0,0,0,0.009963672613,0,0,0,0,0,0,0.03103959996,0,0,0,0,0.002603274525,0,0,0,0,0,0,0.01450973293,0.1004312348,0,0,0,0.001216923483,0,0.3025617978,0.01390171204,0,0.1379710228,-0.605197089,0,0,0,-0.09988071995,0,0,0,0.07641370553,-0.007701072644,0,0,0.006408776416,-0.001065984049,0,-0.6245345515,-0.005878639413,0.04063669504,0,-0.1646715965,0,0,0,0,0,0,0,0,0,0,-0.07191009411,0,0.07775479858,0,0,0,0,0.006408776416,0,0.7263804194,0,0.07641370553,0,0.331236294,0,-0.02157267447,0,-0.03364231349,0,0,0,0,-0.001065984049,0,0.331236294,0,-0.007701072644,0,0.7263804194,0,-0.1856817757,0,-0.01569403506,-0.1125467892,0,0,-0.4405254925,0,0,0,0,0,0,0,0
1,2,2,4,3,1500,500,v1,0,0,0,0,0,0,0,0,0,0,0,0,0.09844834089,0,0,0.4260053304,0,0,0,0,0,0,0,0,0,0,0,0,0,0,0,0,0,0,0,0,0,0.06537221828,0,0,0,0,0.2828784436,0,0,0,0,0,0,0.02389543231,0,0,0,0,0.1034002345,0,0,0,0,0,0,0,0,0,0,0,0,0,0.0183110219,0,0,0,0.07923539251,0,0,0.4512295859,-0.5162605289,0,0,0,0,0,0,0,0,0,0,0,0,0,0,0,0,0,0,0,0,0.07923539251,0,0,0,0.0183110219,0,0,0,-0.3954740339,0,0.330443091,0,0,0,0,0,0,0,0,0,0,0,0,-0.1858174379,0,0.120786495,0,0,0,0,0,0,0,0,0,0,0,0
1,2,2,4,2,1500,500,v1,0,0,0,0,0,0.0008235085824,0,0,0,0,0.01157442329,0,0.06996276768,0,0.03850937635,0.07104649256,0,0.03489605729,0,0,0,0.0405495445,0.490464516,0,0,0,0.02962991641,0,0,0,0,0,0,0.03119966429,0,0,0,0.01624516416,0.008941772333,0,0,0,0.01649680212,0,0.008102769487,0.009415493823,0,0.1138845252,0,0.004096872629,0,0,0,0,0.00416033328,0,0,0,0,0,-0.6470860919,0,0,0,0,-0.01237221461,0,0,0.1353921679,0,0.00196260576,0,0.1374893957,0,0.002066581626,-0.09988304204,-0.1410069156,0,-0.07782367846,0,-0.5253518377,0,0,0,0,0,0,0,0,0,-0.06040509783,0,0,0.05771897291,0,0,0,0.1374893957,0,0,0.06570485876,0.1353921679,0,0,0.923482601,-0.7070757513,0,-0.03267404901,0.01741858063,0,0,-0.1217342541,0,0,0,0,0,0,0,0,-0.1736809646,0,-0.008240077832,0,0,0,0,0.002066581626,0,0.923482601,0,0.00196260576,0,0.06570485876,0
1,2,2,4,1,1500,500,v1,0.1263177917,0,0,0.02839189868,0,0,0,0,0,0,0,0,0.01545150113,0,0,0.002015344687,0,0,0,0,0,0,0,0,0,0,0,0,0,0,0,0,0,0,0,0,0,0.005173671685,0,0,0.04192171856,0,0.000674803804,0.0094225617,0,0,0,0,0,0.06971145597,0,0,0.5648646098,0,0.009092489538,0.1269621528,0,0,0,0,-0.7430530349,-0.1543887731,0,0,0,0,0,0,0.07357783833,0,0,0,0.009596783139,0,0,-0.07202343894,0.01657369129,0,0,0,0,0,0,1.099118618,0,0,0,0.2470440942,0,0,0,0,0,0,0,0,0,0.009596783139,0.2470440942,0,0,0.07357783833,1.099118618,0,0,-0.9072031977,0,0.005549417925,0,-0.05123777586,0,0,0,0,0,0,0,0,0,0,-0.1835034398,0,-0.07757285686,0,-0.691815259,0,0,0,0,0,0,0,0,0,0
1,2,2,4,3,1500,500,v1,0.0001204421638,0.01481137165,0.3482123338,0.0001536903148,0,0.001382303535,0.02012063975,0,0,0.1609219471,0.08968241302,0,0,0,0.0001092153022,0,0,1.299208535e-05,0,0,0,8.652812602e-05,0.0008429129597,0,0.00348337444,0,0.001852658327,0.001556835433,0.002361470729,0.05551769633,0,0.003207960946,0,0.001467807624,0.02565680456,0,0.005515215394,0,0.002933307889,0.002464932465,3.040382009e-05,0.0879009876,0,3.879681776e-05,0.0003489418212,0.002323975026,0.04062233501,0.02263898177,0.03388134647,0,0,0.01514269615,0.000186778265,0.0229690518,0,0.0002383385472,0,0,0.03120251301,0,0.08048458092,-0.0002709087659,-0.03485956251,-0.5031371803,0,-0.05066748585,0,0.0640377003,0,0,0.007266230819,0.02862056968,0,0,0.005756822783,-0.07807242447,0,0,-0.0001934415152,0,-0.0004354898199,0,0.02862056968,0.0005030205113,0.06015882707,0.3519640615,0.0640377003,0.0006418797199,0.08172330497,0.1626557608,-0.5323636654,-0.004993019998,0,-0.003313544239,-0.005557878898,0.03810592326,0,0,0.0006418797199,0,0.00159427203,0,0.0005030205113,0,0.1034347081,-0.5742541283,-0.007854426305,0,-0.005175049981,-6.81106478e-05,0.1219513755,-0.0189163444,0,0.08172330497,0,0,0,0.06015882707,0,0,-0.05360390713,-0.04892473368,0,0,-0.0004242474071,-0.05417064662,0,0.005756822783,0.1626557608,0.1034347081,0,0.007266230819,0.3519640615,0.00159427203,0
1,2,2,4,3,1500,500,v1,0,4.063149327e-06,0.01224942514,0,0.0006460227785,0.008254428734,0.02243723599,0.009755752185,0.0006851532206,0.03206166061,0.0123573364,0.003074867821,0.0005983470725,0.0001734054965,0.001700086316,0.001081841111,0.0007939809313,0.01014493487,0.0007034642806,0.0119901054,0.0008420733917,0.001478404915,0.01518752865,0.003779102684,0,0.0001380742001,0.00135369445,0,3.976259329e-06,0.01198747254,0.0005601337315,0.02195741819,0.000670501295,0.00117718054,0.03137602556,0.003009112113,0,0.004994653714,0.0141913328,0,0,0.1256695795,0.009030581033,0,0.08468402197,0.01234086525,0.3289277138,0.1267766651,0,0.0009918759607,0.0002874531377,0,0,8.278072369e-06,0.001793360811,0,0.001316176907,0.001166128057,0.04571258606,0.01987591794,-0.7496618374,0,-0.02239474875,0.04204527043,-0.01038019839,-0.02036956476,-0.003752239128,0,0.009755397692,0.0008974229006,0.02550569399,0,0.0176382417,0.003640628354,0.02217986911,-0.3148755061,-0.001676702962,-0.0008750508912,-0.003171796573,-0.01275756824,-0.02527901713,-0.0046210636,0,0,2.445100018e-05,0.1510631797,0,0,0.1350215872,0.3953929546,-0.5135562352,0,-0.0006967596291,-0.002501129933,-0.02191583953,0.04114613698,-0.003671991899,0.0176382417,0,0.004129757468,0.1524619411,0.009755397692,0,0.06236450566,0.2282436584,0.02741360222,0,-0.01380612946,-0.02611744889,0,-0.447495497,-0.2081551511,0.003640628354,0.1350215872,0.06236450566,0.003292352712,0.0008974229006,2.445100018e-05,0.004129757468,0.01477558923,-0.08450299785,0,-0.002779593836,-0.001453556983,0,-0.04572010384,-0.02119174212,0.02217986911,0.3953929546,0.2282436584,0.01477558923,0.02550569399,0.1510631797,0.1524619411,0.003292352712
1,2,2,4,0,1500,500,v1,0.0001548586447,0.0009537088003,0.0001376024008,0.0005598247979,0,0.0002466189395,0.0001615111702,0,0,3.024702762e-06,0.000507265002,0,0,0,0.0001003672501,0,0,0.03212412655,0,0,0,0.0003372937877,0.06607540018,0,0.01515680341,0,0.0004323359262,0.004274548651,0.535118534,0.07720762875,0,0.09062265193,0,0.001452906421,0.001697137017,0,9.358601898e-06,0,2.66946777e-07,2.63932955e-06,5.365040602e-05,4.76720217e-05,0,0.0001939499584,8.544054004e-05,8.97100294e-07,1.047901017e-06,0.0001757407432,0.002493428407,0,0,0.0007032011136,0.01429416999,0.0880317385,0,0.05167442116,0,0,0.01490822891,0,-0.7614269006,-0.0007033778768,0.001058194004,-0.0001376507639,0,-0.0007419565307,0,0.02648122022,0,0,0.0007991312803,0.007468280819,0,0,0.002685557453,-0.002888968673,0,0,-0.0004367531893,0,-0.09800634591,0,0.007468280819,0.02170555306,0.6634853707,0.1158479508,0.02648122022,0.07846708769,0.1123616544,0.002546508017,0.09490871632,-0.01943102896,0,-0.001885211,-0.6159657507,-0.07874384145,0,0,0.07846708769,0,0.04858336725,0,0.02170555306,0,0.09993004568,-0.2691098584,-1.197304391e-05,0,-1.161632466e-06,-0.0002446886218,-4.814698382e-05,-0.00026063951,0,0.1123616544,0,0,0,0.6634853707,0,0,-0.6352986252,-0.003189998692,0,0,-0.065833694,0.09767620662,0,0.002685557453,0.002546508017,0.09993004568,0,0.0007991312803,0.1158479508,0.04858336725,0
1,2,2,4,1,1500,500,v1,0,0,0,0,0,0.002264511485,0,0,0,0,0.01059987671,0,0,0,0,0,0,0.08470579474,0,0,0,0,0.3964965454,0,0,0,0,0,0,0,0,0,0,0,0,0,0,0,0,0,0,0,0,0,0.08905916759,0,0,0.416874104,0,0,0,0,0,0,0,0,0,0,0,0,-0.04143138091,0,0,0,0,0.01220657701,0,0,0,0,0,0,0,0,0,-0.4857879659,0,0,0,0,0.456563162,0,0,0,0,0,0,0,0,0,0,0,0,0,0,0,0,0,0,0,0.007716640281,0,0,0,0.03612056558,0.468769739,0,0,0,0,0,-0.4979945429,0,0,0,0,0,0,0,0,0,0,0,0,0,0,0,0,0,0.03612056558,0,0,0,0.007716640281,0
1,2,2,4,0,1500,500,v1,0.04025326006,0,0,0.28632505,0,0,0,0,0,0,0,0,0,0,0,0,0,0,0,0,0,0,0,0,0.0147622036,0,0,0.02694813087,0,0,0,0,0,0,0,0,0.0521813949,0,0,0.09525617559,0.0214804925,0,0,0.1527926702,0,0,0,0,0.05028201803,0,0,0.09178889808,0.02069861323,0,0,0.1472310929,0,0,0,0,0.3247045652,-0.3214764341,0,0,0,0,0,0.1756347389,0,0,0,0.3206178891,0,0,0,0,0,0,0,0,0,0,0.3206178891,-0.0005968375577,0,0,0.1756347389,-0.004245359092,0,0,-0.2892112714,-0.04162381394,0,0,0,0,0,0,-0.004245359092,0,0,0,-0.0005968375577,0,0,-0.3455354011,-0.1474333796,0,0,0.1653618265,0,0,0,0,0,0,0,0,0,0,-0.3451718012,-0.1417778918,0,0,0.1593427387,0,0,0,0,0,0,0,0,0,0
1,2,2,4,3,1500,500,v1,0.0002684229693,0.02662060011,0.00364057149,0.0007381529811,0,0.001620821796,0.007565660765,0,0,0.08453069508,0.1118845411,0,0,0,0,0,0,0.0007839986435,0,0,0,0,0.05411904544,0,0.001075977853,0,0,0.01517545961,0.0378119263,0.005171071287,0,0.01074627191,0,0,0.1200674815,0,0.001568819927,0,0,0.02212644374,0.0005559047719,0.007539634439,0,0.00152871703,0.003356726785,0,0.1750633222,0.231713219,0.001213841023,0,0,0.01711986483,0.0004301194836,0.0426567026,0,0.00118281226,0,0,0.01212317303,0,-0.4534661718,-0.0009947387835,-0.03411534865,0.08366269142,0,-0.1132676275,0,0.005728379713,0,0,0,0.08079235487,0,0,0,-0.3446629737,0,0,0,0,-0.05425739293,0,0.08079235487,0.001862549155,0.1604322032,-0.001408828978,0.005728379713,0.005121938804,0.04559537856,-0.03271199756,-0.2266007038,-0.01606033278,0,0,-0.04845797029,0.1188340137,0,0,0.005121938804,0,0.008544692243,0,0.001862549155,0,0.5898358577,-0.001988261877,-0.02332484574,0,0,-0.002052022752,-0.1797494874,-0.2313953462,0,0.04559537856,0,0,0,0.1604322032,0,0,-0.125005259,-0.01829531121,0,0,-0.00160956377,-0.05477840222,0,0,-0.03271199756,0.5898358577,0,0,-0.001408828978,0.008544692243,0
1,2,2,4,3,1500,500,v1,0,0.04409777271,0,0,0,0,0.1682153477,0,0,0,0,0,0,0,0,0,0,0,0,0,0,0,0,0,0,0,0,0,0.03327299297,0,0,0.1269231468,0,0,0,0,0,0,0,0,0,0,0,0,0,0,0,0,0,0,0,0,0,0.1303308245,0,0,0,0,0.4971599154,0,-0.787344147,0,-0.2118727156,0,0,0,0,0,0,0,0,0,0,0,0,0,0,0,0,0,0,0,0,0,0.3113083963,0,0,0,1.187516898,0,-0.8393530207,0,0,0,-0.1598638419,0,0,0,0,0,0,0,0,0,0,0,0,0,0,0,0,0,0,1.187516898,0,0,0,0.3113083963,0,0,-0.3717365575,0,0,0,0,-0.6274803051,0,0,0,0,0,0,0,0,0
1,2,2,4,1,1500,500,v1,0.2463969906,0,0,0.5133378385,0,0,0,0,0,0,0,0,0,0,0,0,0,0,0,0,0,0,0,0,0,0,0,0,0,0,0,0,0,0,0,0,0,0,0,0,0.01259483064,0,0,0.02623978126,0,0,0,0,0,0,0,0,0.06532790342,0,0,0.1361026555,0,0,0,0,-0.2397667843,-0.7597221964,0,0,0,0,0,0,0,0,0,0,0,0,0,0,0,0,0,0,0,0,0,0.4862309866,0,0,0,1.013002484,0,0,0,0,0,0,0,0,0,0,1.013002484,0,0,0,0.4862309866,0,0,-0.9607349242,0,0,0,-0.03875405653,0,0,0,0,0,0,0,0,0,0,-0.798476253,0,0,0,-0.2010127278,0,0,0,0,0,0,0,0,0,0
1,2,2,4,0,1500,500,v1,0,0,0,0,0,0,0,0,0,0,0,0,0,0.1668207275,0,0,0,0,0.1931079545,0,0,0,0,0,0,0.1325594759,0,0,0,0,0.1534478936,0,0,0,0,0,0,0,0,0,0,0,0,0,0,0,0,0,0,0,0.1641025248,0,0,0,0,0,0,0.1899614237,0,0,0,0,0,0,0,0,0,0,0,0.69429687,0,0,0,0.8037024278,0,-0.6387473328,0,-0.3599188658,0,0,0,0,0,0,0,0,0,0,0,0,-0.7132519221,0,-0.2854142765,0,0,0,0,0,0,0,0,0,0,0,0,0,0,0,0,0,0,0,0.8037024278,0,0,0,0.69429687,0,0,0,-0.6453331423,0,0,-0.3533330563,0,0,0,0,0,0,0,0,0,0,0
1,2,2,4,1,1500,500,v1,0,0,0.1565015082,0,0,0.0783224138,0,0,0.1726317814,0.07646797181,0.1034486407,0.2492844264,0.0005836708158,0,0.001308514501,0.0002089380658,0,0.0009733127785,0,0,0.00214529546,0.005513069971,0.001285556445,0.003097858019,0.00205206337,0,0.001860296134,0.0001090833739,0,0.002764957325,0,0,0.003049935518,0.007837851814,0.001350981733,0.004404179925,0.01080871829,0.004370739793,0.009798633484,0.0005745687368,0,0.01456370463,0.001564604386,0,0.007288520819,0.04128387724,0.007115950307,0.009626715197,0.01111018086,0.004492642723,0,0.0005905938528,0,0,0.001608242275,0,0,0,0,0,-0.01505942475,0,0,-0.2329656062,0,-0.1793904498,-0.4214473008,0.03591614221,0.01406751983,0,0.01480133977,0.00190922704,0.005035783506,0,0.0623614196,-0.6649177443,-0.0007801044298,0,0.004406003136,0,0.00214336358,0.004816017284,0.00190922704,0,0,0.260687434,0.03591614221,0,0,0.1273741039,-0.7387309427,-0.002156663837,0,-0.00700272003,0,-0.004107401288,-0.006997865176,0.005035783506,0,0,0.1076302854,0.01406751983,0,0,0.1421586259,-0.4376422737,-0.01135987583,-0.005867109386,-0.04884512269,0,-0.02163468442,0.01072114527,0,0,0,0.2599989758,0,0,0,0.3754447473,-0.02016375348,-0.01170037317,-0.006088321739,0,0,0,0,0.0623614196,0.1273741039,0.1421586259,0.3754447473,0.01480133977,0.260687434,0.1076302854,0.2599989758
1,2,2,4,1,1500,500,v1,0,0.0003040810314,0.0002975866238,0,0.0003705657368,2.183194246e-05,0.001112499074,5.194310053e-06,8.468732533e-06,0.0001485431103,1.039112572e-05,7.10318637e-05,0,0.05352940504,0.005181936242,0,0.006685037042,0.0003938500771,0.1866805573,9.370578998e-05,0.0001527766468,0.009246386704,0.0001874567815,0.001281420792,0,0.07860819395,0.007609698797,0,0.008055700075,0.007883650541,0.2741413144,0.02947227202,0.0002243532554,0.01357836424,0.003935196941,0.001881772721,0,0,0.008370270184,0,0,0.008671602758,0,0,0.0006361775606,0.01493548962,0.004328510563,0.0003027949083,0,0,0.05334045844,0,0,0.005466284282,0,0,0.006661440384,0.1860216175,0.01999873578,9.33750299e-05,-0.1061700437,0,-0.001413641666,-0.0004452043188,-0.0003713411657,-3.215622726e-05,-7.856568129e-05,0,0,-0.03603748332,0.03146105312,0,0,-0.1256785407,0.05613751829,-0.1745750938,0,0.2279269892,-0.01420207491,-0.0066726406,-0.0005721915138,-0.001411708538,0,0,0.02072094244,0.02525358758,0,0,0.07580881413,0.01260555223,0.375828322,0,-0.3472387667,-0.02093909924,-0.0375272977,-0.01179439509,-0.002101818113,0,0,0.0203913545,0.001566580172,0,0,0.0002858305284,0.0007456290965,-0.0479851213,0,0,-0.02325787346,0,-0.01299982713,-0.0009371251047,-0.1256785407,0.07580881413,0.0002858305284,0.0005739667544,-0.03603748332,0.02072094244,0.0203913545,0.004814171744,-0.1652966986,0,0,0.2271224602,0,-0.02541223168,-0.006740808256,0.05613751829,0.01260555223,0.0007456290965,0.004814171744,0.03146105312,0.02525358758,0.001566580172,0.0005739667544
1,2,2,4,3,1500,500,v1,0.009761632929,0,0.004154165049,0.02063065209,0,0.01013213398,0,0,0,0.01511168464,0.002453006764,0,0,0,0,0,0,0.02057260632,0,0,0,0,0.004980662765,0,0,0,0,0,0,0.1477520019,0,0,0,0,0.5374802473,0,0,0,0,0,0.006266565399,0.002666802485,0,0.01324402705,0.006504411781,0,0.009701077759,0.001574729087,0,0,0,0,0.06006649527,0,0,0.1269470974,0,0,0,0,-0.8573642522,0.008411100664,0,-0.01783917524,0,-0.004762263948,0,0,0,0,0,0,0,0,0,-0.008693885902,0,0,0,0,-0.01385243972,0,0,0.07620611026,0,0.2234393813,0,0.1610572493,0,0.8128096568,-0.006340003063,0,0,0,0,-0.684492689,0,0,0.1610572493,0,0.02722763235,0,0.07620611026,0,0.006591856084,-0.8976350734,0,0,0,0.01851293241,0.01149917218,-0.003931621955,0,0,0,0,0,0,0,0,0.02692403308,0,0,0,-0.1850996061,0,0,0,0.8128096568,0.006591856084,0,0,0.2234393813,0.02722763235,0
1,2,2,4,3,1500,500,v1,0,0.0110025512,0.006932226871,0,0,0,0.002345938003,0,0,0.009152387209,0,0,0,0,0,0,0,0,0,0,0,0,0,0,0,0,0,0,0.2732732585,0.1721775424,0,0.05826667929,0,0,0.2273202487,0,0,0,0,0,0,0.004145745657,0,0,0,0,0.005473489288,0,0,0,0,0,0,0.189504278,0,0,0,0,0.04040565494,0,-0.945096678,0,-0.01332080018,0.01526213897,0,0,0,0,0,0,0,0,0,0,0,0,0,0,0,0,0,0,0,0,0.7100391763,0.2384643706,0,0,0.1513929316,0.3148365303,-0.2183647318,0,0,0,-0.3315338389,-0.3932567686,0,0,0,0,0,0,0,0,0,-0.3779946296,0,0,0,0,0.009127362322,0,0,0.1513929316,0,0,0,0.7100391763,0,0,-0.3448546391,0,0,0,0,-0.2294334329,0,0,0.3148365303,0,0,0,0.2384643706,0,0
1,2,2,4,3,1500,500,v1,0,0.07261672227,0,0,0.008647294194,0.00940973685,0.05932430211,0.004737953432,0.1940046893,0,0.01219449654,0.03039828903,0,0.001409023403,0.06007984956,0,0.008989358754,0.009781961666,0.0004344530633,0.004925374597,0.2016790123,0.08158497289,0.01267687924,0.03160076661,0,0.0002592372354,0.0110537086,0,0.01388878629,0,7.993225012e-05,0.01134645751,0.03710563607,0.01501029918,0,0.00581402364,0,0,0.009365464654,0,0,0,0,0,0.00152484763,0.0127177612,0,0.001976117871,0,0,0.0006944069569,0,0,0.03720325827,0,0,0.004430212617,0.0002141108721,0.03039323814,0.002427365208,-0.4085406327,0,-0.1319388258,0,-0.0133576382,-0.01484482366,-0.2239380954,0,0,0.003540998945,0.06487955223,0,0,0.001091818533,0.08810269248,-0.263475733,0,-0.001843445731,-0.139794969,-0.01391433997,-0.02081495461,-0.2332752758,0,0,0.185402364,0,0,0,0.1514646447,0,-0.7781995111,0,-0.0003384659399,0.01685278976,-0.02518289786,0,-0.04283063065,0,0,0.03305937458,0.02213643379,0,0,0.0181136222,0.02868758161,-0.1586019575,0,0,0.02095401607,0,0,0.001777101331,0.001091818533,0.1514646447,0.0181136222,0.6484598786,0.003540998945,0.185402364,0.03305937458,0.1016061243,-0.1865756135,0,0,-0.0009066333136,0,-0.06745628212,-0.006843353023,0.08810269248,0,0.02868758161,0.1016061243,0.06487955223,0,0.02213643379,0.6484598786
1,2,2,4,4,1500,500,v1,0.01641713397,5.380796671e-05,0.001454283303,0.006040745901,0,0.02920612271,0.0003093796254,0,0,0.0005286004061,0.004044200825,0,0.001569950354,0.02577668387,0.001351086108,0.004194620527,0,0.1543254938,0.0007357791585,0,0,4.460440154e-06,0.02136960443,0,0.05794879254,0.03545144645,0.001858189247,0.09266169811,0.0003910364712,0.01056865453,0.001011939145,0.002248342102,0,6.134577126e-06,0.00384147646,0,0.01768524209,0.000658960604,0.0005670959694,0.02827918393,0.0364111708,0.003225420334,0.001760622346,0.0133976266,0.06477556463,1.872195723e-06,0.001172370263,0.008969536782,0.0561625439,0.002092643328,0.03435866962,0.08980543786,0.1156299681,0.0003789829264,0.005591160661,0.04254647962,0,0.0009807465205,0.002179037845,0,-0.4760641386,-0.0210367521,-0.0003589165612,-0.001978770576,0,-0.03318135177,0,-0.01826515261,0.006416696562,0.1420186252,0.005658540477,-0.02920654336,0.01714424685,0.004053832333,1.868096236e-05,-0.1903344204,-0.005752560593,-0.02620751416,-0.001352737878,0,-0.1756921711,0,-0.02920654336,0.2454755485,0.001224677526,0.0228577128,-0.01826515261,0.09032365951,0.007041529991,0.008308282347,0.05897151263,-0.09948188481,-0.03638829284,-0.001864288471,-0.002633945656,-0.01440989132,0,0.01714424685,0.09032365951,0,0.3721644957,0.006416696562,0.2454755485,0,0.05153398809,-0.4281340848,0.04124590711,-0.002391129023,-0.0005677879437,-0.04712554137,-0.004388668194,-0.07359213298,0.004053832333,0.007041529991,0,0,0.1420186252,0.001224677526,0,0,-0.20013063,0.08988377501,-0.007563605994,-0.03478583138,-0.1557038452,-0.002517942794,0,1.868096236e-05,0.008308282347,0.05153398809,0,0.005658540477,0.0228577128,0.3721644957,0
1,2,2,4,3,1500,500,v1,0,0,0,0,0.00204170621,0,0,0.00366633138,0,0,0,0,0.3070015617,0,0,0.05391083935,0.1136505009,0,0,0.2040844054,0,0,0,0,0,0,0,0,0,0,0,0,0,0,0,0,0,0.08672415135,0,0,0,0,0.0152291466,0,0,0,0,0,0,0.09666815094,0,0,0,0,0.01697535715,0,0.03578608433,0,0,0.06426176464,-0.4175699395,0,0,0,-0.005696197301,0,0,0,0.1922862923,0,0,0,0.03376632796,0,0,0.09903590351,-0.3552741662,0,0,-0.3177296211,0,0,0,0,0,0,0,0,0,0,0,0,0,0,0,0,0,0.03376632796,0,0.2270969002,0,0.1922862923,0,0.407802305,0,-0.2474417367,0,0.09673998979,0,0,0,0,0,0,0.407802305,0,0,0,0.2270969002,0,-0.5819599947,0,0.1078324295,0,0,0,-0.09984031848,0,0,0,0,0,0,0,0
1,2,2,4,2,1500,500,v1,0,0.01363426894,0,0,0,0,0.029267328,0,0,0,0,0,0,0.0007512643104,0,0,0,0,0.008205848452,0,0,0,0,0,0,0.005028539154,0,0,0.003151928741,0,0.05492531678,0.00676593169,0,0,0,0,0,0,0,0,0,0,0,0,0,0,0,0,0,0,0.06320744888,0,0,0.03961893677,0,0,0,0.6903971603,0.08504602795,0,-0.1134910818,0,0.03279253433,0,0,0,0,0,0,0.08834926428,0,0,0,0.9650141282,0,-0.6950433263,0,-0.007198935339,0,0,0,0,0,0,0.03846939669,0,0,0,0.08257842454,0,-0.8449171904,0,0.05256566346,0,0.00941071781,0,0,0,0,0,0,0,0,0,0,0,0,0,0,0,0,0,0.9650141282,0.08257842454,0,0,0.08834926428,0.03846939669,0,0,0.08756998026,0,0,-0.7476089898,0,-0.1229017996,0,0,0,0,0,0,0,0,0
1,2,2,4,1,1500,500,v1,0,0.008052261423,0.05756097802,0,0,0,0.1308212424,0,0.07254666551,0.008095125099,0,0.07028275652,0,0,0,0,0,0,0,0,0.2186856082,0,0,0.2118612516,0,0,0,0,0.003076309456,0.02199076405,0,0.04997932929,0.02771593984,0,0.00309268522,0.02685102944,0,0,0,0,0,0.0043905591,0,0,0,0,0.0006174690978,0,0,0,0,0,0,0.004892582146,0,0,0,0,0.07948744352,0,-0.5392237006,0,-0.1388711789,-0.0656550111,0,0,0.1355259418,0,0,0,0,0,0,0,0,0.1873026686,0,0,0,0,0,-0.4238207804,0,0,0.02400673359,0.1258299311,0,0,0.3900259177,0.01769617291,-0.5820236728,0,0,0,-0.05294558444,-0.02503141831,0.05177672676,0,0,0,0,0,0,0,0,-0.09068642941,0,0,0,0,-0.004997639951,0,0,0.3900259177,0,0.1802002708,0,0.02400673359,0,0.174576897,-0.1918167634,0,0,0,0,-0.08420500417,0,0,0.01769617291,0,0.174576897,0,0.1258299311,0,0.1802002708
1,2,2,4,0,1500,500,v1,0,0,0,0,0,0,0,0,0.1275718785,0,0,0.0002616586993,0,0,0,0,0,0,0,0,0.0409384052,0,0,8.396748547e-05,0,0,0,0,0,0,0,0,0.8294428458,0,0,0.001701244339,0,0,0,0,0,0,0,0,0,0,0,0,0,0,0,0,0,0,0,0,0,0,0,0,-0.7792350924,0,0,0,0,0,0.1212968617,0,0,0,0,0,0,0,0,-0.696862954,0,0,0,0,0,0.03892472332,0,0,0,0,0,0,0,0,0.1602215851,0,0,0,0,0,-0.8181598157,0,0,0,0,0,0,0,0,0,0,0,0,0,0,0,0,0,0,0.9848872745,0,0,0,0.002020071557,0,0,0,0,0,0,0,0,0,0,0.002020071557,0,0,0,0.9848872745
1,2,2,4,4,1500,500,v1,0,0,0.02911866327,0,0,0,0,0,0,0.417377558,0,0,0,0,0,0,0,0,0,0,0,0,0,0,0,0,0,0,0,0.01204727379,0,0,0,0,0.1726817494,0,0,0,0,0,0,0.02404998612,0,0,0,0,0.3447247694,0,0,0,0,0,0,0,0,0,0,0,0,0,-0.552355916,0,0,-0.4464884574,0,0,0,0,0,0,0,0,0,0,0,0,0,0,0,0,0,0,0,0,0,0.09771077356,0,0,0,1.400555786,-0.814498537,0,0,0,0,-0.1843458363,0,0,0,0,0,0,0,0,0,-0.6308342937,0,0,0,0,-0.3680100796,0,0,0,0,0,0,0,0,0,0,0,0,0,0,0,0,0,1.400555786,0,0,0,0.09771077356,0,0
1,2,2,4,2,1500,500,v1,0,0,0.03689307447,0,0,0,0,0,0,0.8760661036,0,0,0,0,0,0,0,0,0,0,0,0,0,0,0,0,0,0,0,0.0004146160818,0,0,0,0,0.00984550896,0,0,0,0,0,0,0.003102741104,0,0,0,0,0.07367795577,0,0,0,0,0,0,0,0,0,0,0,0,0,0.08259005243,0,0,-0.8986967745,0,0,0,0,0,0,0,0,0,0,0,0,0,0,0,0,0,0,0,0,0,0.04946883737,0,0,0,1.174691246,-0.825842203,0,0,0,0,0.009735480968,0,0,0,0,0,0,0,0,0,-0.8889612935,0,0,0,0,0.07285457146,0,0,0,0,0,0,0,0,0,0,0,0,0,0,0,0,0,1.174691246,0,0,0,0.04946883737,0,0
1,2,2,4,4,1500,500,v1,0,0,0,0,0,0,0,0,0,0,0,0,0,0,0,0,0,0,0,0,0,0,0,0,0.04085484596,0,0,0.00131666639,0,0,0,0,0,0,0,0,0.4041537665,0,0,0.01302503212,0,0,0,0,0,0,0,0,0.5237696855,0,0,0.01688000346,0,0,0,0,0,0,0,0,0,0,0,0,0,0,0,0.1400001903,0,0,0,0.004511913847,0,0,0,0,0,0,0,0,0,0,0.004511913847,0,0,0,0.1400001903,0,0,0,-0.1363565054,0.04001510257,0,0,0,0,0,0,0,0,0,0,0,0,0,-0.4921867146,0.3958453118,0,0,0,0,0,0,0,0,0,0,0,0,0,0.4358604143,-0.5322018171,0,0,0,0,0,0,0,0,0,0,0,0,0
1,2,2,4,0,1500,500,v1,0,0,0,0,0,0.001271477674,0,0,0,0,0.007302095403,0,0.00940381078,0,0.2372457201,0.006059393319,0,0.0009509816535,0,0,0,0.2554880025,0.005461486977,0,0,0,0.08453222737,0,0,0,0,0,0,0.09103207389,0,0,0,0.005168076207,0.1303837338,0,0,0,0.003330076197,0,0.0005226334059,0.1404091913,0,0.003001483288,0,0.01121262449,0,0,0,0,0.007224911637,0,0,0,0,0,0.009428480897,0,0,0,0,-0.00843962948,0,0,0.03863114694,0,0.6775678976,0,0.02489215904,0,0.7296673938,-0.4774447449,-0.0154311904,0,-0.4927255122,0,0.006084567362,0,0,0,0,0,0,0,0,0,-0.762956736,0,0,-0.1752001249,0,0,0,0.02489215904,0,0,-0.000219972902,0.03863114694,0,0,-0.001263304224,-0.7041490454,0,-0.008480524527,-0.2702312238,0,0,0.003343913535,0,0,0,0,0,0,0,0,-0.02391171492,0,-0.01843715573,0,0,0,0,0.7296673938,0,-0.001263304224,0,0.6775678976,0,-0.000219972902,0
1,2,2,4,2,1500,500,v1,0,0.002442304097,0,0,0.001034518007,0.001074541315,0.00459532992,0.0004847399608,0.001883220132,0,0.009453480655,0.0003205487362,0,0.0005901671978,0.0008018565706,0,0.03412383087,0.03544400953,0.002296609099,0.01598926681,0.06211847917,0.001777133947,0.3118253842,0.01057337889,0,0.000774435188,0.001052220364,0,0.1057132622,0,0.003013679693,0.1989053359,0.08151374098,0.002332008738,0,0.01387470653,0,0,0.000148223956,0,0,0,0,0,0.006551859152,0.0003285049142,0,0.0576412213,0,0,6.482903215e-05,0,0,0.00884940222,0,0,0.003748454568,0.000252279262,0.01665063857,0.00175639835,-0.817155619,0,-0.006954873711,0,-0.001516106542,-0.0105061835,0.002091080741,0,0,0.002122990482,0.002973645091,0,0,0.008261517897,0.006590412045,-0.1812270442,0,-0.002880741884,-0.002573593175,-0.05011226441,-0.3472636194,0.06897442814,0,0,0.1729578169,0,0,0,0.3254290493,0,0.03242558981,0,-0.003728884554,-0.003331322305,-0.2998568285,0,-0.09389776859,0,0,0.05834447194,0.06458100158,0,0,0.02733823564,0.5681635881,-0.3636747184,0,0,-0.0004711226111,0,0,-0.06405992354,0.008261517897,0.3254290493,0.02733823564,0.0292667837,0.002122990482,0.1729578169,0.05834447194,0.004981605861,-0.3650496996,0,0,-0.0003133791487,0,-0.02544620855,-0.005493434098,0.006590412045,0,0.5681635881,0.004981605861,0.002973645091,0,0.06458100158,0.0292667837
1,2,2,4,4,1500,500,v1,0,0.03652856012,0,0,0,0,0.04791082898,0,0,0,0,0,0,0,0,0,0,0,0,0,0,0,0,0,0,0,0,0,0.1051967736,0,0,0.1379760005,0,0,0,0,0,0,0,0,0,0,0,0,0,0,0,0,0,0,0,0,0,0.2908756184,0,0,0,0,0.3815122184,0,-0.4311453642,0,0.08012164201,0,0,0,0,0,0,0,0,0,0,0,0,0,0,0,0,0,0,0,0,0,0.2277797946,0,0,0,0.2987557886,0,-0.5817620294,0,0,0,0.2307383073,0,0,0,0,0,0,0,0,0,0,0,0,0,0,0,0,0,0,0.2987557886,0,0,0,0.2277797946,0,0,0.3108599493,0,0,0,0,-0.6618836714,0,0,0,0,0,0,0,0,0
1,2,2,4,0,1500,500,v1,0,0.001551907787,0,0,0.05959317911,0,0.0004041880917,0.02432823118,0.01569173832,0,0,0.1858298146,0.003106316065,0.04210419182,0.0003033111661,0.0008571866421,0.09293369751,0,0.00905554716,0.03793911503,0.02447077475,0.003299070469,0,0.2897957792,2.649807071e-05,0.01784974177,0.0001285863891,0.0001631514233,0.00102600429,0,0.003839028167,0.0002672186578,0.01037419295,0.00139861504,0,0.1228566468,3.865249981e-06,0.0001920947859,1.875678208e-05,2.379875285e-05,0,0,5.300847725e-05,0,0,0.0002040147306,0,0,1.659484079e-05,0.0008247286472,0.01117868641,0.0001021761895,0,0.0006425516041,0.0002275835314,0,0.0246739485,0.00240425282,0.0001673499603,0.01007285619,-0.2897146886,0,-0.001925499178,0,-0.08260513325,0,0.152207235,7.037291961e-05,0.006181467947,0.1066075585,0.0006755154855,0.0004332934757,0.001705773541,0.02292859027,0.007347481398,0.05565432702,-0.003963436803,-0.05115888798,-0.003602321585,-0.04007039419,0,-0.2718452266,0.0004332934757,0,0.004779741778,0,7.037291961e-05,0,0.001244864179,0,-0.1910482822,-0.0001896462765,-0.02164378065,-0.00152403359,-0.001290527541,0,0.03471217149,0.001705773541,0,0.1417684555,0,0.006181467947,0,0.05787533745,0,-0.0104480923,-2.760661887e-05,-0.0002445948408,-0.0002223094136,0,0,0,0.02292859027,0.001244864179,0.05787533745,0.009919287281,0.1066075585,0.004779741778,0.1417684555,0.1174694429,-0.2031195073,-0.0001185247014,-0.001050129348,-0.01355476388,0,-0.0008003772525,-0.01042033451,0.007347481398,0,0,0.1174694429,0.0006755154855,0,0,0.009919287281
1,2,2,4,2,1500,500,v1,0,0,0,0,0.05687194167,0,0,0.100579075,0.204669746,0,0,0.01950263289,0,0,0,0,0.04374687844,0,0,0.07736715923,0.1574354987,0,0,0.01500176159,0,0,0,0,0,0,0,0,0.252270169,0,0,0.02403839645,0,0,0,0,0,0,0,0,0,0,0,0,0,0,0,0,0,0,0,0,0.01752444237,0,0,0.03099229868,-0.27765055,0,0,0,-0.1574479393,0,0.2127087305,0,0,0,0,0,0,0,0,-0.2651463989,0,0,0,-0.1208631619,0,0.1636198019,0,0,0,0,0,0,0,0,0.3763285324,0,0,0,0,0,-0.2719910883,0,0,0.177022828,0,0,0,0.3130679765,0,0,0,0,0,0,0,0,0,0,0.3130679765,-0.142890384,0,0,0.177022828,-0.01361578228,-0.2783111011,0,0,0,0,0,-0.04841610186,0,0,0,-0.01361578228,0,0,0,-0.142890384
1,2,2,4,3,1500,500,v1,0,0,0,0,0,0,0,0,0.4034465318,0,0,0.3184303703,0,0,0,0,0,0,0,0,0.06584270074,0,0,0.0519680154,0,0,0,0,0,0,0,0,0.0895962653,0,0,0.07071611648,0,0,0,0,0,0,0,0,0,0,0,0,0,0,0,0,0,0,0,0,0,0,0,0,-0.2775461819,0,0,0,0,0,-0.7218648989,0,0,0,0,0,0,0,0,-0.8818447417,0,0,0,0,0,-0.1175663392,0,0,0,0,0,0,0,0,-0.839431238,0,0,0,0,0,-0.1599798428,0,0,0,0,0,0,0,0,0,0,0,0,0,0,0,0,0,0,0.8378345392,0,0,0,0.6612820821,0,0,0,0,0,0,0,0,0,0,0.6612820821,0,0,0,0.8378345392
1,2,2,4,3,1500,500,v1,0.02989464291,0,0.005163467701,0.005936545766,0.0009419589765,0.02240947954,0,0.001164122316,0.0686452602,0.1092252266,0.03938736445,0.08317755362,0.02204414377,0.04222435049,6.336009006e-05,0.02454385743,0.0003823571537,0.009096388514,0.0565997217,0.0004725370279,0.02786427749,0.0005614973306,0.01598800048,0.03376318231,0,0.04847440253,7.273865612e-05,0,0,0.002406180389,0.06497761744,0,0.03198875028,0.0006446102145,0.0508990495,0.0387608115,0,0.02661651149,7.650215779e-05,0,0.01465171627,0.002530676281,0.02963471251,0.002909570937,0.01098314962,0.0006779623788,0.05353256884,0.0193042108,0,0.0001794334498,0.0003436949493,0,9.877357508e-05,0,0.0001997804521,1.961467982e-05,3.112285234e-06,0.0004607066361,0,3.846325353e-06,-0.09674329363,-0.03575791021,0,-0.1134576997,-0.00210604623,-0.03399619631,-0.1518202853,0,0.07256621581,0.1364298843,0.0003157612811,0,0.08079492165,0.182877903,0.0027982774,-0.4284975573,-0.04649257483,-0.09861967314,-0.0006175110577,-0.0008531208756,-0.0009303640276,-0.0614996252,0,0.06652961656,0,0.004089575426,0,0.01321160167,0,0.08650867723,-0.3743788912,0,-0.1134494521,-0.0007158550425,0,-0.0001224313142,-0.07060280606,0.08079492165,0.01321160167,0.001989919713,0.01818576344,0.07256621581,0.06652961656,0.002459247211,0.03196367098,-0.2325841624,0,-0.05537155964,-0.0007426596871,-0.01728590592,0.05318129592,0.001493604054,0.182877903,0,0.002459247211,0.1925594884,0.1364298843,0,0.001989919713,0.2333245865,-0.3699362429,0,-0.0003766238319,-0.0008027330001,-0.000116996027,0,-6.94417621e-06,0.0027982774,0.08650867723,0.03196367098,0.2333245865,0.0003157612811,0.004089575426,0.01818576344,0.1925594884
1,2,2,4,2,1500,500,v1,0.001847262141,0,0.005230914686,0.002756924982,0,0.01078485073,0,0,0.0003985854676,0.0003458945793,0.009700256189,0.001027239123,0,0,7.562201618e-05,0,0,0.00650471195,0,0,0.0002404005135,0.0002133041696,0.005850555923,0.0006195630112,0.291234609,0,0.002370675858,0.2665015372,0,0.09890437266,0,0,0.007536319743,0.006686876004,0.006540058178,0.01942269127,0.03781614741,0,0.0003078268343,0.03460461464,0.004535244279,0.01284250642,0,0.006768572785,0.02647806801,0.0008682755444,0.0008492115856,0.02381526174,0.04802236533,0,0,0.04394407046,0.005759263505,0,0,0.008595346097,0,0,0,0,-0.2331118858,-0.004594636572,0,-0.005511232077,0,-0.02044261458,-0.001422935635,0.3078535049,0,0,0.004073292253,0.2817090749,0,0,0.01148940013,-0.1087854942,0,0,-0.0002855284588,0,-0.01232963911,-0.0008581797157,0.2817090749,0.01819264128,0,0.1730147066,0.3078535049,0.0271514126,0,0.01144062666,0.1330670095,-0.5490230972,0,-0.008915964939,0,-0.1037961329,-0.02653785144,0,0.0271514126,0,0.06559698951,0,0.01819264128,0,0.05900013014,-0.6319893825,0.06871757875,0,-0.001173634857,-0.01128039742,-0.01366285715,-0.05029249275,0,0,0,0.01208439814,0,0,0,0.03114405205,-0.4961805524,0.08726379861,0,0,-0.01435433526,0,0,0.01148940013,0.01144062666,0.05900013014,0.03114405205,0.004073292253,0.1730147066,0.06559698951,0.01208439814
1,2,2,4,3,1500,500,v1,0.0002743508767,0,0,0.0008111330271,0,0,0,0,0,0,0,0,0,0,0,0,0,0,0,0,0,0,0,0,0,0,0,0,0,0,0,0,0,0,0,0,0,0,0,0,0.1505319172,0,0,0.445055657,0,0,0,0,0,0,0,0,0.1019389599,0,0,0.301387982,0,0,0,0,-0.2035800437,0.001029978469,0,0,0,0,0,0,0,0,0,0,0,0,0,0,0,0,0,0,0,0,0,0.07679034361,0,0,0,0.2270347542,0,0,0,0,0,0,0,0,0,0,0.2270347542,0,0,0,0.07679034361,0,0,0.3837329845,0,0,0,-0.5862830497,0,0,0,0,0,0,0,0,0,0,-0.5852530713,0,0,0,0.382703006,0,0,0,0,0,0,0,0,0,0
1,2,2,4,0,1500,500,v1,0,0,0,0,0,0,0,0,0.02118895009,0,0,0.0002223437198,0,0,0.008986008525,0,0,0,0,0,0.3092105485,0.05501312537,0,0.003244664,0,0,0.008579219011,0,0,0,0,0,0.295212831,0.0525227246,0,0.003097780621,0,0,0.03408015192,0,0,0,0,0,0,0.2086416527,0,0,0,0,0,0,0,0,0,0,0,0,0,0,-0.02451627563,0,0,0,0,0,0.02031644278,0,0,0,0.07741256534,0,0,0,0.4739264547,-0.000340777047,0,0,-0.06386637929,0,0,-0.3075520232,0,0,0,0,0,0,0,0,-0.5938197284,0,0,-0.0609751987,0,0,0.2830357476,0,0,0,0,0,0,0,0,-0.124841578,0,0,-0.2427177687,0,0,0,0,0,0,0.006234330068,0,0,0,6.541919879e-05,0,0,0,0,0,0,0,0.4739264547,0,0,6.541919879e-05,0.07741256534,0,0,0.006234330068
1,2,2,4,0,1500,500,v1,0,0,0,0,0,0,0,0,0,0,0,0,0.07805711213,0,0,0.267977234,0,0,0,0,0,0,0,0,0,0,0,0,0,0,0,0,0,0,0,0,0,0.04470612419,0,0,0,0,0.1534802297,0,0,0,0,0,0,0.1028129616,0,0,0,0,0.3529663384,0,0,0,0,0,0,0,0,0,0,0,0,0,0.3379797526,0,0,0,1.160315137,0,0,-0.6535458342,-0.3453174256,0,0,0,0,0,0,0,0,0,0,0,0,0,0,0,0,0,0,0,0,1.160315137,0,0,0,0.3379797526,0,0,0,-0.8010880076,0,-0.1977752522,0,0,0,0,0,0,0,0,0,0,0,0,-0.5430926778,0,-0.455770582,0,0,0,0,0,0,0,0,0,0,0,0
1,2,2,4,3,1500,500,v1,0.238357599,0,0,0.04254657599,0,0.03021648559,0,0,0,0,0.01674428214,0,0,0,0,0,0,0.05556524771,0,0,0,0,0.03079114486,0,0,0,0,0,0,0,0,0,0,0,0,0,0,0,0,0,0.2223999533,0,0,0.03969815333,0.02819354202,0,0,0.01562328024,0,0,0,0,0.2374747478,0,0,0.04238898799,0,0,0,0,0.2689693447,-0.1601141497,0,0,0,-0.04640852056,0,0,0,0,0,0,0,0,0,-0.08953825744,0,0,0,0,-0.08617978074,0,0,-0.30313738,0,0,0,-0.05410968892,0,0,0,0,0,0,0,0,0,0,-0.05410968892,0,0.1695962949,0,-0.30313738,0,0.09398076238,-0.1431136,0,0,0,0.2486900113,0,-0.04312973688,0,0,0,0,0,0,0,0,0.08857586163,0,0,0,0.149588851,0,0,0,0,0.09398076238,0,0,0,0.1695962949,0
1,2,2,4,1,1500,500,v1,0,0.5568368169,0,0,0,0,0.1049082503,0,0.06284061212,0,0,0.06103027216,0,0,0,0,0,0,0,0,0.003145296006,0,0,0.003054684937,0,0,0,0,0.09924864302,0,0,0.01869847893,0.0112004905,0,0,0.01087782185,0,0,0,0,0,0,0,0,0,0,0,0,0,0,0,0,0,0.05735325927,0,0,0,0,0.01080537403,0,-0.1588874094,0,-0.6617340638,0,0,0,-0.1219357523,0,0,0,0,0,0,0,0,-0.1009863984,0,0,0,0,0,0.005882949401,0,0,1.069656927,0,0,0,0.2015237377,0,-0.8458041172,0,0,0,-0.117702462,0,0.02094935382,0,0,0,0,0,0,0,0,0,0,0,0,0,0,0,0,0.2015237377,0,0.07237002045,0,1.069656927,0,0.07028515311,-0.7794365258,0,0,0,0,-0.06801725057,0,0,0,0,0.07028515311,0,0,0,0.07237002045
1,2,2,4,3,1500,500,v1,0.1739460519,0,0,0.3706432709,0,0.0006636566229,0,0,0,0,0.001373601538,0,0,0,0,0,0,0.001155498203,0,0,0,0,0.002391589346,0,0,0,0,0,0,0,0,0,0,0,0,0,0,0,0,0,0.08881845815,0,0,0.189253872,0.0003388691915,0,0,0.0007013736118,0,0,0,0,0.05452729804,0,0,0.1161864605,0,0,0,0,0.4212739777,-0.5360816401,0,0,0,-0.002013300492,0,0,0,0,0,0,0,0,0,-0.003037217914,0,0,0,0,-0.003539833461,0,0,0.05281914012,0,0,0,0.1125467272,0,0,0,0,0,0,0,0,0,0,0.1125467272,0,0.003213807423,0,0.05281914012,0,0.00665176964,-0.3796503401,0,0,0,0.2638532946,0,-0.001023917422,0,0,0,0,0,0,0,0,-0.2722283455,0,0,0,0.161984434,0,0,0,0,0.00665176964,0,0,0,0.003213807423,0
1,2,2,4,4,1500,500,v1,0.2537171056,0,0,0.1467290661,0,0,0,0,0,0,0,0,0,0,0,0,0,0,0,0,0,0,0,0,0,0,0,0,0,0,0,0,0,0,0,0,0,0,0,0,0.2296331549,0,0,0.1328008937,0,0,0,0,0,0,0,0,0.1502357831,0,0,0.08688399662,0,0,0,0,0.5688837209,-0.3941766797,0,0,0,0,0,0,0,0,0,0,0,0,0,0,0,0,0,0,0,0,0,-0.1660379146,0,0,0,-0.09602264729,0,0,0,0,0,0,0,0,0,0,-0.09602264729,0,0,0,-0.1660379146,0,0,-0.1691818518,0,0,0,0.343888893,0,0,0,0,0,0,0,0,0,0,-0.05028778665,0,0,0,0.2249948279,0,0,0,0,0,0,0,0,0,0
1,2,2,4,4,1500,500,v1,0,0,0.0703538442,0,0,0,0,0,0,0.06349976777,0,0,0,0,0,0,0,0,0,0,0,0,0,0,0,0,0,0,0,0.1295217906,0,0,0,0,0.1169034005,0,0,0,0,0,0,0.325727247,0,0,0,0,0.2939939498,0,0,0,0,0,0,0,0,0,0,0,0,0,-0.8656249133,0,0,-0.1335759569,0,0,0,0,0,0,0,0,0,0,0,0,0,0,0,0,0,0,0,0,0,0.7877742814,0,0,0,0.7110270238,-0.7532868396,0,0,0,0,-0.2459140306,0,0,0,0,0,0,0,0,0,-0.3794899875,0,0,0,0,-0.6197108827,0,0,0,0,0,0,0,0,0,0,0,0,0,0,0,0,0,0.7110270238,0,0,0,0.7877742814,0,0
1,2,2,4,2,1500,500,v1,0.01407255607,0.001994910901,0.005210510884,0.004140722892,0,0,0.01373536061,0,0,0.0303958812,0,0,0.07915362599,0.3325614214,0.2234543138,0.02058845562,0,0,0.01218134422,0,0,0.03086598124,0,0,0,0.01015588647,0.006823932355,0,0.0002611639561,0.0006821345431,0.0003719984972,0.001798166081,0,0.0009425970099,0.003979279767,0,0,0.009761983391,0.02755852651,0,0.007440189602,0.002754807919,0.00253916557,0.002189208787,0,0.00380668848,0.01607036548,0,0,0.01804560058,0.07581801218,0,0.01375362818,0.001949700015,0.004693796931,0.004046881231,0,0.002777127005,0.01342407461,0,-0.06796658196,-0.01821271214,-0.01569771121,-0.03553625666,0,0,0,0,0.160353318,0.3754631483,0.3635772678,0,0.04170910847,0.01375278537,0.05022131342,0.02069356032,-0.09974042312,-0.3395163004,-0.251488131,0,0,0,0,0.05283325667,0.006262818856,0.01292989619,0,0.01554571259,0.04312075363,0.07542745501,-0.6353567917,0,0.009989549187,0.004811730648,-0.002026841882,-0.004587938662,0,0.04170910847,0.01554571259,0,0,0.160353318,0.05283325667,0,0,-0.4452098031,0,-0.01227563246,-0.02918932044,-0.009609424003,-0.01878070548,0,0.01375278537,0.04312075363,0,0,0.3754631483,0.006262818856,0,0,-0.487089496,0,-0.02269222875,0.07004946213,-0.01776384336,-0.01519782857,0,0.05022131342,0.07542745501,0,0,0.3635772678,0.01292989619,0,0
1,2,2,4,4,1500,500,v1,0.007811746472,0,0.05208088735,0.01748459816,0,0.002242732266,0,0,0.001296562561,0.03709011699,0.0009281670809,0.002090355651,0.07666507333,0,0.008057249117,0.02004890746,0,0.003288334604,0,0,0.001901043473,0.01869277543,0.001360895358,0.003064917255,0,0,0.01974441341,0,0,0.1871261105,0,0,0.004658536395,0.04580693492,0.1332644217,0.007510627075,0,0.03746527621,0.003937478313,0,0.005597293686,0.0373171381,0.009797653912,0.01252811151,0.001606968582,0.009134928907,0.02657591083,0.0006650527843,0,0.1164030219,0,0,0.01739055375,0,0.03044089458,0.03892431035,0,0,0,0,-0.4815336065,-0.02524336506,0,-0.08898603525,0,-0.003164323123,-0.003379892664,0,0.009435263,0,0.04757089689,0,0.002467440146,0,0.1103642311,-0.1992797416,0.09176857236,0,-0.02669453675,0,-0.00464915079,-0.004955659798,0,0.04566834794,0,0.4145033767,0,0.1022169105,0,0.2951942549,-0.2008219297,0,0,-0.06555025767,0,-0.3203852048,-0.01216896099,0.002467440146,0.1022169105,0,0.01069499203,0.009435263,0.04566834794,0,0.004426181593,-0.6428887369,0,0.04484617439,-0.01304529088,-0.01791225363,-0.06376051437,-0.0022673085,0,0,0,0.01177414806,0,0,0,0.01898262212,0.09345912806,0,-0.1445498822,0,-0.05543455362,0,0,0.1103642311,0.2951942549,0.004426181593,0.01898262212,0.04757089689,0.4145033767,0.01069499203,0.01177414806
1,2,2,4,0,1500,500,v1,0,0,0.6383365925,0,0,0,0,0,0,0.03290781902,0,0,0,0,0,0,0,0,0,0,0,0,0,0,0,0,0,0,0,0.1854674032,0,0,0,0,0.009561300118,0,0,0,0,0,0,0.1271709123,0,0,0,0,0.006555972846,0,0,0,0,0,0,0,0,0,0,0,0,0,0.3119449092,0,0,-0.6607581171,0,0,0,0,0,0,0,0,0,0,0,0,0,0,0,0,0,0,0,0,0,0.4975689125,0,0,0,0.02565089941,-0.5338692595,0,0,0,0,0.1850560516,0,0,0,0,0,0,0,0,0,-0.4757020656,0,0,0,0,0.1268888576,0,0,0,0,0,0,0,0,0,0,0,0,0,0,0,0,0,0.02565089941,0,0,0,0.4975689125,0,0
1,2,2,4,0,1500,500,v1,0.01691550613,0,0,0.0001416730442,0,0.08753763315,0,0,0,0,0.002814869356,0,0,0,0.0002658470269,0,0,0.002763615333,0,0,0,0.0004540321592,8.886710585e-05,0,0.05233859991,0,0.008645652971,0.04185482448,0,0,0,0,0,0.01476565126,0,0,0.1694574742,0,0.027992161,0.1355139964,0.05623056018,0,0,0.0004709498242,0.2909927798,0.04780697174,0,0.00935719449,0.01573872013,0,0,0.01258614807,0.005222531808,0,0,4.374045767e-05,0,0,0,0,-0.3539689385,0.0161832326,0,0,0,0.08547781656,0,0.3560861437,0,0,0.05532706539,0.2847596802,0,0,0.09449143385,-0.3123366433,0,0,-0.0007183859272,0,-0.001146750696,0,0.2847596802,0.05650441987,0,0,0.3560861437,0.0004732434906,0,0,-0.4097487692,-0.09399803762,0,-0.02336274196,0,0,0,0,0.0004732434906,0,0.3114685549,0,0.05650441987,0,0.01001561574,-0.04392119806,-0.3049663983,0,-0.07579787161,-0.05607812389,0,-0.2986538463,0,0,0,0,0,0,0,0,-0.4388593272,-0.0282661134,0,0,0.001909782387,0,0,0.09449143385,0,0.01001561574,0,0.05532706539,0,0.3114685549,0
1,2,2,4,4,1500,500,v1,0.08431745227,0.03713872566,0,0.117116163,0.005456611517,0,0.03184004866,0.03079439829,0,0,0,0,0,0,0,0,0.00112029041,0,0,0.006322361228,0,0,0,0,0,0,0,0,0.005681840143,0,0,0.004871197475,0,0,0,0,0,0,0,0,0.03432115473,0,0,0.04767176714,0,0,0,0,0,0,0,0,0.1631417081,0.07185790103,0,0.2266023268,0.01055773033,0,0.06160575047,0.05958257278,-0.5240603912,0.1911334467,-0.06883431944,0,-0.03617510106,0,0,0,0,0,0,0,0,0,0,-0.105218974,0,0,0,-0.007355127183,0,0,0,0.07203145563,0.1701158776,0,0,0.1000510266,0.1458450359,0,-0.2002116735,0,0,0,-0.0104289355,0,0,0,0.1000510266,0.02541748695,0,0,0.07203145563,0.1434436649,0,-0.192521928,0,0,0,0.07780027317,0,0,0,0.1458450359,0.1434436649,0,0,0.1701158776,0.02541748695,0,0.1461402367,0,0,0,-0.3836553747,-0.1313773541,-0.06904387296,0,0,0,0,0,0,0,0
1,2,2,4,3,1500,500,v1,0,0,0.01591899052,0,0,0,0,0,0,0.04062266954,0,0,0,0,0,0,0,0,0,0,0,0,0,0,0,0,0,0,0,0.2604213035,0,0,0,0,0.6645527265,0,0,0,0,0,0,0.005204154839,0,0,0,0,0.01328015504,0,0,0,0,0,0,0,0,0,0,0,0,0,-0.8929848003,0,0,0.05365044317,0,0,0,0,0,0,0,0,0,0,0,0,0,0,0,0,0,0,0,0,0,0.3544648935,0,0,0,0.9045366422,0.07118957123,0,0,0,0,-0.9105239284,0,0,0,0,0,0,0,0,0,-0.8568734852,0,0,0,0,0.01753912807,0,0,0,0,0,0,0,0,0,0,0,0,0,0,0,0,0,0.9045366422,0,0,0,0.3544648935,0,0
1,2,2,4,0,1500,500,v1,0,0,0,0,0,0.0001078467364,0,0,0,0,1.593771862e-05,0,0,0,0.1191683062,0,0,0.5830517472,0,0,0,0.1050413552,0.08616407873,0,0,0,0.0557880019,0,0,0,0,0,0,0.04917454574,0,0,0,0,0.0001984988833,0,0,0,0,0,0.0009711904487,0.0001749675931,0,0.0001435236764,0,0,0,0,0,0,0,0,0,0,0,0,-0.6577035085,0,0,0,0,0.0001174548264,0,0,0,0,0.2625550372,0,0,0,0.231430128,-0.1039423478,0,0,-0.2242059267,0,-0.6587612225,0,0,0,0,0,0,0,0,0,-0.2245786185,0,0,-0.1047448249,0,0,0,0,0,0,0.8593790284,0,0,0,0.1270000521,-0.9875945193,0,0,-0.0003726917879,0,0,0.001057714024,0,0,0,0,0,0,0,0,0,0,0,0,0,0,0,0.231430128,0,0.1270000521,0,0.2625550372,0,0.8593790284,0
