1,2,2,4,1,1500,500,v1,0.003875524016,0.01284190756,0.001986671092,0.003872234653,0.003242552635,0.1758265857,0.02605482946,0.01834997935,0.003161793358,0.000201697106,0.03355063481,0.0001380060488,0,0.001776209087,0.01874025654,0,0.001266959145,0.06870053497,0.002435372623,0.00716986793,0.001235404159,0.03909422328,0.01310920388,5.392295678e-05,0,0.003185556456,0.03360986363,0,0.008999043151,0.001392171591,0.004367738595,0.01825807681,0.002215645513,0.07011384879,0.0001413404474,9.670856e-05,0,0,0.05433264216,0,0.004390270727,0.002250540547,0,0.004386544471,0.1991798551,0.1133438296,0.0002284864953,0.03800682675,0,0,0.0002771077864,0,0.0002362439254,0.0007828161145,0,0.0002360434126,0.0001976592996,0.0003799444117,0.001588248495,0.001118576774,-0.2131030735,-0.007731743581,-0.03889602917,-0.002183831824,-0.02154895182,0.05902058668,-0.003293050748,0,0,0.007804754137,0.07054473121,0,0,0.010701153,0.1471640119,-0.3419648247,0,-0.004145540689,-0.01551941228,-0.008304500073,0.07762645702,-0.001269106374,0,0.01274015465,0.03390489327,0.008433505433,0,0.01272933055,0.0687893041,0.0008562125011,-0.167139965,0,-0.007538232568,-0.03328538271,-0.02720062281,-0.001530331053,-0.002285161524,0,0.01272933055,0.007018634502,0.1235638362,0,0.01274015465,0.03971926329,0.02357802854,0.07592503458,0,0,-0.09633436708,-0.008776605557,-0.002478982413,-0.2347416202,0.010701153,0.0687893041,0.03971926329,0.009841419415,0.007804754137,0.03390489327,0.007018634502,0.0004295585537,-0.1241422263,0,0,-0.0006534981686,-0.0004713076635,-0.002366146266,-0.001305146634,0.1471640119,0.0008562125011,0.02357802854,0.0004295585537,0.07054473121,0.008433505433,0.1235638362,0.009841419415
1,2,2,4,1,1500,500,v1,0.002255629391,0.005897494293,0.07272874632,0.003234337172,4.208258276e-05,0,0.001546592808,8.972874224e-06,0,0.003512760016,0,0,0,0.01837976363,0,0,0.0001197219254,0,0.0001379667346,2.552718269e-05,0,0,0,0,8.355962854e-06,0.001042652557,0,1.780255572e-06,0.0009517842777,0.01173754036,7.826616899e-06,0.0002496013807,0,0,0.000566916997,0,0.0005465733445,0,0,0.0001164486079,0.02381171574,0.767766301,0,0.03414351563,0,0,0.03708270663,0,3.72670341e-05,0,0.0046501605,7.939820491e-06,0.001623555249,0.004244894066,0,0.00232800881,3.029017019e-05,3.490618663e-05,0.001113205423,6.45848875e-06,-0.8857373708,-0.005478578623,-0.007443958593,-0.07608335715,-5.094853185e-05,0,0,0.0008881389247,0,0.01903637498,0,0.0001892198777,0,0.0001428955534,0,0.00535499783,0,-0.01822844323,0,-0.0001429785843,0,0,0.0001892198777,0.04152368667,0.01662494222,1.278066917,0.0008881389247,0.0595406337,0.004359818802,0.06172995674,-0.908200997,-1.011519268e-05,0.0009967636812,0,-0.001198893602,-0.01227893399,0,0,0.0595406337,0.0002846682987,0,0,0.04152368667,6.069713929e-05,0,-0.09783946529,-0.0006630109278,0,0,-0.0579542677,-0.8048356247,0,0.0001428955534,0.004359818802,6.069713929e-05,0,0.01903637498,0.01662494222,0.0002846682987,0,-0.09017443131,-4.511308116e-05,0,0.004445499189,-0.003943367255,-0.005346988487,-3.63165091e-05,0,0.06172995674,0,0,0,1.278066917,0,0
1,2,2,4,0,1500,500,v1,0,0,0,0,0,0.06963624929,0,0,0,0,0.1576259472,0,0,0,0,0,0,0.002940707509,0,0,0,0,0.006656472907,0,0,0,0,0,0,0,0,0,0,0,0,0,0,0,0,0,0,0,0,0,0.2338367378,0,0,0.5293038852,0,0,0,0,0,0,0,0,0,0,0,0,-0.7421122703,0,0,0,0,0.2156413071,0,0,0,0,0,0,0,0,0,-0.5355773987,0,0,0,0,0.009106435536,0,0,0,0,0,0,0,0,0,0,0,0,0,0,0,0,0,0,0,0.2419768694,0,0,0,0.5477295754,0.2247477426,0,0,0,0,0,-0.7512187058,0,0,0,0,0,0,0,0,0,0,0,0,0,0,0,0,0,0.5477295754,0,0,0,0.2419768694,0
1,2,2,4,1,1500,500,v1,0,0,0,0,0.1085915858,0,0,0.08546266386,0,0,0,0,0,0,0,0,0.2522528275,0,0,0.1985254976,0,0,0,0,0,0,0,0,0,0,0,0,0,0,0,0,0,0,0,0,0,0,0,0,0,0,0,0,0,0,0,0,0,0,0,0,0.1987495455,0,0,0.1564178797,-0.1067297747,0,0,0,0.1841314259,0,0,0,0,0,0,0,0,0,0,0.5211368085,0,0,0,-0.4437351573,0,0,0,0,0,0,0,0,0,0,0,0,0,0,0,0,0,0,0,-0.06497024462,0,0,0,-0.05113223217,0,0,0,0,0,0,0,0,0,0,-0.05113223217,0,0,0,-0.06497024462,0,-0.2596037313,0,0,0,0,0,0.3370053825,0,0,0,0,0,0,0,0
1,2,2,4,2,1500,500,v1,0,0,0,0,0,0,0,0,0,0,0,0,0,0.05951454865,0,0,0,0,0.08372086046,0,0,0,0,0,0,0.09364828419,0,0,0,0,0.131737787,0,0,0,0,0,0,0,0,0,0,0,0,0,0,0,0,0,0,0,0.2623388159,0,0,0,0,0,0,0.3690397038,0,0,0,0,0,0,0,0,0,0,0,0.1693643264,0,0,0,0.2382497634,0,-0.4076538966,0,0.13591117,0,0,0,0,0,0,0,0,0,0,0,0,-0.4856038422,0,0.2138611157,0,0,0,0,0,0,0,0,0,0,0,0,0,0,0,0,0,0,0,0.2382497634,0,0,0,0.1693643264,0,0,0,0.3497722858,0,0,-0.6215150123,0,0,0,0,0,0,0,0,0,0,0
1,2,2,4,2,1500,500,v1,0,0,0,0,0,0,0,0,0.07035630287,0,0,0.0923894009,0,0,0,0,0,0,0,0,0.0009222834634,0,0,0.001211109924,0,0,0,0,0,0,0,0,0.3610296174,0,0,0.4740912854,0,0,0,0,0,0,0,0,0,0,0,0,0,0,0,0,0,0,0,0,0,0,0,0,-0.8200501982,0,0,0,0,0,0.1544238199,0,0,0,0,0,0,0,0,-0.6676506821,0,0,0,0,0,0.00202430386,0,0,0,0,0,0,0,0,0.1564481238,0,0,0,0,0,-0.822074502,0,0,0,0,0,0,0,0,0,0,0,0,0,0,0,0,0,0,0.4316336159,0,0,0,0.5668059515,0,0,0,0,0,0,0,0,0,0,0.5668059515,0,0,0,0.4316336159
1,2,2,4,1,1500,500,v1,0,0.0009095338064,0,0,0.01440997613,0,0.05644105355,0.01544970227,0.03175842896,0,0,0.008561696678,0,0.0002337165355,0.001150723679,0,0.001221043572,0,0.0002641906954,0.001309145794,0.002691081872,0.0002906901602,0,0.0007254838313,0,0.0121015147,0.05958285959,0,0.003990589348,0,0.013679424,0.2476357289,0.1393404483,0.01505152915,0,0.03756453616,0,0,0.1141639684,0,0,0,0,0,0,0.0288395406,0,0,0,0,0.005707784731,0,0,0.001882196197,0,0,0.02982011453,0.006452019384,0.1167995468,0.03197173173,-0.6029590461,0,-0.05723162395,0,-0.02750374124,0,-0.03839291645,0,0,0.02692117508,0.09232912347,0,0,0.03043141096,0.02332372658,-0.4160059393,0,-0.0004900332163,0.001367708185,-0.001104693628,0,0.002097983773,0,0,0.01016469309,0,0,0,0.6307692733,0,-0.3639995821,0,-0.02572821531,0.06242871839,-0.251622122,0,-0.1756210332,0,0,0.062892588,0,0,0,0.06743048839,0,0.06379642657,0,0,-0.1408983266,0,0,0,0.03043141096,0.6307692733,0.06743048839,0.250375639,0.02692117508,0.01016469309,0.062892588,0.06749830979,-0.3636804293,0,0,-0.01201680884,0,-0.118435565,-0.05827361606,0.02332372658,0,0,0.06749830979,0.09232912347,0,0,0.250375639
1,2,2,4,3,1500,500,v1,0,0,0,0,0,0,0,0,0,0,0,0,0,0.01210490506,0,0,0,0,0.024279486,0,0,0,0,0,0,0.08038459433,0,0,0,0,0.1612318827,0,0,0,0,0,0,0,0,0,0,0,0,0,0,0,0,0,0,0,0.2402055028,0,0,0,0,0,0,0.4817936292,0,0,0,0,0,0,0,0,0,0,0,0.498748728,0,0,0,1.000368265,0,-0.9631024106,0,-0.03630891823,0,0,0,0,0,0,0,0,0,0,0,0,-0.7582960397,0,-0.2411152891,0,0,0,0,0,0,0,0,0,0,0,0,0,0,0,0,0,0,0,1.000368265,0,0,0,0.498748728,0,0,0,-0.2774242074,0,0,-0.7219871215,0,0,0,0,0,0,0,0,0,0,0
1,2,2,4,3,1500,500,v1,0,0,0,0,0,0.03242120175,0,0,0,0,0.2913526323,0,0,0,0,0,0,0.04970459824,0,0,0,0,0.4466696098,0,0,0,0,0,0,0,0,0,0,0,0,0,0,0,0,0,0,0,0,0,0.01800953627,0,0,0.1618424216,0,0,0,0,0,0,0,0,0,0,0,0,-0.3179643832,0,0,0,0,0.3072178772,0,0,0,0,0,0,0,0,0,0.4778732352,0,0,0,0,-0.4886197412,0,0,0,0,0,0,0,0,0,0,0,0,0,0,0,0,0,0,0,0.001614157481,0,0,0,0.01450560145,-0.181401864,0,0,0,0,0,0.170655358,0,0,0,0,0,0,0,0,0,0,0,0,0,0,0,0,0,0.01450560145,0,0,0,0.001614157481,0
1,2,2,4,1,1500,500,v1,0,0,0,0,0,0,0,0,0,0,0,0,0.1062323949,0,0,0.05876912415,0,0,0,0,0,0,0,0,0,0,0,0,0,0,0,0,0,0,0,0,0,0.1945667099,0,0,0,0,0.1076368008,0,0,0,0,0,0,0.3430276642,0,0,0,0,0.1897673061,0,0,0,0,0,0,0,0,0,0,0,0,0,0.07837629338,0,0,0,0.04335877133,0,0,-0.2377209955,0.1565642857,0,0,0,0,0,0,0,0,0,0,0,0,0,0,0,0,0,0,0,0,0.04335877133,0,0,0,0.07837629338,0,0,0,-0.3679072515,0,0.2867505417,0,0,0,0,0,0,0,0,0,0,0,0,0.4433148274,0,-0.5244715372,0,0,0,0,0,0,0,0,0,0,0,0
1,2,2,4,4,1500,500,v1,0.001565597946,1.080570663e-06,0,0.0004073943935,0.05575284126,0.004333773823,3.560311357e-06,0.04018778405,3.479126736e-06,0,0.002591152238,1.277848857e-06,0,0.1045537634,0.0009047862933,0,0.03133261511,0.002435543447,0.005382563821,0.02258518743,1.955239168e-06,0.00378287862,0.001456205172,7.181400179e-07,0.0157137684,0.5372762046,0.004649475349,0.09830732663,3.120619e-06,0,0.0276596783,1.028195161e-05,1.004749561e-05,0.01943928751,0,3.690345814e-06,7.452495375e-06,0,2.205084907e-06,4.662375557e-05,2.144317974e-06,0,0,5.579868847e-07,5.935744313e-06,9.219379883e-06,0,3.54896628e-06,0.0003196753778,0,0.01093015814,0.001999929678,9.19806889e-05,6.34847754e-08,0,2.39348915e-05,0.003275543865,0.0005626987673,2.091724073e-07,0.002361078763,-0.05252698537,-0.001969099946,-4.5863062e-06,0,-0.0892843705,-0.006924810224,-4.747108159e-06,0.02333846029,0,0.6516943091,0.008331762041,0.1460083654,0,0.03355007124,0.03483479439,-0.6673751139,0,0.08900619274,-0.004677941202,-0.04728457463,-0.003883676279,-2.667833745e-06,0.1460083654,0.002482763571,6.366872848e-06,0,0.02333846029,0.0006460560081,2.097785006e-05,0,0.09290569846,-0.1105938231,-0.5567409576,-0.02408836232,-1.33751633e-05,0,-1.373761285e-05,0,0.0006460560081,0.1200922137,0.0101551744,0,0.002482763571,0.08656486502,0.006071752909,-0.1545039096,-5.194913016e-05,0,-1.140076681e-05,-2.694817939e-06,0,-9.46503628e-06,0.03355007124,2.097785006e-05,0.08656486502,2.320563262e-05,0.6516943091,6.366872848e-06,0.1200922137,8.523199514e-06,-0.7169392385,-0.002252111572,0,0.01090517799,-0.0001140849556,-2.683457776e-07,-0.001202440696,0.03483479439,0,0.006071752909,8.523199514e-06,0.008331762041,0,0.0101551744,2.320563262e-05
1,2,2,4,1,1500,500,v1,0,0,0,0,0,0.1057874676,0,0,0,0,0.0499030064,0,0,0,0,0,0,0.03654726785,0,0,0,0,0.0172404027,0,0,0,0,0,0,0,0,0,0,0,0,0,0,0,0,0,0,0,0,0,0.537138227,0,0,0.2533836284,0,0,0,0,0,0,0,0,0,0,0,0,-0.7271349116,0,0,0,0,0.1477293542,0,0,0,0,0,0,0,0,0,-0.6304428344,0,0,0,0,0.05103727692,0,0,0,0,0,0,0,0,0,0,0,0,0,0,0,0,0,0,0,0.5905356159,0,0,0,0.2785727203,0.1987666311,0,0,0,0,0,-0.7781721885,0,0,0,0,0,0,0,0,0,0,0,0,0,0,0,0,0,0.2785727203,0,0,0,0.5905356159,0
1,2,2,4,4,1500,500,v1,0,0.008865867316,0,0,0,0,0.04688315194,0,0,0,0,0,0,0.5321148663,0,0,0,0,0.1349834252,0,0,0,0,0,0,0.006230714616,0,0,0.001792935243,0,0.001580567005,0.009481131676,0,0,0,0,0,0,0,0,0,0,0,0,0,0,0,0,0,0,0.08425017485,0,0,0.02424362486,0,0,0,0.02137203431,0.1282015067,0,-0.1430887918,0,0.03439021023,0,0,0,0,0,0,0.6811841317,0,0,0,0.1727983432,0,0.07895066694,0,-0.6482723169,0,0,0,0,0,0,0.0259298444,0,0,0,0.137118028,0,-0.6798560575,0,-0.005137504747,0,0.006973330719,0,0,0,0,0,0,0,0,0,0,0,0,0,0,0,0,0,0.1727983432,0.137118028,0,0,0.6811841317,0.0259298444,0,0,-0.6120462807,0,0,0.08408817169,0,-0.1500621225,0,0,0,0,0,0,0,0,0
1,2,2,4,4,1500,500,v1,0.0007290724678,0.009203951609,0.0004491622739,0.00333662696,0.00154774758,0.009732855697,0.01633245831,0.001129722713,0,0.003166156654,0.0008172571732,0,0.02995268257,0,0,0.006188814064,0.004038758547,0.02539732877,0,0.002947946631,0,0,0.002132585724,0,0.00159595042,0,0,0.04351284844,0.01524300844,0.0007438744382,0,0.02704879497,0,0,0.005243590434,0,0.00617250635,0.07352355215,0,0.1682905245,0.004669917536,0.002877012741,0.01519141374,0.02137204934,0.06234172254,0,0.02028013831,0.005234765779,0.005379395708,0.06407644779,0,0.1466667305,0.004069875822,0.05137889822,0.01323945594,0.01862593636,0.008639937362,0,0.09117211269,0.00630641172,-0.376720147,-0.00401788742,-0.02526895096,-0.003607819604,-0.002668473573,-0.01052822857,0,-0.0001454271133,0.2090091572,0,0,-0.003964963198,0.04318541413,0,0,-0.2371926969,-0.02642179008,0,0,-0.006972532924,-0.02747280958,0,-0.003964963198,0.01408037935,0.1123417888,0.006101290315,-0.0001454271133,0.06443936725,0.1993511065,0.04300815553,-0.2208165454,0.03120061152,0,0,-0.04220365513,-0.005975044961,0,0.04318541413,0.06443936725,0.02111697859,0.1460969968,0.2090091572,0.01408037935,0.01541359333,0.01226760408,-0.1355848597,-0.03814291057,-0.06560353957,0,-0.02598854466,-0.02315676599,-0.06757536245,0,0.1993511065,0.01541359333,0,0,0.1123417888,0.02111697859,0,-0.2060876734,0.009682559261,-0.0761043846,0,-0.02234006565,-0.1403226575,-0.01471270812,0,0.04300815553,0.01226760408,0,0,0.006101290315,0.1460969968,0
1,2,2,4,1,1500,500,v1,0,0,0,0,0.01097411101,0.1374466099,0,0.07229668335,0.04535686515,0,0.04846046086,0.02141247845,0,0,0,0,0.01727460521,0.2163579285,0,0.1138039029,0.07139730395,0,0.07628274667,0.03370588393,0,0,0,0,0,0,0,0,0.001782008525,0,0,0.0008412666748,0,0,0,0,0,0,0,0,0.01734279383,0,0,0.006114663591,0,0,0,0,0,0,0,0,0.01438464465,0,0,0.09476504282,-0.6098124619,0,0,0,-0.08229154541,0.1764000333,-0.06662979363,0,0,0,0,0,0,0,0,-0.06177747175,0,0,0,-0.1290287898,-0.2880677097,-0.1034597964,0,0,0,0,0,0,0,0,-0.1700895901,0,0,0,0,0,-0.002592425865,0,0,0.06330620643,0.09915469761,0,0,0.4170568728,0.03495985078,-0.1116676764,0,0,0,0,0,0.02225797745,0,0,0.4170568728,0.175956028,0,0,0.06330620643,0.08306699586,-0.2113203352,0,0,0,0,0,-0.1089217176,0,0,0.03495985078,0.08306699586,0,0,0.09915469761,0.175956028
1,2,2,4,2,1500,500,v1,0.008369872287,0,0,0.08142662071,0,0,0,0,0,0,0,0,0,0,0,0,0,0,0,0,0,0,0,0,0,0,0,0,0,0,0,0,0,0,0,0,0,0,0,0,0.002952179753,0,0,0.02872039295,0,0,0,0,0,0,0,0,0.08188729287,0,0,0.7966436414,0,0,0,0,-0.9101232,-0.08961022644,0,0,0,0,0,0,0,0,0,0,0,0,0,0,0,0,0,0,0,0,0,0.1397767466,0,0,0,1.359823393,0,0,0,0,0,0,0,0,0,0,1.359823393,0,0,0,0.1397767466,0,0,-0.9681265527,0,0,0,-0.03160687369,0,0,0,0,0,0,0,0,0,0,-0.1212171001,0,0,0,-0.8785163263,0,0,0,0,0,0,0,0,0,0
1,2,2,4,4,1500,500,v1,0,0,0,0,0,0,0,0,0,0,0,0,0,0,0,0,0,0,0,0,0,0,0,0,0.0004469527447,0,0,0.0008305753385,0,0,0,0,0,0,0,0,0.1337705321,0,0,0.2485866935,0,0,0,0,0,0,0,0,0.2156399865,0,0,0.4007252599,0,0,0,0,0,0,0,0,0,0,0,0,0,0,0,0.1273752698,0,0,0,0.236702334,0,0,0,0,0,0,0,0,0,0,0.236702334,0,0,0,0.1273752698,0,0,0,-0.2439306051,0.001212202608,0,0,0,0,0,0,0,0,0,0,0,0,0,-0.6055240463,0.3628056438,0,0,0,0,0,0,0,0,0,0,0,0,0,0.3640178464,-0.6067362489,0,0,0,0,0,0,0,0,0,0,0,0,0
1,2,2,4,3,1500,500,v1,0.001716262213,0.05401092321,0,0.0008694958511,0.02898415443,0,0.02440197101,0.001194374775,0,0,0,0,0,0,0,0,0.05675403318,0,0,0.002338711857,0,0,0,0,0,0,0,0,0.1858631209,0,0,0.08397239335,0,0,0,0,0,0,0,0,0.003641824797,0,0,0.001845027833,0,0,0,0,0,0,0,0,0.008558491811,0.2693364921,0,0.004335918524,0.1445354017,0,0.1216854088,0.005955993588,-0.8772368033,0.002453537195,-0.07825024088,0,-0.03011592932,0,0,0,0,0,0,0,0,0,0,-0.1806048182,0,0,0,-0.05897016946,0,0,0,0.005011026592,0.7630625358,0,0,0.00253869531,0.3447494154,0,-0.469265225,0,0,0,-0.2692760758,0,0,0,0.00253869531,0.3451400028,0,0,0.005011026592,0.01422247865,0,-0.01023943422,0,0,0,0.005206286282,0,0,0,0.3447494154,0.01422247865,0,0,0.7630625358,0.3451400028,0,-0.428952592,0,0,0,-0.01269297141,-0.3910149841,-0.1504888888,0,0,0,0,0,0,0,0
1,2,2,4,4,1500,500,v1,0,0.001544365965,0,0,6.936609097e-05,0,0.001195606553,0.005030843169,0.01853267931,0,0,0.04129566993,0.02080033314,0.003902895834,0.02881571812,0.001279839059,0.0008113506845,0,0.01097960015,0.05884399701,0.2167702091,0.04466205681,0,0.4830208766,0.0001942650903,2.203414824e-05,0.0001626817194,0.0002044711028,0.000101981387,0,6.198631673e-05,7.895124427e-05,0.001223795644,0.0002521436447,0,0.002726937651,0.004758670309,0.002876540214,0.00398501175,0.005008674302,0,0,0.0001769927672,0,0,0.006176449271,0,0,0.005945183478,0.003593768478,0.0006743211241,0.006257522749,0,0.003120983066,0.0002211236347,0,0.0001401807603,0.001896995623,0.002416181066,0.0101667459,-0.759022979,0,-0.002734318071,0,-0.00329117999,0,-0.05970424617,0.009325898874,0.02872420891,0.004907712621,0.04943149321,0.009815846864,0.001767393064,0.01380634394,0.07661485821,-0.07075938329,-0.01970875321,-0.01155418744,-0.07347655316,-0.05794513962,0,-0.6997794497,0.009815846864,0,0.007071409796,0,0.009325898874,0,0.005474485301,0,-0.8764393354,-2.8100236e-05,-5.521524719e-05,-0.000413964884,-0.0001791126837,0,-0.003942538215,0.001767393064,0,0.00108048675,0,0.02872420891,0,0.07836335177,0,-0.1042830569,-0.0007212673465,-0.00197509229,-0.01014038291,0,0,0,0.01380634394,0.005474485301,0.07836335177,0.3547231476,0.004907712621,0.007071409796,0.00108048675,0.7904162036,-0.09819236613,-0.01201179624,0.001356110849,-0.0008666350206,0,-0.00545049931,0.008273760596,0.07661485821,0,0,0.7904162036,0.04943149321,0,0,0.3547231476
1,2,2,4,1,1500,500,v1,0,0,0,0,0,0,0,0,0,0,0,0,0,0,0.2817361603,0,0,0,0,0,0,0.03826643686,0,0,0,0,0.182441064,0,0,0,0,0,0,0.02477981332,0,0,0,0,0.4162411311,0,0,0,0,0,0,0.05653539449,0,0,0,0,0,0,0,0,0,0,0,0,0,0,0,0,0,0,0,0,0,0,0,0,-0.0460549866,0,0,0,-0.00625535691,-0.2687659152,0,0,0.3036394775,0,0,0,0,0,0,0,0,0,0,0,-0.1617512248,0,0,0.1966247872,0,0,0,0,0,0,0,0,0,0,0,0.5002642647,0,0,-0.4653907023,0,0,0,0,0,0,0,0,0,0,0,0,0,0,0,0,0,0,-0.00625535691,0,0,0,-0.0460549866,0,0,0
1,2,2,4,4,1500,500,v1,0,0,0,0,0.003777010963,0,0,0.122239281,0.02903812621,0,0,0.02078833336,0,0,0,0,0.000905796545,0,0,0.02931522293,0.006963875576,0,0,0.004985423849,0,0,0,0,0,0,0,0,0.4141815826,0,0,0.2965117221,0,0,0,0,0,0,0,0,0,0,0,0,0,0,0,0,0,0,0,0,0.002136841187,0,0,0.06915678371,-0.6262822365,0,0,0,-0.1240476392,0,-0.04972310361,0,0,0,0,0,0,0,0,-0.816804156,0,0,0,0.02867568949,0,-0.01192451277,0,0,0,0,0,0,0,0,-0.06164761638,0,0,0,0,0,-0.7106814874,0,0,0.001246426712,0,0,0,0.04033938651,0,0,0,0,0,0,0,0,0,0,0.04033938651,0.6751530267,0,0,0.001246426712,0.483340629,-0.09537194973,0,0,0,0,0,0.06764807425,0,0,0,0.483340629,0,0,0,0.6751530267
1,2,2,4,3,1500,500,v1,0.006872267388,0,0.03386601041,0.1253158555,0.08672891954,0.02689740352,0,0.09723103375,0,0.1481086378,0.05733324998,0,0.0007314078821,0.0001039293106,1.12746115e-05,0.0001083734134,0.0004940351987,0.0001532160687,4.020468101e-05,0.0005538585437,0,6.606692987e-05,0.000326588221,0,0.03697098614,0.01648837081,0.001788715561,0.0002620788186,0,0.03060537415,0.006378467103,0,0,0.01048150932,0.1338486648,0,0.00667822853,0.02096040054,0.0003231033992,4.734042628e-05,0.001121847815,0.005528380608,0.003105722822,0.02045690463,0.00439080607,0.001893320193,0.02417766106,0.009359237289,0.006188881769,0.01942452855,0.002760125931,4.387155962e-05,0.001039644489,0,0.002878151184,0.01895792628,0.01312045038,0.001067744815,0,0.01470922225,0.1003981699,-0.1319178066,0,-0.1791238102,-0.1839568944,-0.08405840742,0,0.07437682456,0.06112198016,0.02901931639,0.003171321595,0.0005272402051,0.009056505119,0.01122601845,0.01858329943,-0.3963813061,-0.0008380393213,-0.0001438350118,-7.643201659e-05,-0.001045720077,-0.0004741618641,0,0.0005272402051,0.01348471095,0,-0.001423911767,0.07437682456,0.2458938211,0,-0.006227297468,-0.1699375964,-0.0371569255,-0.02286645769,-0.01224513302,0,0.1560375717,0,0.009056505119,0.2458938211,0.1504705833,0.0469731618,0.06112198016,0.01348471095,0.168691256,0.1001257993,-0.3380329315,-0.006619660584,-0.0236896898,-0.002181515647,-0.02123881235,0.02818704471,-0.01353340481,0.01122601845,0,0.168691256,0,0.02901931639,0,0.1504705833,0,-0.4294738414,-0.006159457096,-0.02225792773,-0.003819930522,-0.01976240237,0,-0.02777194502,0.01858329943,-0.006227297468,0.1001257993,0,0.003171321595,-0.001423911767,0.0469731618,0
1,2,2,4,3,1500,500,v1,0,0,0,0,0.0004089079277,0,0,0.006133920647,0,0,0,0,0,0.08996243582,0,0,0.0008405367057,0,0.2557171906,0.01260867081,0,0,0,0,0,0.05067807823,0,0,0,0,0.1440518553,0,0,0,0,0,0,0,0,0,0,0,0,0,0,0,0,0,0,0,0.1101202116,0,0,0,0,0,0.001028874764,0.3130154369,0,0.01543388066,-0.02988378919,0,0,0,-0.006529256663,0,0,0,0,0.3757005019,0,0,0,1.06792503,0,-0.6404454134,0,-0.3449633347,0,-0.01342131881,0,0,0,0,0,0,0,0,0,0,-0.7680910195,0,-0.1943260016,0,0,0,0,0,0,0.00341356345,0,0,0,0.05120600533,0,0,0,0,0,0,0,0,1.06792503,0,0.05120600533,0,0.3757005019,0,0.00341356345,0,-0.5592399118,0,0,-0.4231276847,0,0,-0.01646247038,0,0,0,0,0,0,0,0
1,2,2,4,3,1500,500,v1,0,0,0,0,0,0,0,0,0,0,0,0,0,0,0.01527049636,0,0,0,0,0,0,0.0078715422,0,0,0,0,0.5513237714,0,0,0,0,0,0,0.2841930105,0,0,0,0,0.09326533451,0,0,0,0,0,0,0.04807584503,0,0,0,0,0,0,0,0,0,0,0,0,0,0,0,0,0,0,0,0,0,0,0,0,0.659587452,0,0,0,0.3400001114,-0.6883503961,0,0,0.02195868715,0,0,0,0,0,0,0,0,0,0,0,0.1560724877,0,0,-0.8224641966,0,0,0,0,0,0,0,0,0,0,0,-0.8005055094,0,0,0.1341138005,0,0,0,0,0,0,0,0,0,0,0,0,0,0,0,0,0,0,0.3400001114,0,0,0,0.659587452,0,0,0
1,2,2,4,3,1500,500,v1,0.1615106836,0,0,0.1875352958,0,0,0,0,0,0,0,0,0,0,0,0,0,0,0,0,0,0,0,0,0,0,0,0,0,0,0,0,0,0,0,0,0,0,0,0,0.2410891601,0,0,0.2799364471,0,0,0,0,0,0,0,0,0.06012052313,0,0,0.06980789031,0,0,0,0,-0.3896013955,0.3311977368,0,0,0,0,0,0,0,0,0,0,0,0,0,0,0,0,0,0,0,0,0,0.04053684354,0,0,0,0.04706864444,0,0,0,0,0,0,0,0,0,0,0.04706864444,0,0,0,0.04053684354,0,0,0.4544823548,0,0,0,-0.5128860135,0,0,0,0,0,0,0,0,0,0,-0.1816882766,0,0,0,0.123284618,0,0,0,0,0,0,0,0,0,0
1,2,2,4,4,1500,500,v1,0,0,0.3501133323,0,0,0,0,0,0,0.1193242718,0,0,0,0,0.005857305165,0,0,0,0,0,0,0.01213961541,0,0,0.02146020743,0,0.01330516714,0.01496032388,0,0.1143047881,0,0,0,0.02757575497,0.03895691579,0,0.01308179273,0,0.008110613062,0.009119569638,0,0.06967833608,0,0,0,0.01680973085,0.02374750101,0,0.08334993198,0,0,0.05810484273,0,0,0,0,0,0,0,0,-0.2461758332,0,0,-0.4694297958,0,0,0,0.07390815781,0,0,0.04086583441,0.05152280012,0,0,0.08469688857,-0.0657488927,0,0,-0.01795958929,0,0,0,0.05152280012,0,0,0.8005634902,0.07390815781,0,0,0.2728449532,-0.7236689118,0.03455819378,0,-0.04088024046,0,-0.1529437911,0,0,0,0,0,0,0,0,0,-0.785900167,0.02106611176,0,-0.02486865224,0,-0.09323204212,0,0,0,0,0,0,0,0,0,0.05562430554,-0.1392449442,0,0,0,0,0,0.08469688857,0.2728449532,0,0,0.04086583441,0.8005634902,0,0
1,2,2,4,4,1500,500,v1,0,0,0,0,0,0.008966945184,0,0,0,0,0.04031744163,0,0.002809067742,0,0.02434719635,0.0004751020315,0,0.0009369153695,0,0,0,0.01017767319,0.004212586332,0,0,0,0.009174116464,0,0,0,0,0,0,0.003834986083,0,0,0,0.05770047182,0.5001106581,0,0,0,0.009758971268,0,0.01924498227,0.2090574522,0,0.08652985306,0,0.01055961644,0,0,0,0,0.001785964484,0,0,0,0,0,-0.1109118953,0,0,0,0,-0.04918215587,0,0,0.06617096858,0,0.800331182,0,0.01119159967,0,0.3345563528,-0.9317849487,0.003116236127,0,-0.03445325396,0,-0.005138819993,0,0,0,0,0,0,0,0,0,-0.7436095723,0,0,-0.01298211752,0,0,0,0.01119159967,0,0,0.04369196771,0.06617096858,0,0,0.196449109,-0.08692581265,0,-0.06640558019,-0.7091563184,0,0,-0.1057730753,0,0,0,0,0,0,0,0,-0.06328934407,0,0.01171429857,0,0,0,0,0.3345563528,0,0.196449109,0,0.800331182,0,0.04369196771,0
1,2,2,4,4,1500,500,v1,0,8.564719844e-05,0,0,0.0003101128142,0,0.0003332508142,8.799116362e-05,0.02572014567,0,0,0.06957469166,2.046982747e-05,0.00142959121,0.001509141995,2.87943566e-06,2.201257661e-05,0,0.002576767093,6.245831005e-06,0.001825679724,0.0003762307015,0,0.004938584153,0.0001697004972,0.08574836631,0.0905199051,1.497001215e-05,0.000364651761,0,0.1545571679,0.001418849635,0.109506167,0.02256670844,0,0.2962214094,1.960983034e-06,1.418792516e-05,0.001046007531,1.729867639e-07,0,0,1.995777333e-06,0,0,0.000260770788,0,0,8.905731073e-05,0.0006443393126,0.04499997954,7.856129157e-06,0,0.0001913659991,9.06374808e-05,0,0.0006929012226,0.08111022625,0.0007445996618,0.0001966032426,-0.4160757314,0,-0.0004139718356,0,-0.0003972703349,0,-0.09509716546,0.0003884282443,0.001003071584,0.0605300415,0.1396023739,3.426493253e-05,0.0001410995319,0.109102391,0.03480302002,-0.7341089319,-2.329955743e-05,0.003801496068,-0.001881461833,-2.792609303e-05,0,-0.006750232637,3.426493253e-05,0,0.0009553668796,0,0.0003884282443,0,0.003717305112,0,0.01699745206,-0.0001842928264,-0.2365514313,-0.1130847332,-0.001779853901,0,-0.40572083,0.0001410995319,0,0.001519930507,0,0.001003071584,0,0.0004312637999,0,-0.1159926688,-2.108874637e-06,-1.599347278e-05,-0.001304067644,0,0,0,0.109102391,0.003717305112,0.0004312637999,0.205489549,0.0605300415,0.0009553668796,0.001519930507,0.5558627932,-0.2355946521,-9.539375017e-05,-0.0007234877139,0.1196616469,0,-0.000921288925,-0.000875599777,0.03480302002,0,0,0.5558627932,0.1396023739,0,0,0.205489549
1,2,2,4,3,1500,500,v1,0.007753633366,0.02461681407,0.003910967134,0.003226550375,0.0004988397515,0.0001134183804,0.001526167872,0.001923767368,0.002558183609,0.02529718809,0.0002929647095,0.01877175369,0,0.002313710981,0,0,0.002090583272,0.000475324126,5.864185806e-05,0.008062300301,0.01072106993,0,0.001227783309,0.07867038291,0.0038572675,0.001658703053,0,0.008411945702,0.07396015263,0.01175033151,4.204044058e-05,0.004585305329,0.007685951953,0,0.07600430693,0.05639892166,0.002404040381,0,0,0.005242741694,0.01451888331,0.007323389275,0,0.006041800813,0.0002123789136,0,0.04736965299,0.0005485841579,0.01388188942,0,0.005969493267,0.03027368469,0.08383783162,0.2661746069,0,0.03488777122,0.005393812309,0.0001512990083,0.01650201899,0.02080114922,-0.6869062063,-0.007120964219,-0.02608875307,0.00802336559,-0.00241758186,-0.0004022849828,-0.02128569221,0.0211109007,0,0.01490035186,0,0.04603874386,0,0.0003776549159,0,-0.1228190883,0,-0.002367431872,0,-0.01013182333,-0.001699647344,-0.08938979006,0.04603874386,0.1121862712,0.5468140014,0.005406594143,0.0211109007,0.04668452043,0.03390081099,0.03497131282,-0.4054151452,-0.008013449974,-0.00169721561,0,-0.07838252965,-0.08618072236,-0.06395206761,0,0.04668452043,0.01196666137,0.001193522323,0,0.1121862712,0.04614923507,0.003082921055,-0.2458030622,0.001350505972,0,0,0.01351297638,0.05123875213,-0.000749029925,0.0003776549159,0.03390081099,0.04614923507,0.03141566595,0.01490035186,0.5468140014,0.01196666137,0.2305256589,-0.1213562672,-0.03810348571,0,-0.006120690372,-0.1123058732,-0.2826719256,-0.02619452577,0,0.03497131282,0.003082921055,0.2305256589,0,0.005406594143,0.001193522323,0.03141566595
1,2,2,4,2,1500,500,v1,0.00324167198,0.01074471811,0,0.02180085578,0,0,0.009807693784,0,0,0,0,0,0,0,0,0,0,0,0,0,0,0,0,0,0,0,0,0,0.3596030066,0,0,0.3282427828,0,0,0,0,0,0,0,0,0.01275104535,0,0,0.08575318614,0,0,0,0,0,0,0,0,0.01194824068,0.03960316737,0,0.08035417323,0,0,0.03614945823,0,-0.7958346036,-0.02499058157,0.01950147917,0,0,0,0,0,0,0,0,0,0,0,0,0,0,0,0,0,0,0,0,0.04186383565,0.4593177667,0,0,0.2815423288,0.4192616278,0,0.09138054905,0,0,0,-0.6771001454,0,0,0,0.2815423288,0,0,0,0.04186383565,0,0,-0.1171017515,0,0,0,-0.09850235809,0,0,0,0.4192616278,0,0,0,0.4593177667,0,0,-0.7810916059,0,0,0,-0.09211116995,0.07187906987,0,0,0,0,0,0,0,0,0
1,2,2,4,3,1500,500,v1,0,0,0,0,0,0.03824773953,0,0,0,0,0.03663642639,0,0.000186292146,0.003225813003,0.0006457693855,0.0001441098238,0,0.0009691031112,0.004078340462,0,0,0.000360479545,0.0009282764218,0,0.0001854251082,0.0005620909323,0.0001125239174,0.0007632418923,0,0,0.0007106419964,0,0,6.281278032e-05,0,0,0.0005074020231,8.882712173e-05,0.0003079133343,0.002088554694,0,0,6.871390521e-05,0,0.0004620841076,0.0001718825035,0,0.0004426172788,0.07388154589,0.01293389615,0.2239618324,0.3041092516,0,0,0.01000526074,0,0,0.2831511318,0,0,-0.0009874374046,0,0,0,0,-0.07482276375,0,0.1081572714,0.01954029817,0.3416072325,0.001588101315,0.44519408,0.01511576836,0.4318882084,0.0008865054706,-0.605782057,-0.0003226812284,-0.007289002323,-0.001004191039,0,-0.001829678983,0,0.44519408,0,0,0,0.1081572714,0,0,0,-0.8856284917,0.0008575933604,-0.001270092875,-0.0001732747516,0,0,0,0.01511576836,0,0,0.05808108013,0.01954029817,0,0,0.0556342216,-0.4724094463,0.002463214348,0.000111378203,-0.0004722720664,0,0,0.0008422415781,0.4318882084,0,0,0,0.3416072325,0,0,0,-0.005449590515,-0.3722217086,-0.02289274133,-0.507104532,0,0,0,0.0008865054706,0,0.0556342216,0,0.001588101315,0,0.05808108013,0
1,2,2,4,2,1500,500,v1,0,0,0.1132964917,0,0,0,0,0,0,0.09320916335,0,0,0,0,0,0,0,0,0,0,0,0,0,0,0,0,0,0,0,0.1416014774,0,0,0,0,0.1164957099,0,0,0,0,0,0,0.2937382979,0,0,0,0,0.2416588597,0,0,0,0,0,0,0,0,0,0,0,0,0,-0.2821335109,0,0,0.1959461374,0,0,0,0,0,0,0,0,0,0,0,0,0,0,0,0,0,0,0,0,0,0.07092827826,0,0,0,0.05835278192,-0.331086942,0,0,0,0,0.2448995685,0,0,0,0,0,0,0,0,0,0.440845706,0,0,0,0,-0.5270330794,0,0,0,0,0,0,0,0,0,0,0,0,0,0,0,0,0,0.05835278192,0,0,0,0.07092827826,0,0
1,2,2,4,2,1500,500,v1,0,0.02468796977,0.02358488153,0,0,0,0.01760047708,0,0.1841925471,0.02289906669,0,0.01629603372,0,0,0,0,0,0,0,0,0.4868166817,0,0,0.04307004373,0,0,0,0,0.00334292759,0.003193561558,0,0.002383230415,0.02494098759,0,0.003100697325,0.002206599459,0,0,0,0,0,0.07090806698,0,0,0,0,0.06884616114,0,0,0,0,0,0,0.001126771727,0,0,0,0,0.0008032948898,0,-0.6490558445,0,-0.04220197015,-0.04593730532,0,0,0.1902367388,0,0,0,0,0,0,0,0,0.2159961537,0,0,0,0,0,-0.5216087358,0,0,0.04356185255,0.1458205552,0,0,0.03105599183,0.141580299,-0.5608870839,0,0,0,-0.00563589011,-0.006194821924,0.02575941482,0,0,0,0,0,0,0,0,-0.05213212724,0,0,0,0,-0.1394684422,0,0,0.03105599183,0,0.4211578512,0,0.04356185255,0,0.03726102196,-0.04783786026,0,0,0,0,-0.001907369326,0,0,0.141580299,0,0.03726102196,0,0.1458205552,0,0.4211578512
1,2,2,4,0,1500,500,v1,0,0,0,0,0,0,0,0,0,0,0,0,0,0.001238815588,0,0,0,0,0.008002995707,0,0,0,0,0,0,0.08874168067,0,0,0,0,0.5732889513,0,0,0,0,0,0,0,0,0,0,0,0,0,0,0,0,0,0,0,0.0440641784,0,0,0,0,0,0,0.2846633784,0,0,0,0,0,0,0,0,0,0,0,0.2009238391,0,0,0,1.298008036,0,-0.9900652756,0,-0.009222640833,0,0,0,0,0,0,0,0,0,0,0,0,-0.3372683308,0,-0.6620195857,0,0,0,0,0,0,0,0,0,0,0,0,0,0,0,0,0,0,0,1.298008036,0,0,0,0.2009238391,0,0,0,-0.6712422265,0,0,-0.32804569,0,0,0,0,0,0,0,0,0,0,0
1,2,2,4,2,1500,500,v1,0,0,0.04071192234,0,0,0,0,0,0,0.01677189606,0,0,0,0,0.09431235627,0,0,0,0,0,0,0.4480584604,0,0,0.003435652554,0,0.04260174112,0.01010436581,0,0.08767387152,0,0,0,0.2023920437,0.0361185858,0,6.036305281e-05,0,0.0007484956957,0.0001775296999,0,0.001540395151,0,0,0,0.00355594794,0.000634589228,0,0.002816973397,0,0,0.008284810301,0,0,0,0,0,0,0,0,-0.1217244991,0,0,0.003255974948,0,0,0,0.009378998462,0,0,0.07980299326,0.02758393889,0,0,0.3791274432,0.1871283237,0,0,-0.493081948,0,0,0,0.02758393889,0,0,0.125854938,0.009378998462,0,0,0.0518478482,-0.5014385433,-0.01332817433,0,0.1875599507,0,-0.1218573398,0,0,0,0,0,0,0,0,0,-0.4485302251,-0.0002350951889,0,-0.0004316270687,0,0.0001328406924,0,0,0,0,0,0,0,0,0,-0.01356326952,-0.01107868872,0,0,0,0,0,0.3791274432,0.0518478482,0,0,0.07980299326,0.125854938,0,0
1,2,2,4,2,1500,500,v1,0,0,0,0,0,0.1272656708,0,0,0,0,0.6345889333,0,0,0,0,0,0,0.03728154615,0,0,0,0,0.1858981801,0,0,0,0,0,0,0,0,0,0,0,0,0,0,0,0,0,0,0,0,0,0.002499973042,0,0,0.01246569649,0,0,0,0,0,0,0,0,0,0,0,0,-0.2376514083,0,0,0,0,-0.7618419297,0,0,0,0,0,0,0,0,0,-0.7767765556,0,0,0,0,-0.2227167823,0,0,0,0,0,0,0,0,0,0,0,0,0,0,0,0,0,0,0,0.2504438315,0,0,0,1.248796175,-0.984558712,0,0,0,0,0,-0.01493462596,0,0,0,0,0,0,0,0,0,0,0,0,0,0,0,0,0,1.248796175,0,0,0,0.2504438315,0
1,2,2,4,2,1500,500,v1,0,0,0,0,0,0,0,0,0.1265892534,0,0,0.06303441125,0,0.004349511948,0.005023043651,0,0,0,0.02434103409,0,0.007772184291,0.003366514101,0,0.003870115732,0,0.06343962158,0.0732633896,0,0,0,0.3550251178,0,0.1133608635,0.04910214827,0,0.05644740845,0,0,0.02887232257,0,0,0,0,0,0,0.01935063436,0,0,0,0,0.0004233341521,0,0,0,0,0,0,0.002369091326,0,0,0.09234761264,0,0,0,0,0,-0.1092621607,0,0,0.1008091523,0.1486776075,0,0,0.5641541898,0.09964579651,-0.5992510182,0,-0.0286299787,-0.006620943022,0,0,0.008729561105,0,0,0,0,0,0,0,0,-0.1770183742,0,-0.411919329,-0.1204527271,0,0,0.08361805153,0,0,0,0,0,0,0,0,-0.1270736702,0,0,-0.03847526587,0,0,0,0.5641541898,0,0,0.01693776481,0.1008091523,0,0,0.008434057312,-0.4405493077,0,0,-0.002759586978,0,0,0,0.09964579651,0,0,0.008434057312,0.1486776075,0,0,0.01693776481
1,2,2,4,2,1500,500,v1,0.003895767675,0.01806147344,6.524983385e-05,0.008597147147,0.008384192338,0.005674605224,0.004362257647,0.0414857324,0,0.00497198875,0.001748142998,0,0.0006418969483,0,0,8.883224288e-05,0.003729536888,0.002524232348,0,0.01845408157,0,0,0.000777625743,0,0.4535881528,0,0,0.04575530353,0.1415982188,0.0005115452112,0,0.03419919834,0,0,0.03897936416,0,0.02165450748,0.0005400859225,0,0.002184379279,0.001458089795,2.442140416e-05,7.474259532e-05,0.003217700225,0.002123864835,0,0.001860892811,0.0006542868258,0.04937442732,0.001231449533,0,0.004980601664,0.00332458952,0.01541338969,0.0001704205392,0.007336676028,0.007154943597,0,0.003722685044,0.03540329986,-0.3186780468,-0.01249266061,-0.02237631716,-0.005026687757,-0.04986862946,-0.007422624731,0,0.5686577999,0.003616440117,0,0,0.05736285236,0.0005004798558,0,0,-0.1045494048,-0.0007292134578,0,0,-0.02213760257,-0.003295009011,0,0.05736285236,0.01300268227,0.2589605381,0.0008891928142,0.5686577999,0.02869423059,0.06254494168,0.06775593953,0.02601807523,-0.4915426279,0,0,-0.1730493664,-0.0388735905,0,0.0005004798558,0.02869423059,0.02886893293,0.01546944962,0.003616440117,0.01300268227,0.1428459578,0.004765584331,-0.5198478272,0.02261990252,-0.0006135531767,0,-0.004666090941,-0.001863143302,-0.00277238889,0,0.06254494168,0.1428459578,0,0,0.2589605381,0.02886893293,0,-0.7548561592,0.05157562388,-0.001401846681,0,-0.01063919036,-0.01891130296,-0.04247036182,0,0.06775593953,0.004765584331,0,0,0.0008891928142,0.01546944962,0
1,2,2,4,4,1500,500,v1,0.00461682247,0.01415582819,0.01615365564,0.003322324379,0,0,0.008346675477,0,0,0.01194939419,0,0,0,0.2032409838,0.02142945717,0,0,0,0.3772049187,0,0,0.005634318899,0,0,0.01762741526,0.04725978247,0.004983008177,0.01046502607,0.03212927072,0.0366637097,0.0877117502,0.01894432403,0,0.001310152512,0.0271213606,0,0.001938374247,0,0.0005479495764,0.001150772064,0.001152279288,0.004031673938,0,0.0008291948837,0,0.0001440691022,0.002982362767,0,0.002805810869,0,0.007522487522,0.001665750961,0.001667932679,0.005114116601,0,0.001200265646,0,0.01396135386,0.00301542736,0,-0.1345547139,-0.007923527601,-0.02223787886,-0.02804475592,0,0,0,0.03340282768,0,0.2221273505,0.04042287844,0.01983055697,0,0.4122570538,0.01062814546,0.1414844518,0,-0.5713780778,-0.02706332606,0,0,0,0.01983055697,0.01109909613,0.07662973746,0.08520983681,0.03340282768,0.007987051246,0.04518305273,0.06303254003,-0.6514842558,-0.02803499415,0.128069861,-0.006280106668,-0.05096914962,-0.06378400794,0,0,0.007987051246,0,0,0,0.01109909613,0,0,-0.1683550356,-0.003052818419,0,-0.0006905832112,-0.001977363963,-0.006999487357,0,0.4122570538,0.04518305273,0,0,0.2221273505,0.07662973746,0,0,-0.5575039495,-0.004401110534,0,0.02038528069,-0.002823206688,-0.008001498315,0,0.01062814546,0.06303254003,0,0,0.04042287844,0.08520983681,0,0
1,2,2,4,2,1500,500,v1,0,0.0005062822774,0.0002043932073,0,0,0,9.719700943e-05,0,0,0.0001874521088,0,0,0.004732441148,0.1779585662,0.1189323934,0.01819622459,0,0,0.006926810236,0,0,0.010741123,0,0,0.007551459563,0.08976496866,0.05999128218,0.001870683906,0.05624053264,0.02270508639,0.003493986926,0.01079716163,0,0.005417983468,0.02082317891,0,6.197528032e-06,1.959118953e-06,4.923520413e-05,1.535281471e-06,0,1.863420021e-05,7.53280756e-06,0,0,4.44657144e-06,1.708970749e-05,0,0.0159437507,0.005040026282,0.1895249878,0.003949662655,0,0.1187432739,0.01937888867,0,0,0.007377018445,0.02279655369,0,-0.250120729,0,-0.000596382462,-0.0003910513519,0,0,0,0.03502546534,0.01464677521,-0.101205259,0.266682555,0.008676677526,0.05631684472,-0.003939285644,0.02408486285,-0.1941886316,-0.02288119019,0.1754204729,-0.1294083132,0,0,0,0.008676677526,0,0.2615390578,0.03385943576,0.03502546534,0,0.05021074885,0.03105300181,-0.3099890519,-0.009274391254,0.08849022633,-0.06438358154,-0.06598645127,-0.04284825722,0,0.05631684472,0,0,0,0.01464677521,0,0,0,-0.3134579311,-7.641872838e-06,-9.472237232e-06,-5.305048604e-05,0,-3.564980492e-05,0,-0.003939285644,0.05021074885,0,0,-0.101205259,0.2615390578,0,0,0.16515517,-0.01985272878,-0.02441841753,-0.1938143362,0,-0.1412503707,0,0.02408486285,0.03105300181,0,0,0.266682555,0.03385943576,0,0
1,2,2,4,0,1500,500,v1,0,0.5641367173,0,0,0.0335450897,0,0.1325173018,0.2083543586,0,0,0,0,0,0,0,0,0.0003171971794,0,0,0.001970166587,0,0,0,0,0,0,0,0,0.04569055287,0,0,0.01073283939,0,0,0,0,0,0,0,0,0,0,0,0,0,0,0,0,0,0,0,0,0,0.00164439438,0,0,9.778012192e-05,0,0.0003862728656,0.0006073292626,0.05248575168,0,-0.6857707714,0,-0.2381181041,0,0,0,0,0,0,0,0,0,0,-0.2388149219,0,0,0,-0.002282483904,0,0,0,0,0.7656137528,0,0,0,0.1798448242,0,-0.6838439409,0,0,0,0.0535382229,0,0,0,0,0.05015081767,0,0,0,0.3114952911,0,0,0,0,0,0,0,0,0,0.1798448242,0.3114952911,0,0,0.7656137528,0.05015081767,0,-0.8726331365,0,0,0,0,0.001926830545,-0.0006968178648,0,0,0,0,0,0,0,0
1,2,2,4,1,1500,500,v1,0,0.0002893252811,0,0,0,0,0.003196978476,0,0.002244690182,0,0,0.001849093296,0,0,0,0,0,0,0,0,0.06847084693,0,0,0.05640376789,0,0,0,0,0.006891890742,0,0,0.07615382338,0.05346978122,0,0,0.04404644114,0,0,0,0,0,0,0,0,0,0,0,0,0,0,0,0,0,0.05701214468,0,0,0,0,0.6299712168,0,-0.8002392693,0,-0.003479072051,0,0,0,0.00388445082,0,0,0,0,0,0,0,0,0.09641381862,0,0,0,0,0,-0.1229232478,0,0,0.09626627488,0,0,0,1.063720417,0,-0.8094898075,0,0,0,-0.08287345084,0,0.0925293678,0,0,0,0,0,0,0,0,0,0,0,0,0,0,0,0,1.063720417,0,0.02180334733,0,0.09626627488,0,0.01796079641,-0.08635252289,0,0,0,0,-0.6869719384,0,0,0,0,0.01796079641,0,0,0,0.02180334733
1,2,2,4,2,1500,500,v1,0.03317685623,0.02785120548,0,0.01029679822,0.009952918102,0.009241603307,0.01574986268,0.06224976842,0.01755140933,0,0.003149454357,0.0117226219,0.001274262146,0.001651374371,0,0.006646865585,0.005435259924,0.005046812962,0.02913829134,0.03399441934,0.009584774113,0,0.001719907958,0.006401690072,0,0.007265101469,0,0,0.06691292713,0,0.128191794,0.03783927467,0.04216751676,0,0,0.02816376998,0,0.005502235708,0,0,0.07823219707,0,0.0287010183,0.02428021335,0.02179202653,0,0,0.007426524448,0,0.002247484517,0.002912617583,0,0.03195531071,0.0268257462,0.01172343347,0.00991767828,0.009586459556,0.05139276785,0.01516996524,0.05995778135,-0.4625426397,-0.04338347698,0.01504631624,0,-0.07220036826,-0.01236535478,-0.0292129706,0,0.01352487833,0.01340903847,0,0,0.07054910138,0.2366007484,0,-0.4845168481,-0.007904696787,-0.01192997142,0,-0.03934788996,-0.006752684584,-0.01579847196,0,0.2148419348,0.0703770051,0,0,0.06667853227,0.03979819145,0,-0.04868060074,0,-0.1333394423,0,-0.1031147218,0,-0.06923118694,0.07054910138,0.06667853227,0.03741496824,0.05407566256,0.01352487833,0.2148419348,0.2340090087,0.01842849377,-0.1261342826,0,-0.03420268509,0,-0.1025107028,0,-0.02921806486,0.2366007484,0.03979819145,0.2340090087,0.1027421898,0.01340903847,0.0703770051,0.03741496824,0.0686217545,-0.5328876392,0,-0.01394193793,-0.02140377755,-0.04178613158,0.01461827455,-0.06940105976,0,0,0.01842849377,0.0686217545,0,0,0.05407566256,0.1027421898
1,2,2,4,0,1500,500,v1,5.14852142e-05,0.03565557145,0.04084600885,0.0006193881547,0.002539358903,0.02341764272,0.01191185485,0.001132560634,0,0.01908211873,0.03606431313,0,0,0,0,0,0.01472690869,0.1358096666,0,0.006568239338,0,0,0.2091535173,0,5.599320747e-05,0,0,3.920676211e-06,0.006737703897,0.00771852201,0,0.002250939968,0,0,0.003605878703,0,0.0003653810289,0,0,2.55841873e-05,6.348596014e-05,0.05036685056,0,0.0007637620297,0.02887608714,0,0.02352999105,0.04447058406,0.001665673071,0,0,0.0001166313751,0.0002894152839,0.2004316675,0,0.00348178407,0.01427456968,0,0.06696044499,0.006366494974,-0.659557362,-0.0006603089647,0.01959522245,-0.05898836384,-0.003614047649,0.0534835306,0,0.00312921832,0,0,0,0.0002191096452,0,0,0,-0.0178748818,0,0,0,-0.02125238037,-0.3409807917,0,0.0002191096452,0.0006033559282,0.2553870539,0.03808747371,0.00312921832,0.007258618243,0.08532000451,0.01779340701,-0.2636864979,-5.978960319e-05,0,0,-0.005800393744,0.002922503174,0,0,0.007258618243,0.04708877318,0.197662182,0,0.0006033559282,0.02100171454,0.304409411,-0.3498289826,-0.0003901542297,0,0,-0.0008175196791,0.01881194019,-0.04721713429,0,0.08532000451,0.02100171454,0,0,0.2553870539,0.04708877318,0,-0.01299937179,-0.00178227481,0,0,-0.00376348747,-0.2409328677,-0.02052723046,0,0.01779340701,0.304409411,0,0,0.03808747371,0.197662182,0
1,2,2,4,4,1500,500,v1,0,0,0,0,0,0,0,0,0.4220998483,0,0,0.1572354066,0,0,0,0,0,0,0,0,0.2814881773,0,0,0.1048564888,0,0,0,0,0,0,0,0,0.02500538331,0,0,0.009314695633,0,0,0,0,0,0,0,0,0,0,0,0,0,0,0,0,0,0,0,0,0,0,0,0,-0.4197925248,0,0,0,0,0,-0.5793250633,0,0,0,0,0,0,0,0,-0.6135739514,0,0,0,0,0,-0.3855436366,0,0,0,0,0,0,0,0,-0.9648686999,0,0,0,0,0,-0.03424888816,0,0,0,0,0,0,0,0,0,0,0,0,0,0,0,0,0,0,1.091925664,0,0,0,0.4067507176,0,0,0,0,0,0,0,0,0,0,0.4067507176,0,0,0,1.091925664
1,2,2,4,0,1500,500,v1,0.002806459265,0,0,0.0003740532297,0.006684096391,0.003011850409,0,0.009949108621,0,0,0.001715897261,0,0,0.2624859504,0.02800163184,0,0.03008786185,0.01355757513,0.1573320198,0.04478502226,0,0.007724089761,0.007723957991,0,0.003044633039,0.01909945157,0.002037502619,0.003468665713,0,0,0.01144806146,0,0,0.0005620334275,0,0,0.01349849907,0,0.009033347156,0.01537846443,0.004075423303,0,0,0.0005431845273,0.004373683772,0.002491797074,0,0.002491754565,0.02322516502,0,0.1456950341,0.02645978433,0.007012066916,0,0,0.0009345891137,0.01670052074,0.08732846066,0,0.02485830323,-0.07478687597,-0.003130632837,0,0,0.0157826781,-0.004653395661,0,0.05960039252,0,0.6404013503,0.05857357729,0.06790106687,0,0.3838515364,0.01615718569,-0.2333413476,0,-0.4198109688,-0.03572512743,-0.07370320442,-0.02123801316,0,0.06790106687,0.02068150482,0,0,0.05960039252,0.002756492327,0,0,-0.7780786598,-0.006499788094,-0.03048414776,-0.00259414378,0,0,0,0,0.002756492327,0.01114344301,0.03122487623,0,0.02068150482,0.01658673341,0.01778928974,-0.1314556244,-0.02881706602,0,-0.01150123745,-0.004564293948,0,-0.006784701834,0.3838515364,0,0.01658673341,0,0.6404013503,0,0.01114344301,0,-0.5512274238,-0.04968411881,0,-0.2325401413,-0.007930404644,0,0.03943374204,0.01615718569,0,0.01778928974,0,0.05857357729,0,0.03122487623,0
1,2,2,4,4,1500,500,v1,0.01927133786,0,0.02536070501,0.05637180052,0.001648998042,0.04566864715,0,0.0009766488666,0.001523376186,0.03299450826,0.01118158084,0.006564906829,0.004576099617,0,0.03711884624,0.002391492816,0.005084094909,0.1408029182,0,0.003011147013,0.004696784904,0.03601046316,0.03447440006,0.02024053912,0,0,0.04726773145,0,0,0.09956922402,0,0,0.005980960887,0.04585629875,0.1295404675,0.02577462568,0,0.001064348356,0.008633418473,0,0.01381954353,0.01818624994,0.0005562338368,0.04042441458,0.03274914601,0.008375621266,0.02366047684,0.008018350583,0,1.020332428e-05,0,0,0.0001324803888,0,5.332308898e-06,0.0003875267043,1.133600082e-05,0,0,6.713951179e-06,-0.4995966029,-0.0744613685,0,-0.05823416595,-0.002594769796,-0.05673230266,-0.008071505338,0,0.008442897971,0,0.139386354,0,0.004412301203,0,0.1352243223,-0.2515669131,-0.006953366195,0,-0.0729778757,-0.008078711852,-0.1752744033,-0.02488562875,0,0.008597512732,0,0.2145362896,0,0.02514913027,0,0.2791136672,-0.2229028566,0,0,-0.09312215091,0,-0.229105882,-0.03175501693,0.004412301203,0.02514913027,0.01007166451,0.3285835594,0.008442897971,0.008597512732,0.005965125248,0.08045089721,-0.7663833404,0,-0.001601524392,-0.01697375757,0.0514701896,-0.04175992333,-0.04068293181,0,0,0.005965125248,0.01828216782,0,0,0.01007166451,0.0787860587,-0.04221955114,0,-1.524219535e-05,0,0.0004934169064,0,-1.771152491e-05,0.1352243223,0.2791136672,0.08045089721,0.0787860587,0.139386354,0.2145362896,0.3285835594,0.01828216782
1,2,2,4,2,1500,500,v1,0.001496013055,0,0.0004839398295,4.320975827e-05,0.000181554721,0.01332505029,0,0.0003139305997,0.03213068659,0.000391297466,0.03732352702,0.08110091526,0.002056360129,0.001730356841,0,0.01275863246,9.358901371e-05,0.006868883978,0.0007693600243,0.0001618269965,0.01656293623,0,0.01923977555,0.04180642963,0.04796020167,0.005123708362,0,0.02192549021,0,0.000738681834,0.002278129167,0,0.04904401962,0,0.0005972732811,0.1237917798,0.09201536078,0.01168226988,0,0.0420657508,0.004381075804,0.001417218299,0.07248233694,0.0001265398225,0.03902242379,0,0.001145915041,0.1093019881,0.04093571032,0.005197197638,0.004373264372,0.0187141731,0.001949049034,0,0.03224587637,5.629492157e-05,0.0002365347364,0.001944462959,0,0.000408997856,-0.3593933583,-0.001536029975,0,-0.0008649446379,-0.0004944587642,-0.05054351655,-0.006984937582,0.06823779724,0.02838088037,0.01667657697,0,0.03119559767,0.1760884302,0.007414824178,0,-0.5122453139,-0.01478426157,-0.002470320575,0,-0.0002548861959,-0.02605450184,-0.003599172414,0.03119559767,0.0117283782,0,0.00392950111,0.06823779724,0.0003387539907,0,0.003177262413,-0.04260722054,-0.04646356774,-0.007286021893,0,0,-0.001315006211,-0.170135711,0.1760884302,0.0003387539907,0.000766655692,0.08876073081,0.02838088037,0.0117283782,0.001325642117,0.2486192129,-0.180175678,-0.02057810244,-0.08416320675,0,-0.004507540521,-0.0025578915,-0.1483219441,0.007414824178,0,0.001325642117,0.07692179339,0.01667657697,0,0.000766655692,0.1941579381,-0.1825383964,0.0007527402434,-0.0373654054,-0.006304591632,-0.002001184301,0,-0.0006455202458,0,0.003177262413,0.2486192129,0.1941579381,0,0.00392950111,0.08876073081,0.07692179339
1,2,2,4,3,1500,500,v1,0.0009762855306,0.03949018931,0.0170414953,0.0004542862073,0,0.03005808227,0.02666355297,0,0,0.02375111241,0.04078267799,0,0.002301055898,0,0,0.0004564031658,0,0.08887244541,0,0,0,0,0.1205817554,0,0.001104165655,0,0,0.0003101139617,0.1252403734,0.05404591047,0,0.08456159338,0,0,0.07532499185,0,0.0002345267526,0.0005242453669,0,6.586875802e-05,0.0006576429164,0.01147944768,0.0001039815005,0.0003060150918,0.02024764709,0,0.01599916248,0.02747192132,0.0009637266269,0.00215424984,0,0.0002706705111,0.002702412337,0.1093110278,0.0004272849032,0.001257489344,0,0,0.07380618909,0,-0.6616407865,-0.001413748453,-0.06601651833,-0.02313699686,0,0.03746546509,0,0.003438770837,0.00741874129,0,0,0.0009658069286,0.00147147075,0,0,0.07956994939,-0.002751829539,0,0,0,-0.2068872419,0,0.0009658069286,0.00646349888,0.4105959588,0.07878986793,0.003438770837,0.003007602069,0.2772322812,0.1098111977,-0.2596865509,-0.001411460015,0,0,-0.2097968273,-0.1163277507,0,0.00147147075,0.003007602069,0,0.07901128979,0.00741874129,0.00646349888,0,0.1072021812,-0.3222012543,-0.0002956690236,-0.0006183463361,0,-0.0009485151267,0.01373070377,0.04527946279,0,0.2772322812,0,0,0,0.4105959588,0,0,-0.2832529142,-0.001229256138,-0.002556632151,0,-0.00395180372,-0.1827388143,0,0,0.1098111977,0.1072021812,0,0,0.07878986793,0.07901128979,0
1,2,2,4,4,1500,500,v1,0.04307876823,0.06909611942,0.1205823185,0.02306907501,0,0.005260659475,0.01420300863,0,0.001465789601,0.002786080044,0.01376706687,0.001180513638,0,0,4.626452226e-05,0,0,0.0001141802409,0,0,3.18143021e-05,0.0001391217007,0.0002988079763,2.562251601e-05,0.01627963632,0,0.001128000468,0.00996463586,0.03656500353,0.06381100615,0,0.00751609591,0.0007756817948,0.003392001817,0.001474366831,0.0006247164922,0.0272555816,0,0.001888513245,0.01668292463,0.03816682155,0.1068332272,0,0.02043868257,0.004660826196,0.00567893413,0.002468404373,0.01219731218,0.05054861405,0,0,0.03094040447,0.07078476477,0.113535107,0,0.03790588996,0,0,0.02333763629,0,-0.4507312344,-0.06600922578,0.07903927986,-0.1233647457,0,-0.01902733037,-0.002646259103,0.1395677025,0,0,0.004590466221,0.08542816225,0,0,0.0138039577,-0.0519722703,0,0,-0.0001850016729,0,-0.000412131548,-5.731767584e-05,0.08542816225,0.2255771726,0.01725445335,0.4363055897,0.1395677025,0.1207986652,0.003546795096,0.01008093943,-0.4226531107,-0.0259356435,0,-0.004510626795,0.04182704461,-0.06514995118,-0.001397493485,0,0.1207986652,0,0.01503849725,0,0.2255771726,0,0.03935555522,-0.4918012737,-0.04384658811,0,-0.007567320816,-0.05791639373,-0.1090763226,-0.01682323973,0,0.003546795096,0,0.003407379394,0,0.01725445335,0,0.002744226002,-0.07284152665,-0.08021501154,0,0,-0.1069916057,-0.1347338234,0,0.0138039577,0.01008093943,0.03935555522,0.002744226002,0.004590466221,0.4363055897,0.01503849725,0.003407379394
1,2,2,4,1,1500,500,v1,0.003321224744,0.002865752982,0.1100795172,0.0006840302042,0.01439264075,0.007173661311,0.0004551722524,0.02984085261,0,0.02091886869,0.02548168581,0,0,0.000151194813,0.01254414976,0,0.0219697509,0.01095028736,0.02027716658,0.04555078598,0,0.005553140854,0.03889670419,0,0.0199056176,0.0001822023498,0.01511674585,0.05688391312,0.00527157612,0.2024921749,0.02443567557,0.0008372930925,0,0.006691997511,0.03848043057,0,0.01216277806,0,0.009236670195,0.03475734461,0.003732992516,0.1237272529,0,0.0007688367484,0.008063056869,0.00408896032,0.0235124047,0.02864092308,0.001004609679,0,9.195506902e-06,0.00287085439,0.0003083341973,0.0002660493383,0,6.350365309e-05,0.001336176764,0.001233235596,4.225705332e-05,0.002770350111,-0.4839564648,-0.003996957518,-0.003314036654,-0.1307266544,-0.04414086868,0.03098553572,0,0.04956803728,0,0.0005097661081,0.0548419686,0.1416496688,0,0.06836619188,0.02427786615,-0.04312859657,0,-0.02010813246,-0.01781360165,-0.0664650551,-0.0490682001,0,0.1416496688,0.01103244065,0.0125951916,0.653715881,0.04956803728,0.002272208938,0.002000514919,0.1242283464,-0.3843033347,-0.07678824454,-0.02456931896,-0.02176403112,-0.006108767493,-0.2409685917,0,0,0.002272208938,0.05596392164,-0.00551758544,0,0.01103244065,0.1160323161,-0.01959906626,-0.514379237,-0.04682280108,0,-0.01316892373,-0.004501742331,-0.1469342388,0.03482709885,0.06836619188,0.002000514919,0.1160323161,0,0.0005097661081,0.0125951916,0.05596392164,0,-0.2968159248,-0.00386742512,0,-0.001239853904,-0.0003710665402,-0.0003076668659,-0.004058234743,0.02427786615,0.1242283464,-0.01959906626,0,0.0548419686,0.653715881,-0.00551758544,0
1,2,2,4,0,1500,500,v1,0,0,0,0,0,0,0,0,0.002911801651,0,0,0.03818892081,0,0,0.5866217986,0,0,0,0,0,0.002359252513,0.2928073261,0,0.03094211701,0,0,0.001366243207,0,0,0,0,0,5.494703277e-06,0.0006819487805,0,7.206424525e-05,0,0,0.02937883469,0,0,0,0,0,0,0.0146641977,0,0,0,0,0,0,0,0,0,0,0,0,0,0,0.03167186306,0,0,0,0,0,-0.0404583215,0,0,0,0.9259400207,0,0,0,0.4621751566,-0.08638034496,0,0,-0.8794145017,0,0,0.03159827003,0,0,0,0,0,0,0,0,-0.9322262263,0,0,-0.002043943384,0,0,7.359302778e-05,0,0,0,0,0,0,0,0,-0.8814584451,0,0,-0.04395167311,0,0,0,0,0,0,0.0009337216966,0,0,0,0.01224596597,0,0,0,0,0,0,0,0.4621751566,0,0,0.01224596597,0.9259400207,0,0,0.0009337216966
1,2,2,4,0,1500,500,v1,0,0,0.04228784339,0,0,0.2942827073,0,0,0,0.1250795976,0.09573904733,0,0,0,0,0,0,0.1452281999,0,0,0,0,0.04724711699,0,0,0,0,0,0,0.008029230979,0,0,0,0,0.02374897604,0,0,0,0,0,0,0.01656626744,0,0,0.1152852839,0,0.04899994651,0.03750578263,0,0,0,0,0,0,0,0,0,0,0,0,0.2307780397,0,0,-0.1647511641,0,-0.3839287583,0,0,0,0,0,0,0,0,0,-0.2389505526,0,0,0,0,0.1826332264,0,0,0,0,0.09913978466,0,0,0,0.2932370502,-0.2301800563,0,0,0,0,-0.0314045003,0,0,0,0,0.06373957974,0,0,0,0.02073640947,-0.3974511963,0,0,0,0,-0.0654288922,0.1449782058,0,0,0,0,0,0,0,0,0,0,0,0,0,0,0,0,0.2932370502,0.02073640947,0,0,0.09913978466,0.06373957974,0
1,2,2,4,0,1500,500,v1,0.006952344148,0,0,0.002517314652,0,0.001705853605,0,0,0,0,0.01001858463,0,0,0,0,0,0,0.01821814155,0,0,0,0,0.1069962817,0,0,0,0,0,0,0,0,0,0,0,0,0,0,0,0,0,0.03992939898,0,0,0.01445769355,0.009797229215,0,0,0.05753973829,0,0,0,0,0.5373154704,0,0,0.1945519493,0,0,0,0,-0.8450430224,0.008805577671,0,0,0,0.01112491756,0,0,0,0,0,0,0,0,0,0.07156704021,0,0,0,0,-0.1233097469,0,0,0.8516779632,0,0,0,0.3083767676,0,0,0,0,0,0,0,0,0,0,0.3083767676,0,0.01129250041,0,0.8516779632,0,0.06632155958,-0.8345953099,0,0,0,-0.05095933997,0,0.06044212264,0,0,0,0,0,0,0,0,-0.0421537623,0,0,0,-0.7312160582,0,0,0,0,0.06632155958,0,0,0,0.01129250041,0
1,2,2,4,2,1500,500,v1,0,0,0.01186369885,0,0,0,0,0,0,0.001523128719,0,0,0,0,0,0,0,0,0,0,0,0,0,0,0,0,0,0,0,0.1912650534,0,0,0,0,0.0245556887,0,0,0,0,0,0,0.6830930796,0,0,0,0,0.08769935082,0,0,0,0,0,0,0,0,0,0,0,0,0,-0.5539660738,0,0,0.01270230182,0,0,0,0,0,0,0,0,0,0,0,0,0,0,0,0,0,0,0,0,0,0.7195196572,0,0,0,0.09237600077,-0.7460486759,0,0,0,0,0.2047849039,0,0,0,0,0,0,0,0,0,0.2174872057,0,0,0,0,-0.7587509777,0,0,0,0,0,0,0,0,0,0,0,0,0,0,0,0,0,0.09237600077,0,0,0,0.7195196572,0,0
1,2,2,4,1,1500,500,v1,0.012749117,0.03104595843,0,0.03275767805,0.02758004009,0,0.003984450153,0.04462767563,0,0,0,0,0,0,0,0,0.1320621358,0,0,0.2136917183,0,0,0,0,0,0,0,0,0.01312759221,0,0,0.001684800193,0,0,0,0,0,0,0,0,0.07934580782,0,0,0.2038717213,0,0,0,0,0,0,0,0,0.01698308189,0.04135628015,0,0.04363645959,0.03673933492,0,0.005307680777,0.05944846766,-0.6542345656,-0.04541239945,-0.03495776161,0,0.06851542639,0,0,0,0,0,0,0,0,0,0,0.1597847352,0,0,0,-0.3403524286,0,0,0,0.16352252,0.1281562676,0,0,0.4201560048,0.01644761797,0,-0.08162092364,0,0,0,-0.01478166678,0,0,0,0.4201560048,0.1034528826,0,0,0.16352252,0.1673986575,0,-0.1059061967,0,0,0,-0.2832128198,0,0,0,0.01644761797,0.1673986575,0,0,0.1281562676,0.1034528826,0,-0.6502016499,0,0,0,-0.06049379723,-0.04666316203,0.09126930885,0,0,0,0,0,0,0,0
1,2,2,4,3,1500,500,v1,0.004977265432,0.01884210052,0.01225897972,0.0002889252642,0.04231765637,0.0323096169,0.002093475263,0.03098015348,0,0.002269005735,0.004238705964,0,0.001283878581,0,0,0.003000472271,0.001687537414,0.001288438255,0,0.001235422104,0,0,0.0001690305067,0,0.002487763583,0,0,0.0005186082619,0.0006470643592,0.0004209906879,0,7.1892899e-05,0,0,7.792086349e-05,0,0.01144452719,0.005086265934,0,0.002385767843,0.0007863170887,0.001936695034,0.01188679375,4.564491802e-05,0.005104329725,0,0.0003584614902,0.0006696381737,0.1960203268,0.08711688074,0,0.04086311163,0.01346793363,0.05098465468,0.2035954091,0.0007818000339,0.1145069306,0,0.005664714146,0.08382889295,-0.2690199034,-0.004603445088,-0.02089214935,-0.01266722016,-0.07314576825,-0.03495148981,0,0.2806377903,0.1221166953,0,0,0.05850277642,0.2853912851,0,0,-0.5744834538,0.0003917223342,0,0,-0.002916896368,-0.0009849127598,0,0.05850277642,0.02558390382,0.105648816,0.01601697832,0.2806377903,0.001485119922,0.01173824467,0.002964570991,-0.3133441966,-0.002600860726,0,0,-0.0007174659117,-0.000343594591,0,0.2853912851,0.001485119922,0.2376284058,0.04233554151,0.1221166953,0.02558390382,0.1739643739,0.005554009287,-0.5944619969,0.01293825218,0.01610515455,0,0.0006596588937,0.0003564485457,0.004010035376,0,0.01173824467,0.1739643739,0,0,0.105648816,0.2376284058,0,-0.07478179773,-0.2364311026,-0.2881688639,0,-0.01410222963,-0.05664842516,-0.1983325218,0,0.002964570991,0.005554009287,0,0,0.01601697832,0.04233554151,0
1,2,2,4,4,1500,500,v1,0,0,0.1926694914,0,0,0,0,0,0.05219974618,0.2856917836,0,0.04102805571,0,0,0,0,0,0,0,0,0.006477716686,0,0,0.005091368073,0,0,0,0,0,0.1134312925,0,0,0.03073182285,0,0.1681967811,0.02415465654,0,0,0,0,0,0.03235340738,0,0,0,0,0.04797387792,0,0,0,0,0,0,0,0,0,0,0,0,0,-0.4275222894,0,0,-0.4783532851,0,0,-0.09322624153,0,0,0,0,0,0,0,0,-0.1479988749,0,0,0,0,0,-0.01154508679,0,0,0,0.5072228571,0,0,0,0.7521139244,-0.6632852743,0,0,0,0,-0.2810439084,-0.05477263333,0,0,0,0,0,0,0,0,-0.7593971934,0,0,0,0,-0.0801606609,0,0,0,0,0.1339968443,0,0,0,0.1053190982,0,0,0,0,0,0,0,0,0.7521139244,0,0.1053190982,0,0.5072228571,0,0.1339968443
1,2,2,4,2,1500,500,v1,0.04814615516,0,0,0.01374685667,0,0,0,0,0,0,0,0,0.02922623049,0,0,0.08784373932,0,0,0,0,0,0,0,0,0,0,0,0,0,0,0,0,0,0,0,0,0,0.0564514429,0,0,0.3236357526,0,0.1696731241,0.09240559895,0,0,0,0,0,0.01572417873,0,0,0.09014661369,0,0.04726133455,0.0257389728,0,0,0,0,-0.5316796365,-0.061764626,0,0,0,0,0,0,0.1519615055,0,0,0,0.4567426883,0,0,-0.2889756646,-0.1168271313,0,0,0,0,0,0,0.6924544152,0,0,0,0.1977119786,0,0,0,0,0,0,0,0,0,0.4567426883,0.1977119786,0,0,0.1519615055,0.6924544152,0,0,-0.3570918214,0,-0.2261208034,0,-0.4160344337,0,0,0,0,0,0,0,0,0,0,-0.8207469944,0,-0.06285486124,0,-0.1156452028,0,0,0,0,0,0,0,0,0,0
1,2,2,4,2,1500,500,v1,0,1.401598025e-06,0,0,0.0006094131693,6.73470331e-05,0.0004535311555,0.0004774376139,0.004077524128,0,0.00584397084,0.005183241494,0,0.05416969288,0.02919625481,0,0.008814288537,0.0009740783622,0.1330046695,0.006905451177,0.05897554564,0.4346662497,0.08452466698,0.07496816344,0,0.0004400458886,0.0002371749073,0,1.646798638e-07,0,0.001080459475,5.328735316e-05,0.0004790860905,0.003530998348,0,0.0006090016454,0,0,0.00135661923,0,0,0,0,0,4.52610599e-05,0.02019699433,0,0.003927482801,0,0,0.01684265392,0,0,6.303083444e-06,0,0,0.002740573252,0.04135433484,0.002039561035,0.002147070034,-0.2450192702,0,-0.0004496192187,0,-0.001084596308,-0.005899055916,-0.009023182922,0,0,0.05616147794,0.04541318758,0,0,0.1378951663,0.6760997279,0.01262725677,0,-0.1842951466,-0.4632694311,-0.01571947824,-0.08549732368,-0.1331574,0,0,1.17562539e-05,0,0,0,0.003804105972,0,-0.7597093795,0,0.001442755422,0.003215033574,-5.260704844e-05,0,0.0002912285855,0,0,0.01823576918,0.00162965501,0,0,0.01428659982,0.1414116691,-0.5514507771,0,0,-0.02095421277,0,0,-0.003964503124,0.1378951663,0.003804105972,0.01428659982,0.09371103148,0.05616147794,1.17562539e-05,0.01823576918,0.119123,-0.200158692,0,0,0.05348129501,0,-0.002041681883,-0.004877504784,0.6760997279,0,0.1414116691,0.119123,0.04541318758,0,0.00162965501,0.09371103148
1,2,2,4,1,1500,500,v1,0,6.934949353e-07,0,0,4.12048315e-05,0,7.031268031e-07,3.579710571e-06,2.99114474e-06,0,0,6.769926021e-06,0.002009979872,0.006240573051,0.001133166744,0.008347340613,0.004024548835,0,0.03654448903,0.0003496366684,0.0002921504017,0.002065985458,0,0.0006612306588,0.02050319523,0.003224819912,0.0005855646027,0.04151098467,3.500203931e-05,0,0.01888438689,3.548817842e-05,0.0001509688974,0.001067599239,0,0.0003416913443,0.001942118922,9.838456646e-05,5.54662862e-05,0.003932034391,0,0,0.0004085859261,0,0,0.0001011259299,0,0,0.1888033121,0.009564466829,0.02969569734,0.382253171,0,0.0003223156623,0.03972072732,0,0.0191507708,0.1738965439,0.0003267922658,0.001663742192,-0.02695374375,0,-1.3937247e-06,0,-4.367321681e-05,0,-9.665611293e-06,0.3167983922,0.01155804261,0.0325005981,0.002631903219,0.641393356,0.04800040847,0.1903219049,0.004798481777,-0.2525395287,0.0008399554018,0.04059727887,-0.003149111882,-0.004305325536,0,-0.0009384690036,0.641393356,0,0.0005368976898,0,0.3167983922,0,0.0005443545973,0,-0.7422935207,-0.06188554272,0.01193373095,-0.001649717179,-7.034399855e-05,0,-0.0004916406416,0.04800040847,0,0.03429259602,0,0.01155804261,0,0.002979203264,0,-0.6771377468,-0.005861968447,-0.000299246728,-0.000154760937,0,0,0,0.1903219049,0.0005443545973,0.002979203264,0.0006617986591,0.0325005981,0.0005368976898,0.03429259602,0.001497864226,-0.01909652915,-0.5710469876,-0.04024634273,-0.2010793452,0,-0.0006490971348,-0.02049886744,0.004798481777,0,0,0.001497864226,0.002631903219,0,0,0.0006617986591
1,2,2,4,0,1500,500,v1,0,0.07835754547,0.0004119286893,0,1.008285182e-06,0.0007516847403,0.1161959632,1.651911286e-05,0,0.0002855324732,0.001588974,0,0.0002312965645,0,0,0.0008028915527,9.099603452e-09,6.783827807e-06,0,1.490822031e-07,0,0,1.434022194e-05,0,0.003305216322,0,0,0.004105571055,0.3010303567,0.00158252839,0,0.4463962217,0,0,0.001096945313,0,0.0002624734111,0.00781888808,0,0.0003260310776,0,0.0001256715398,0.0271414286,0,0.0002293245924,0,8.711047932e-05,0.0004847654812,2.030688759e-05,0.0006049271072,0,2.522417953e-05,0,0.001849497587,0.002099861991,0,2.379886967e-08,0,0.002742609563,3.899057735e-07,-0.7350114267,0,0.1846051556,-0.0006865007395,-1.725341173e-05,-0.00230409244,0,0.005381032629,0.01297987072,0,0,0.006684044144,0.04505656441,0,0,-0.04069331588,-0.001032042881,0,0,-1.563219703e-07,-2.108023173e-05,0,0.006684044144,0,0.330332843,0.003163411735,0.005381032629,0,0.4898487136,0.002192750347,0.1874329479,-0.007410664152,0,0,-0.7357501531,-0.002673994247,0,0.04505656441,0,1.537898041e-06,0.001463357237,0.01297987072,0,2.519593612e-05,0.003093366776,-0.01687298982,-0.0005872837427,-0.03495973537,0,0,-0.0002102797349,-0.0007126433374,0,0.4898487136,2.519593612e-05,0,0,0.330332843,1.537898041e-06,0,-0.5951521333,-4.543662116e-05,-0.002699178503,0,0,0.004357293072,-4.128224076e-07,0,0.002192750347,0.003093366776,0,0,0.003163411735,0.001463357237,0
1,2,2,4,4,1500,500,v1,0,0,0,0,0,0,0,0,0,0,0,0,0,0,0,0,0,0,0,0,0,0,0,0,0.004054172827,0,0,0.005504315643,0,0,0,0,0,0,0,0,0.1550774711,0,0,0.2105473512,0,0,0,0,0,0,0,0,0.2650120729,0,0,0.3598046163,0,0,0,0,0,0,0,0,0,0,0,0,0,0,0,0.1648161627,0,0,0,0.2237694893,0,0,0,0,0,0,0,0,0,0,0.2237694893,0,0,0,0.1648161627,0,0,0,-0.2681268234,0.009069722075,0,0,0,0,0,0,0,0,0,0,0,0,0,-0.6059859462,0.3469288448,0,0,0,0,0,0,0,0,0,0,0,0,0,0.3559985669,-0.6150556682,0,0,0,0,0,0,0,0,0,0,0,0,0
1,2,2,4,0,1500,500,v1,0,1.294384768e-06,0.0001160222989,0,0.000115158224,0,3.747173246e-05,0.0001359220134,0.0001046144096,5.915703062e-05,0,0.0001704690876,0.05165495777,0.00963330195,0.09785397737,0.02753923653,0.03285456435,0,0.004763099806,0.03877845958,0.02984642114,0.01551960934,0,0.04863471675,0.006622563498,0.007152174004,0.07265096399,0.003287399526,0.0002741744914,0.02457565601,0.003536328331,0.00793720186,0.02215925531,0.01152241952,0.0125305467,0.03610848685,0.006704059185,0.03882277885,0.07354498942,0.003327853481,0,0.02487807817,0.02069791044,0,0,0.01166421167,0.01268474462,0,0.01135977635,0.0657837398,0.0122682247,0.005638922662,0,0.0004702953628,0.03507183141,0,0.04184101983,0.006065913743,0.01361479403,0.04938523242,-0.2545774452,0,-3.812678211e-05,-0.0001302436453,0.0002382414311,0,0.0001831941272,0.03698784966,0.2341090513,0.04352801679,0.3656175638,0.01836053927,0.1248124568,0.02152202983,0.05798680799,-0.5049673458,-0.07903004073,-0.01436656006,-0.1133716296,0.06713262996,0,-0.07838869381,0.01836053927,0,0.001112335864,0.07368893867,0.03698784966,0,0.03220151463,0.03757224732,-0.3877954265,-0.0098894068,-0.0106663311,-0.0839988052,-0.00811481422,-0.03679261178,-0.05729713949,0.1248124568,0,0.01543707006,0,0.2341090513,0,0.01822050474,0,-0.4410648929,-0.0100111035,-0.0593972252,-0.08503247969,0,-0.03725126857,0,0.02152202983,0.03220151463,0.01822050474,0.07729759539,0.04352801679,0.001112335864,0.01543707006,0.1259563634,-0.124142737,-0.01699841565,-0.1008537395,-0.01833380658,0,-0.01405629266,-0.08980925459,0.05798680799,0.03757224732,0,0.1259563634,0.3656175638,0.07368893867,0,0.07729759539
1,2,2,4,0,1500,500,v1,0.02386614487,0,0.1787769974,0.001223033261,0,9.452383044e-05,0,0,0.02230738282,0.1193020809,0.007586812319,0.02659638408,0,0,0.0046511594,0,0,1.064017438e-05,0,0,0.002511054006,0.001486547755,0.0008540175074,0.002993849944,0.01152507184,0,0.05553762884,0.01212251787,0,0.2402952479,0,0,0.02998348872,0.0177502705,0.1603546515,0.03574836137,0.0008886318861,0,0.004282186573,0.0009346975075,0.002473398354,0.01852778208,0,0.0001267506114,9.796097692e-06,0.001368621088,0.01236402327,0.0007862689684,0.0005343623202,0,0,0.0005620630281,0.001487332273,0,0,7.621913174e-05,0,0,0,0,-0.3684624909,-0.02469698533,0,0.2280212665,0,-0.007561187556,-0.04813698868,0.01941738399,0,0,0.09667728111,0.02042395811,0,0,0.0308988325,-0.1686962815,0,0,-0.006124975594,0,-0.0008628259174,-0.002747552843,0.02042395811,0.04115215438,0,0.0887183352,0.01941738399,0.002108867542,0,0.05920388168,0.1766660598,-0.0236471965,0,-0.07328668073,0,-0.3408431725,-0.03328562469,0,0.002108867542,0,0.0001700163149,0,0.04115215438,0,0.01364607457,-0.2516449057,-0.001819547227,0,-0.005639086085,-0.002594698879,0.01420709472,-0.0007867137804,0,0,0,0.05759114744,0,0,0,0.06866410187,-0.05275842793,-0.001094151013,0,0,-0.001548997075,0,0,0.0308988325,0.05920388168,0.01364607457,0.06866410187,0.09667728111,0.0887183352,0.0001700163149,0.05759114744
1,2,2,4,3,1500,500,v1,0,0,0,0,0.06697458356,0.01754836692,0,0.07665615827,0.004728662057,0,0.1043990319,0.01425290199,0,0,0,0,0.1115169241,0.02921914251,0,0.1276373593,0.00787352186,0,0.1738310011,0.02373198466,0,0,0,0,0,0,0,0,0.01219845566,0,0,0.03676798869,0,0,0,0,0,0,0,0,0.0006330824896,0,0,0.003766344715,0,0,0,0,0,0,0,0,0.08778716641,0,0,0.1004773239,-0.7032333252,0,0,0,-0.1433328086,0.1157117009,-0.01894219024,0,0,0,0,0,0,0,0,-0.2792288063,0,0,0,-0.2391498133,-0.19987805,-0.03153995355,0,0,0,0,0,0,0,0,-0.05048214379,0,0,0,0,0,-0.04896561942,0,0,0.398933539,0.01726638209,0,0,0.4566019257,0.1027214431,-0.08416634915,0,0,0,0,0,0.004174465676,0,0,0.4566019257,0.03716144349,0,0,0.398933539,0.1120102013,-0.3824826219,0,0,0,0,0,-0.1878743546,0,0,0.1027214431,0.1120102013,0,0,0.01726638209,0.03716144349
1,2,2,4,4,1500,500,v1,0,0.07524642099,0,0,0.1457882252,0.0002136755815,0.07740164446,0.2465858383,0.09001515246,0,0.002381230432,0.06319649068,0.007780179455,0.002933124566,0.002535910236,0.001198772145,0.01116325025,1.636149961e-05,0.002713286632,0.01888149347,0.006892612022,0.0002894693626,0.0001823348298,0.004839061864,0.01694455879,0.006019818806,0.005204593185,0.01459078419,0.01182515854,0,0.005568632879,0.01216385716,0.0141461007,0.0005940944795,0,0.009931482606,0.007282889289,0.00686303114,0.00223697037,0.006271220582,0,0,0.001057457686,0,1.443276238e-05,0.0002553459417,0,0.0001608407135,0.01365366346,0.01286653055,0.004850676909,0.01175702828,0,0.009528529896,0.001982478492,0,0.01846130944,0.004487118266,0.009801448009,0.03122541247,-0.01807324931,0,-0.1475048231,0,-0.3885683532,-0.002594862866,-0.1532090956,0.004236793024,0.04083013463,0.02052112302,0.01495122992,0.003648263207,0.006291118314,0.01898306701,0.001706654677,-0.5757875017,-0.008960283181,-0.005580010331,-0.002819518963,-0.02203234982,-0.0001982841699,-0.01170733865,0.003648263207,0,0.1121838897,0,0.004236793024,0,0.1153970837,0,-0.3379688562,0.01378865435,-0.0115647215,-0.005798590945,-0.01779165615,0,-0.02402763872,0.006291118314,0,0.2041602586,0.0003666036202,0.04083013463,0,0.3453161492,0.004085481788,-0.04619576112,0.00595077243,-0.007837141035,-0.002487146492,0,0,-0.0001749099028,0.01898306701,0.1153970837,0.3453161492,0.1665130911,0.02052112302,0.1121838897,0.2041602586,0.1169030183,-0.5900999115,-0.02499613093,-0.01461674441,-0.009191394855,0,0.0135758303,0.04428309781,0.001706654677,0,0.004085481788,0.1169030183,0.01495122992,0,0.0003666036202,0.1665130911
1,2,2,4,0,1500,500,v1,0,0,0.07506700971,0,0,0,0,0,0,0.03703600467,0,0,0,0,0,0,0,0,0,0,0,0,0,0,0.04154389727,0,0,0.04494606647,0,0.07324744873,0,0,0,0,0.03613828316,0,0.05060388444,0,0,0.0547480064,0,0.08922141817,0,0,0,0,0.04401940176,0,0.2177962563,0,0,0.2356323229,0,0,0,0,0,0,0,0,-0.02736603791,0,0,0.1063700186,0,0,0,0.4646239091,0,0,0,0.5026735206,0,0,0,0,0,0,0,0,0,0,0.5026735206,0,0,-0.07935459117,0.4646239091,0,0,-0.03915137982,-0.5833424191,-0.08631055599,0,0,0,0.1037920026,0,0,0,0,0,0,0,0,0,-0.3295695745,-0.1051333574,0,0,0,-0.1311580405,0,0,0,0,0,0,0,0,0,-0.1914439134,-0.4534210397,0,0,0,0,0,0,-0.03915137982,0,0,0,-0.07935459117,0,0
1,2,2,4,2,1500,500,v1,0.02257113819,0,0,0.002845619245,0.2826837543,0,0,0.2246453904,0,0,0,0,0,0.04657597683,0,0,0.02430134952,0,0.0001170616153,0.01931199111,0,0,0,0,0.02691749068,0.2536722925,0,0.00335236583,0,0,0.0006375666242,0,0,0,0,0,0.004197814115,0,0,0.0005228053672,0.001648096719,0,0,0.000207781092,0,0,0,0,0.004324382316,0,0.04075327781,0.0005385684603,0.001697788447,0,0,0.0002140458951,0.02126331459,0.0001024271492,0,0.01689770118,-0.08536462704,-0.02541633481,0,0,-0.5073207089,0,0,0.05244071906,0,0.2502684666,0,0.00653108964,0,0.000629011627,0,-0.7569729758,0,0.04430542369,0,-0.04352287266,0,0,0.00653108964,0.03886456143,0,0,0.05244071906,0.004899785868,0,0,0.07355414309,-0.0297966805,-0.2503369872,0,0,0,0,0,0.004899785868,0.4922238035,0,0,0.03886456143,0.3911643554,0,-0.06197354226,-0.004665200276,0,0,-0.001852028129,0,0,0.000629011627,0,0.3911643554,0,0.2502684666,0,0.4922238035,0,-0.8186053889,-0.004852658359,0,0.03876657803,-0.001907868588,0,-0.03808185767,0,0,0,0,0,0,0,0
1,2,2,4,0,1500,500,v1,0.01049335315,0.004181149962,0,0.05805258021,0.002763855529,0.0222756133,0.008567808758,0.002962937389,0,0,0.002115940774,0,0.1749349039,0.01376279677,0,0.1040358493,0.02078988905,0.1675585153,0.01979033728,0.02228739488,0,0,0.01591623494,0,0,0.002665385762,0,0,0.006090962903,0,0.003832715405,0.01248130437,0,0,0,0,0,0.01725885231,0,0,0.007787293879,0,0.0102640429,0.04308179625,0.01653110732,0,0,0.00157027524,0,0.04123218436,0.003243893364,0,0.01860419981,0.007412973544,0.02452126604,0.1029243737,0.004900180118,0.004664585609,0.01519030416,0.005253142478,-0.367161941,0.06503703065,-0.01254904443,0,-0.005094394406,0.01514866984,0,0,0.3499525541,0.02948938399,0,0,0.2081209088,0.04240452466,0,-0.1182251278,-0.2789661145,-0.03355257613,0,-0.03393669,-0.1747715488,0,0,0.00727019772,0.02631144042,0,0,0.04022105049,0.05391611609,0,-0.07655088788,0,-0.006484622034,0,-0.0183788002,0,0,0.2081209088,0.04022105049,0.03389265864,0.2365175041,0.3499525541,0.00727019772,0.03633396335,0.0224665882,-0.5592670493,0,-0.02746580396,0,0.02340016694,0,-0.0130331826,0.04240452466,0.05391611609,0.03633396335,0,0.02948938399,0.02631144042,0.03389265864,0,-0.3279908481,0,-0.06561705678,-0.007892074266,-0.1200980297,-0.02255719305,-0.007786663587,0,0,0.0224665882,0,0,0,0.2365175041,0
1,2,2,4,4,1500,500,v1,0,0,0,0,0,0,0,0,0.07990135777,0,0,0.02508951855,0,0,0,0,0,0,0,0,0.4435326215,0,0,0.1392719755,0,0,0,0,0,0,0,0,0.2375974604,0,0,0.07460706625,0,0,0,0,0,0,0,0,0,0,0,0,0,0,0,0,0,0,0,0,0,0,0,0,-0.8943518063,0,0,0,0,0,-0.1047730918,0,0,0,0,0,0,0,0,-0.4163300239,0,0,0,0,0,-0.5827948742,0,0,0,0,0,0,0,0,-0.687567966,0,0,0,0,0,-0.3115569321,0,0,0,0,0,0,0,0,0,0,0,0,0,0,0,0,0,0,1.140548185,0,0,0,0.3581391624,0,0,0,0,0,0,0,0,0,0,0.3581391624,0,0,0,1.140548185
1,2,2,4,1,1500,500,v1,0,0,0.03318494524,0,0,0,0,0,0,0.002751548498,0,0,0,0,0.01704079631,0,0,0,0,0,0,0.01251486461,0,0,0.07984156665,0,0.02707396677,0.1457255472,0,0.1207828805,0,0,0,0.01988328612,0.01001478083,0,0.09734733098,0,0.03301010382,0.1776767875,0,0.1472652847,0,0,0,0.02424282133,0.01221058435,0,0.01395764138,0,0,0.02547526322,0,0,0,0,0,0,0,0,-0.2899995366,0,0,-0.03586194999,0,0,0,0.2864252623,0,0,-0.0140469022,0.5227792687,0,0,-0.01031613054,-0.01180233152,0,0,0.02804435335,0,0,0,0.5227792687,0,0,0.4513669178,0.2864252623,0,0,0.03742531202,-0.5380185395,-0.2251000457,0,0.04455589724,0,-0.1305264641,0,0,0,0,0,0,0,0,0,-0.3582393174,-0.2750185335,0,-0.05635822876,0,-0.1594730724,0,0,0,0,0,0,0,0,0,-0.5001185792,-0.03935110819,0,0,0,0,0,-0.01031613054,0.03742531202,0,0,-0.0140469022,0.4513669178,0,0
1,2,2,4,3,1500,500,v1,0.01486720736,0,0,0.04763508738,0.01238415236,0,0,0.09464655445,0,0,0,0,0,0,0,0,0.07951671982,0,0,0.6077108333,0,0,0,0,0,0,0,0,0,0,0,0,0,0,0,0,0,0,0,0,0.02686014451,0,0,0.08606090573,0,0,0,0,0,0,0,0,0.002658773583,0,0,0.008518809816,0.002214717018,0,0,0.01692609464,-0.8068681818,0.05930628266,0,0,-0.106808691,0,0,0,0,0,0,0,0,0,0,-0.1259097985,0,0,0,-0.6872161261,0,0,0,0.01471609157,0,0,0,0.04715090676,0,0,0,0,0,0,0,0,0,0,0.04715090676,0.1411259764,0,0,0.01471609157,1.07856291,0,0.06991230841,0,0,0,-0.111156974,0,0,0,0,1.07856291,0,0,0,0.1411259764,0,-0.8458755084,0,0,0,0.01060602576,0,-0.01910110751,0,0,0,0,0,0,0,0
1,2,2,4,0,1500,500,v1,0,0,0.003007734615,0,0,0.002988926157,0,0,0,0.06982311697,0.003132291869,0,0,0,0,0,0,0.004336495545,0,0,0,0,0.004544498265,0,0,0,0,0,0,0.02937687599,0,0,0,0,0.6819700909,0,0,0,0,0,0,0.007650377969,0,0,0.007602537376,0,0.1775998565,0.007967197834,0,0,0,0,0,0,0,0,0,0,0,0,-0.5487710349,0,0,0.06910669866,0,-0.006025217322,0,0,0,0,0,0,0,0,0,-0.02156311066,0,0,0,0,-0.00877655562,0,0,0,0,0.0282072416,0,0,0,0.6548175893,0.2448842963,0,0,0,0,-0.7002341836,0,0,0,0,0.0222218086,0,0,0,0.02328769082,-0.6459292579,0,0,0,0,0.1757775977,-0.01553789334,0,0,0,0,0,0,0,0,0,0,0,0,0,0,0,0,0.6548175893,0.02328769082,0,0,0.0282072416,0.0222218086,0
1,2,2,4,0,1500,500,v1,0.07003075576,0,0,0.1098028576,0,0,0,0,0,0,0,0,0,0,0,0,0,0,0,0,0,0,0,0,0,0,0,0,0,0,0,0,0,0,0,0,0,0,0,0,0.07899902387,0,0,0.1238644146,0,0,0,0,0,0,0,0,0.2403899426,0,0,0.3769130056,0,0,0,0,-0.4151691731,0.1706379516,0,0,0,0,0,0,0,0,0,0,0,0,0,0,0,0,0,0,0,0,0,0.1428379205,0,0,0,0.2239589117,0,0,0,0,0,0,0,0,0,0,0.2239589117,0,0,0,0.1428379205,0,0,-0.4370213848,0,0,0,0.1924901633,0,0,0,0,0,0,0,0,0,0,0.3631281149,0,0,0,-0.6076593364,0,0,0,0,0,0,0,0,0,0
1,2,2,4,2,1500,500,v1,0,0.0300788332,0,0,0.1816076044,0,0.0006135885787,0.3660218484,0,0,0,0,0,0,0,0,0.1397505835,0,0,0.2816609308,0,0,0,0,0,0,0,0,6.439091815e-06,0,0,1.313532732e-07,0,0,0,0,0,0,0,0,0,0,0,0,0,0,0,0,0,0,0,0,0,1.352485393e-05,0,0,8.165929529e-05,0,2.758981987e-07,0.0001645805873,-0.4207656717,0,-0.03021293954,0,-0.5476178784,0,0,0,0,0,0,0,0,0,0,-0.5478636075,0,0,0,-0.4205392721,0,0,0,0,0.04438499016,0,0,0,0.0009054248498,0,-0.03019984448,0,0,0,6.234470131e-06,0,0,0,0,0.4817201461,0,0,0,0.9708841733,0,0,0,0,0,0,0,0,0,0.0009054248498,0.9708841733,0,0,0.04438499016,0.4817201461,0,-0.9983638556,0,0,0,0,1.309506065e-05,-0.0002457291026,0,0,0,0,0,0,0,0
1,2,2,4,1,1500,500,v1,0,0,0,0,0,0,0,0,0,0,0,0,0.004302909324,0,0,0.005451499143,0,0,0,0,0,0,0,0,0.03823209554,0,0,0.0009518523716,0,0,0,0,0,0,0,0,0.2231504044,0.3014695009,0,0.00555570493,0,0,0.381941752,0,0,0,0,0,0.0095277565,0.01287171316,0,0.0002372095354,0,0,0.01630760213,0,0,0,0,0,0,0,0,0,0,0,0,0.4062112152,0.4206952237,0,0,0.01011331195,0.5329927914,0,0,-0.645047634,0.009255623844,0,0,0,0,0,0.01011331195,0,0,0,0.4062112152,0,0,0,-0.2384470169,-0.03910266792,0,0,0,0,0,0.5329927914,0,0,0,0.4206952237,0,0,0,-0.01190450236,-0.2287023065,-0.6727348861,0,0,0,0,0,0,0,0,0,0,0,0,-0.9312842366,-0.009744710383,0.0276872521,0,0,0,0,0,0,0,0,0,0,0,0
1,2,2,4,1,1500,500,v1,1.072104053e-06,0,2.235301899e-06,4.663586802e-06,0,1.31118176e-06,0,0,0,1.506120466e-05,8.899759019e-07,0,0,0,0,0,0,0.006410210858,0,0,0,0,0.004350985779,0,0,0,0,0,0,0.005026850203,0,0,0,0,0.03387033302,0,0,0,0,0,0.04037577071,0.08418216187,0,0.1756321235,0.04937951119,0,0.5672096326,0.03351676813,0,0,0,0,3.816633092e-06,0,0,1.66021196e-05,0,0,0,0,-0.9776124691,-5.723793204e-06,0,-1.726062809e-05,0,2.088603056e-06,0,0,0,0,0,0,0,0,0,-0.08159917094,0,0,0,0,0.01021093063,0,0,0.06056996692,0,0.1337991235,0,0.263475637,0,0.9015229595,-0.6513982239,0,0,0,0,-0.03881649807,0,0,0.263475637,0,0.06378663386,0,0.06056996692,0,0.04329572661,-0.02864683966,0,0,0,-0.2160043025,-0.6513809633,-0.08160125954,0,0,0,0,0,0,0,0,-0.2160100262,0,0,0,-2.037639769e-05,0,0,0,0.9015229595,0.04329572661,0,0,0.1337991235,0.06378663386,0
1,2,2,4,3,1500,500,v1,0.001402398034,0.0399287549,0.009147997506,0.002983240086,0,0,0.0005883814372,0,0,0.001172586017,0,0,0.01235706757,0.0555833072,0.004547841745,0.006398362601,0,0,0.04249554409,0,0,0.00351309727,0,0,0.0002467085997,0.05467029394,0.004473138744,0.0003776829291,0.3530718704,0.08089159298,0.04179751086,0.005202790195,0,0.003455391017,0.01036864634,0,0.0003447260598,0.01698291649,0.006250319188,0.0005277365612,0.01732760232,0.1130298667,0.008793579633,0.03686000449,0,0.004828219739,0.01448811514,0,2.208788398e-05,0.001088158781,0.004894645389,3.381404917e-05,0.001110244087,0.03161061479,0.0005634374344,0.002361757922,0,0.00374214183,0.0004658071359,0,-0.4859824589,-0.004376408259,-0.04043309088,0.009792847948,0,0,0,0.0009110360637,0.04520329834,0.172535622,0.02266720276,0.001394692915,0.02340580543,0.131910039,0.01750985984,-0.1506503231,-0.01871745756,-0.09807612171,-0.008043982512,0,0,0,0.001394692915,0.02933003462,0.6366854607,0.03874288728,0.0009110360637,0.06239218167,0.009382058301,0.004966042647,-0.3147343109,-0.0006230843359,-0.09626878053,-0.007835367913,-0.3582687032,0.08659364592,0,0.02340580543,0.06239218167,0,0,0.04520329834,0.02933003462,0,0,0.05165559317,-0.0008588237819,-0.02537377467,-0.01090535798,-0.05334055063,-0.1255257805,0,0.131910039,0.009382058301,0,0,0.172535622,0.6366854607,0,0,-0.6963367956,-5.52445349e-05,-0.001648170279,-0.00861887177,-0.003431185304,-0.0320098852,0,0.01750985984,0.004966042647,0,0,0.02266720276,0.03874288728,0,0
1,2,2,4,4,1500,500,v1,0.05748545301,0,0.2717955223,0.01433213271,0,0.1184923634,0,0,0,0.0165539266,0.01128094911,0,0,0,0,0,0,0.04307226639,0,0,0,0,0.004100652832,0,0,0,0,0,0,0.3626002608,0,0,0,0,0.02208446281,0,0,0,0,0,0.006473898824,0.03060907795,0,0.001614056639,0.01334437726,0,0.001864270704,0.001270438335,0,0,0,0,0.01843077467,0,0,0.004595115713,0,0,0,0,-0.4492194042,-0.07069563875,0,-0.2877525332,0,-0.1297711516,0,0,0,0,0,0,0,0,0,-0.1443556514,0,0,0,0,-0.04707506864,0,0,0.04943432135,0,0.9965567157,0,0.01232484423,0,0.06069613032,-0.3201585218,0,0,0,0,-0.3846767089,0,0,0.01232484423,0,0.2621850131,0,0.04943432135,0,0.02496106702,-0.8981226231,0,0,0,0.007674383709,-0.03240598858,-0.0145844998,0,0,0,0,0,0,0,0,-0.06302125505,0,0,0,0.02184847799,0,0,0,0.06069613032,0.02496106702,0,0,0.9965567157,0.2621850131,0
1,2,2,4,4,1500,500,v1,0,0,0,0,0,0,0,0,0,0,0,0,0.1848400727,0,0,0.4458851092,0,0,0,0,0,0,0,0,0,0,0,0,0,0,0,0,0,0,0,0,0,0.03521001715,0,0,0,0,0.08493624846,0,0,0,0,0,0,0.07300951521,0,0,0,0,0.1761190373,0,0,0,0,0,0,0,0,0,0,0,0,0,0.1188999946,0,0,0,0.2868194993,0,0,0.3503922136,-0.6208718762,0,0,0,0,0,0,0,0,0,0,0,0,0,0,0,0,0,0,0,0,0.2868194993,0,0,0,0.1188999946,0,0,0,-0.3844823358,0,0.1140026732,0,0,0,0,0,0,0,0,0,0,0,0,-0.506869203,0,0.2363895404,0,0,0,0,0,0,0,0,0,0,0,0
1,2,2,4,3,1500,500,v1,0.0002380778344,0,0,0.002926831807,0,0,0,0,0,0,0,0,5.275500969e-05,0,0,0.0002885036841,0,0,0,0,0,0,0,0,0.0006917664722,0,0,0.000118137096,0,0,0,0,0,0,0,0,0.0007424587011,0.0002181290008,0,0.000126794111,1.361009218e-06,0,0.001192891836,1.67316923e-05,0,0,0,0,0.3209008668,0.09427835556,0,0.05480215945,0.0005882469114,0,0.5155842654,0.007231667639,0,0,0,0,-0.007801602624,-0.00311952811,0,0,0,0,0,0.4812010777,0.13884196,0,0,0.08217758478,0.7592912446,0,0,-0.5990738688,0.0003183990841,0,0,0,0,0,0.08217758478,0.001232300225,0,0,0.4812010777,0.01514939588,0,0,-0.3747961464,-0.0007896285654,0,0,0,0,0,0.7592912446,0.01514939588,0,0,0.13884196,0.001232300225,0,0,-0.9874299513,0.0008198025993,0.001338869306,0,8.904028719e-06,0,0,0,0,0,0,0,0,0,0,-0.001423181657,-0.375615949,-0.6004127381,0,-0.007810506653,0,0,0,0,0,0,0,0,0,0
1,2,2,4,1,1500,500,v1,0,0.404997363,0,0,0,0,0.1730352165,0,0,0,0,0,0,0,0,0,0,0,0,0,0,0,0,0,0,0,0,0,0.2824659956,0,0,0.1206836616,0,0,0,0,0,0,0,0,0,0,0,0,0,0,0,0,0,0,0,0,0,0.01318462798,0,0,0,0,0.005633135336,0,-0.4210924313,0,-0.5780225298,0,0,0,0,0,0,0,0,0,0,0,0,0,0,0,0,0,0,0,0,0,1.050041948,0,0,0,0.4486304935,0,-0.5968012591,0,0,0,-0.402313702,0,0,0,0,0,0,0,0,0,0,0,0,0,0,0,0,0,0,0.4486304935,0,0,0,1.050041948,0,0,-0.9803362318,0,0,0,0,-0.01877872928,0,0,0,0,0,0,0,0,0
1,2,2,4,4,1500,500,v1,0,0,0,0,0,0,0,0,0,0,0,0,0,0.8621782338,0,0,0,0,0.006114458574,0,0,0,0,0,0,0.004458649622,0,0,0,0,3.162017706e-05,0,0,0,0,0,0,0,0,0,0,0,0,0,0,0,0,0,0,0,0.126321184,0,0,0,0,0,0,0.0008958537995,0,0,0,0,0,0,0,0,0,0,0,1.086924956,0,0,0,0.007708333795,0,0.1249725497,0,-0.8547280762,0,0,0,0,0,0,0,0,0,0,0,0,-0.7340161897,0,0.0042606631,0,0,0,0,0,0,0,0,0,0,0,0,0,0,0,0,0,0,0,0.007708333795,0,0,0,1.086924956,0,0,0,-0.8504674131,0,0,0.1207118866,0,0,0,0,0,0,0,0,0,0,0
1,2,2,4,0,1500,500,v1,0.009502004845,0.00484429565,0.0008592123771,0.1163582576,0.07796050449,0.003084049686,0.003858790116,0.04387985432,0,0.0003179490204,0.0006819463355,0,0.0008878966389,0.005197367485,0,0.001776052363,0.004697564944,0.0001858315795,0.001922861324,0.002644011435,0,0,4.109115533e-05,0,0.000721509755,0.004357716384,0,0.0002216968983,0.0002447396467,4.340844343e-05,0.001612217015,0.0001949507211,0,0,1.606316719e-05,0,0.04581286851,0.04726974139,0,0.01407683095,0.03048135114,0.002756255611,0.09455327592,0.3732640602,0.009893280729,0,0.001019944306,0.002187606306,0.003022200795,0.003118308341,0.01825324443,0.0009286257567,0.002010805406,0.001025145329,0.006237526593,0.02462362598,0.01649792927,0.006753122201,0.0008165935665,0.009285813857,-0.4170762971,0.1174734362,-0.008566955085,-0.001158684512,-0.1199357618,-0.003706884485,0,0.07432207746,0.07690027535,0.04168230675,0,0.0228368001,0.1538229899,0.01542113306,0,-0.309215794,-0.002658423122,-0.007105459184,0,0.002472196849,-0.0002242541579,0,0.0228368001,0.03310119791,0.009050075788,0.005459515535,0.07432207746,0.4053457937,0.007208964028,0.002020277725,-0.1112749477,-0.000941250142,-0.005957549854,0,-0.0004345196848,-5.916622683e-05,0,0.1538229899,0.4053457937,0.1044822508,0.01963850564,0.07690027535,0.03310119791,0.05880766446,0.004342474503,0.08542813796,-0.05988870362,-0.1418206591,0,-0.3997538542,-0.0037686781,-0.01205618145,0.01542113306,0.007208964028,0.05880766446,0,0.04168230675,0.009050075788,0.1044822508,0,-0.6271175028,-0.003942631278,-0.009336427951,-0.02500595083,-0.01001757637,-0.001837885108,0.008603621445,0,0.002020277725,0.004342474503,0,0,0.005459515535,0.01963850564,0
1,2,2,4,4,1500,500,v1,0.1051888263,0,0.285295906,0.1899883898,0,0.1368186244,0,0,0,0.01284318338,0.2385210129,0,0,0,0,0,0,0.007670349887,0,0,0,0,0.01337200715,0,0,0,0,0,0,0.003747336162,0,0,0,0,0.0001686940629,0,0,0,0,0,3.668221306e-05,9.949046472e-05,0,6.625413402e-05,4.771238648e-05,0,4.47876838e-06,8.317878358e-05,0,0,0,0,0.002155209346,0,0,0.003892663963,0,0,0,0,-0.01930469639,-0.2905659073,0,-0.2981341319,0,-0.3753333962,0,0,0,0,0,0,0,0,0,-0.3754640159,0,0,0,0,-0.02099870848,0,0,0.1521986066,0,0.4336950138,0,0.2748958157,0,0.01952367516,-0.2982378855,0,0,0,0,-0.00390790713,0,0,0.2748958157,0,0.216777603,0,0.1521986066,0,0.3779164836,-0.9832014314,0,0,0,9.767277142e-05,-0.0001037535678,-0.00013061966,0,0,0,0,0,0,0,0,-0.2904682346,0,0,0,0.005738619682,0,0,0,0.01952367516,0.3779164836,0,0,0.4336950138,0.216777603,0
1,2,2,4,2,1500,500,v1,0,0.001102560785,0.000133702381,0,0.004721488164,0.001865372795,0.001250543197,0.003970441619,0.004083659929,0.0008478813552,0.004684801375,0.01563960572,0.01788550214,0,0.0008902863749,0.003506972576,0.03428049316,0.01354358989,0,0.0288274993,0.02964952392,0.007473664184,0.03401412773,0.1135517825,1.980268737e-06,0,2.479375858e-05,0.0005540797199,0.0002229376089,2.703459939e-05,0,0.0002528596282,0.0008257153639,0.0002081355288,0.0001714414702,0.003162325696,0.0003770995869,0.09485182781,0.004721438028,0.1055125648,0,0.005148157961,0.01859845792,0,0.07182545091,0.03963493464,0.03264734042,0.1803864472,6.956798725e-05,0.01749843006,0,0.01946514136,0,0.007831927277,0.003431075845,0,0.03353860615,0,0.008883105139,0.02820362417,-0.616360134,0,-0.00232552922,-0.0009619976472,-0.00867389995,-0.006536587021,0.01796902358,0.0006646124937,0.1952411779,0,0.008353741488,0.1859587527,0.03828270805,0,0.07012693928,-0.485738351,-0.0213480999,0,-0.0081963467,-0.06310638753,-0.04745906775,-0.1410075918,0.1859587527,0,0.01368747388,0.007878770333,0.0006646124937,0,0.0155245657,0.04996367616,-0.3579701642,0.0005238177354,0,0.0001076814539,-0.0004683072302,-3.950700531e-06,0.003784115465,0.03828270805,0,0.1086909804,0.1308018843,0.1952411779,0,0.09140150201,0.3285031544,-0.1238363612,-0.1058636753,-0.1134483993,-0.0442317886,0,-0.03759568265,-0.2522077044,0,0.0155245657,0.09140150201,0.03703706872,0,0.01368747388,0.1086909804,0.1418446104,-0.3147104807,-0.01907571926,-0.02088609144,0,0,-0.0166808566,-0.06161470081,0.07012693928,0.04996367616,0.3285031544,0.1418446104,0.008353741488,0.007878770333,0.1308018843,0.03703706872
1,2,2,4,4,1500,500,v1,0.08120568915,0.008031536445,0,0.04786651528,0.001017499842,0.001130553226,0.0005648884114,0.01145650742,0,0,0.06189430313,0,0.003431166629,0,0,0.01071678167,0.002422568652,0.002691737819,0,0.02727683543,0,0,0.1473643458,0,0,0,0,0,0.04405813822,0,0,0.003098775917,0,0,0,0,0,0.003574989066,0,0,0.2014471408,0,0.01116599146,0.1187425751,0.002804566001,0,0,0.1535413408,0,0.0005031532163,0,0,0.02835219211,0.002804134373,0.001571530545,0.01671213743,0.0003552503684,0,0.0001972254029,0.003999930333,-0.6624554629,0.1224721883,-0.008495332206,0,-0.01232731516,-0.06289412271,0,0,0.01118056581,0,0,0,0.03492096681,0,0,-0.2526036864,-0.013981887,0,0,-0.02963867,-0.1497449051,0,0,0.1415165683,0.08199748399,0,0,0.08341663066,0.005767193959,0,-0.0114493023,0,0,0,-0.047060483,0,0,0.03492096681,0.08341663066,0.005659202911,0.009928319625,0.01118056581,0.1415165683,0.06371961863,0.5435450489,-0.06343069019,0,-0.01471050675,0,-0.3151876519,0,-0.1563432179,0,0.005767193959,0.06371961863,0,0,0.08199748399,0.005659202911,0,-0.3189296577,0,-0.002041961324,0,0.04275999764,-0.002953970095,-0.00428656254,0,0,0.5435450489,0,0,0,0.009928319625,0
1,2,2,4,2,1500,500,v1,0,0.02648348841,0,0,0,0,0.08388278992,0,0,0,0,0,0,0.01240011182,0,0,0,0,0.0358373339,0,0,0,0,0,0,0.002293559967,0,0,0.06363542073,0,0.006628575253,0.2015564017,0,0,0,0,0,0,0,0,0,0,0,0,0,0,0,0,0,0,0.004746551493,0,0,0.1316943117,0,0,0,0.01371792071,0.4171235343,0,-0.288612682,0,0.1047227785,0,0,0,0,0,0,0.02898441379,0,0,0,0.08376731709,0,-0.02702901994,0,-0.04813880065,0,0,0,0,0,0,0.06618932253,0,0,0,0.2096455328,0,-0.5019074608,0,-0.008781686351,0,0.251631423,0,0,0,0,0,0,0,0,0,0,0,0,0,0,0,0,0,0.08376731709,0.2096455328,0,0,0.02898441379,0.06618932253,0,0,0.2994337145,0,0,-0.01824733359,0,-0.5402441051,0,0,0,0,0,0,0,0,0
