1,2,2,4,1,1500,500,v1,0,0,0.04176682351,0,0,0,0,0,0,0.04901754221,0,0,0,0,0.1026017116,0,0,0,0,0,0,0.09455372846,0,0,0.004519374777,0,0.05061054269,0.06649756059,0,0.2187856317,0,0,0,0.04664069863,0.2567668077,0,0.0002041613283,0,0.002286315282,0.003004006299,0,0.009883571817,0,0,0,0.002106978831,0.01159935945,0,0.002491757144,0,0,0.03666342798,0,0,0,0,0,0,0,0,-0.4969829008,0,0,-0.09059605,0,0,0,0.01081443853,0,0,0.07621024965,0.1591224087,0,0,0.07023238831,0.0964470124,0,0,-0.1940754377,0,0,0,0.1591224087,0,0,0.4054878746,0.01081443853,0,0,0.4758805516,-0.3442166888,-0.07101575306,0,0.0922783662,0,-0.475544532,0,0,0,0,0,0,0,0,0,-0.7780273722,-0.003201512865,0,0.004168646196,0,-0.02143836882,0,0,0,0,0,0,0,0,0,-0.07421726592,-0.03907396559,0,0,0,0,0,0.07023238831,0.4758805516,0,0,0.07621024965,0.4054878746,0,0
1,2,2,4,1,1500,500,v1,4.602143988e-05,8.337238478e-06,0,7.459120892e-05,0,0.0001631767279,0.001499257536,0,0.0003411639676,0,2.032217491e-05,5.531914754e-05,0,0,0.07484940052,0,0,0.1607696449,0,0,0.3361313259,0.05212885168,0.02002239465,0.05450311339,0.002604319673,0,0.00497728607,0.00215758086,0.000546225955,0,0,0.09822597511,0.02235183922,0.003466429998,0,0.003624312088,0.01131836589,0,0.0216312711,0.009376840278,0.01310387521,0,0,0.02123866389,0.04646198566,0.01506509491,0,0.005786417042,0.0004078291262,0,0,0.0003378710862,0.0004721655077,8.553744622e-05,0,0.0007652823579,0,0,0.01538191107,0,-0.6886234411,-0.0001203624597,-0.001504467542,0,0,0.0001741158199,-0.0003918205335,0.0214861175,0,0,0.1502761331,0.01780043992,0,0,0.1046597702,-0.02152655725,0,0,-0.1249933376,0,-0.1779676746,-0.3845280733,0.01780043992,0.02043115408,0.0009598452468,0,0.0214861175,0.03311466321,0.1726057403,0,-0.5849115905,-0.004752022833,0,-0.008344419253,-0.0987705587,0,-0.02592163967,0,0.03311466321,0,0.1710255824,0,0.02043115408,0,0.02129967825,-0.3179827354,-0.02069486205,0,-0.03661951198,-0.03434196806,0,0.04957671837,0,0.1726057403,0,0.5302786841,0,0.0009598452468,0,0.08598361615,-0.1601842416,-0.0007441533924,0,0,-0.001234881004,-0.01543536409,0,0.1046597702,0,0.02129967825,0.08598361615,0.1502761331,0,0.1710255824,0.5302786841
1,2,2,4,2,1500,500,v1,0.05298060856,0,0,0.655385421,0,0,0,0,0,0,0,0,0,0,0,0,0,0,0,0,0,0,0,0,0,0,0,0,0,0,0,0,0,0,0,0,0,0,0,0,0.002347885968,0,0,0.02904402716,0,0,0,0,0,0,0,0,0.01946420635,0,0,0.2407778509,0,0,0,0,-0.2910290293,-0.708354249,0,0,0,0,0,0,0,0,0,0,0,0,0,0,0,0,0,0,0,0,0,0.1121198605,0,0,0,1.386955057,0,0,0,0,0,0,0,0,0,0,1.386955057,0,0,0,0.1121198605,0,0,-0.968056482,0,0,0,-0.03132679629,0,0,0,0,0,0,0,0,0,0,-0.7396810453,0,0,0,-0.2597022331,0,0,0,0,0,0,0,0,0,0
1,2,2,4,0,1500,500,v1,0,0,0,0,0.01613993756,0,0,0.003205714919,0,0,0,0,0.01034654936,0.03530393137,0,0.01202133238,0.0216922661,0,0.01061758375,0.004308518592,0,0,0,0,0,0.3745352932,0,0,0,0,0.1126407085,0,0,0,0,0,0,0.09829218345,0,0,0,0,0.1142026164,0,0,0,0,0,0,0.02048603661,0.06990133669,0,0,0,0.02380208576,0,0.04295041196,0.02102268126,0,0.008530812208,-0.02600572169,0,0,0,0.01835642653,0,0,0,0.1935887676,0.7192741564,0,0,0.2249247396,0.2163202028,0,-0.8669113826,-0.02232148363,-0.04582625926,0,0.02467125269,0,0,0,0,0,0,0,0,0,0,-0.1365616718,0,-0.487167901,0,0,0,0,0.2249247396,0,0.009572627205,0,0.1935887676,0,0.001901315524,0,-0.06651773831,0,-0.2124912665,0,0,0,0,0.2163202028,0,0.001901315524,0,0.7192741564,0,0.009572627205,0,-0.7247792311,0,-0.04419625469,-0.09073541255,0,0,-0.05067697438,0,0,0,0,0,0,0,0
1,2,2,4,2,1500,500,v1,0,0,0,0,0,0,0,0,0,0,0,0,0,0,0,0,0,0,0,0,0,0,0,0,0.09962863172,0,0,0.519961931,0,0,0,0,0,0,0,0,0.04548791772,0,0,0.2374014892,0,0,0,0,0,0,0,0,0.01568097995,0,0,0.08183905042,0,0,0,0,0,0,0,0,0,0,0,0,0,0,0,0.06004671689,0,0,0,0.313383877,0,0,0,0,0,0,0,0,0,0,0.313383877,0,0,0,0.06004671689,0,0,0,0.3609574687,-0.6099111979,0,0,0,0,0,0,0,0,0,0,0,0,0,-0.5173777838,0.2684240545,0,0,0,0,0,0,0,0,0,0,0,0,0,-0.3414871434,0.09253341414,0,0,0,0,0,0,0,0,0,0,0,0,0
1,2,2,4,4,1500,500,v1,0.03430049346,0,0.04117942283,0.02973633852,0,0.08410040144,0,0,0.006167086402,0.08321560542,0.04259194329,0.02052228386,0.05194260169,0.02800734152,0.0008282316927,0.06406633971,0,0.01123819364,0.006254246558,0,0.0008240972694,0.01294845675,0.005691488957,0.002742357896,0.0004421638958,0.0249525297,0.0007378949514,0.001951709734,0,0.004902542772,0.005572084479,0,0.0007342114772,0.01153614495,0.009907085549,0.002443243919,5.914203522e-05,0.006189839387,9.869781232e-05,0.0002610527158,0.0005462035162,0.0006557440805,0.007634587796,0.0004735235858,0.00133922082,0.001543027591,0.001325131265,0.0006782371574,0.001197329132,0.1253131549,0.06756858939,0.005285006179,0.01105787752,0,0.1545620529,0.009586474016,0,0.01508856588,0,0,-0.0637215357,-0.06390587608,0,-0.1243929598,0,-0.1266902381,-0.02668892648,0.002517445284,0.1022934135,0.1786801486,0.002494611008,0.01111199555,0.1261693556,0.03990061577,0.03900042494,-0.5463666208,0.1100769056,-0.03418952202,-0.01377644435,0,-0.01689456504,-0.0035590572,0.01111199555,0.06848170182,0,0.07008824295,0.002517445284,0.05936926408,0,0.141634709,-0.2942844935,-0.002388860738,-0.03016592341,-0.01224859301,0,-0.01477890843,-0.00317086434,0.1261693556,0.05936926408,0,0.1449754919,0.1022934135,0.06848170182,0,0.07342162252,-0.5672038532,-0.0003164293092,0.01311752511,-0.001638319942,-0.001007735266,-0.001976766378,-0.002013273126,0.03990061577,0,0,0.01158309026,0.1786801486,0,0,0.03854518177,-0.008779916141,-0.006381003844,-0.2755029434,-0.08136506415,-0.02032036592,0,0,0.03900042494,0.141634709,0.07342162252,0.03854518177,0.002494611008,0.07008824295,0.1449754919,0.01158309026
1,2,2,4,2,1500,500,v1,0,0.01308589027,0,0,0.1158811275,0,0.03278573685,0.1621485988,0.008796395754,0,0,0.003348017785,0.02976178345,0.004368736775,0,0.04940576344,0.06200214678,0,0.005023331527,0.08675753717,0.004706507716,0,0,0.001791355458,0.03381113555,0.008201300374,0,0.01859082886,0.01314389644,0,0.009430151746,0.03293106707,0.008835387775,0,0,0.003362858634,0.008454197992,0.01397006574,0,0.004648484752,0,0,0.02319087378,0,0,0,0,0,0.01501435156,0.02481033429,0.003641912791,0.008255541725,0,0.005836748126,0.04118615771,0,0.0516868887,0.004187603026,0.0146235437,0.07232374039,-0.2989512613,0,0.0259806018,0,-0.2780250916,0,-0.0121191551,0.08493043881,0.1026917984,0.02404765708,0,0.04669843166,0.1704726502,0.02765086147,0,-0.5539420031,-0.07916594036,-0.009372396812,0,-0.1484511136,0,-0.006421449403,0.04669843166,0,-0.007558004629,0,0.08493043881,0,-0.01893602386,0,-0.02642553458,-0.05158281994,-0.01735583793,0,-0.02773198574,0,-0.01200738933,0.1704726502,0,0.3439986131,0,0.1026917984,0,0.481345784,0,-0.2198297595,-0.01294859724,-0.03708385591,0,0,0,0,0.02765086147,-0.01893602386,0.481345784,0.03318961022,0.02404765708,-0.007558004629,0.3439986131,0.01263238053,-0.6357370373,-0.02322116313,-0.06585983607,-0.007737444296,0,0.0194140696,-0.1237533928,0,0,0,0.01263238053,0,0,0,0.03318961022
1,2,2,4,3,1500,500,v1,0,0,0,0,0,0.03014941482,0,0,0,0,0.006854589271,0,0,0,0,0,0,0.005646305515,0,0,0,0,0.001283709997,0,0,0,0,0,0,0,0,0,0,0,0,0,0,0,0,0,0,0,0,0,0.7789651565,0,0,0.1771008239,0,0,0,0,0,0,0,0,0,0,0,0,-0.9345545008,0,0,0,0,0.0351118311,0,0,0,0,0,0,0,0,0,-0.9060183239,0,0,0,0,0.00657565418,0,0,0,0,0,0,0,0,0,0,0,0,0,0,0,0,0,0,0,1.099246047,0,0,0,0.2499179572,0.04168748528,0,0,0,0,0,-0.941130155,0,0,0,0,0,0,0,0,0,0,0,0,0,0,0,0,0,0.2499179572,0,0,0,1.099246047,0
1,2,2,4,4,1500,500,v1,0,0,6.87624099e-05,0,0.000822964352,0.007074005981,0,0.001451526981,4.3751609e-06,2.750993629e-05,0.001475494736,0.0001520607734,0.4450885271,0,0.01113411856,0.07821292734,0.01430358178,0.1229501896,0,0.02522835264,7.604274911e-05,0.06884779048,0.02564492565,0.002642901484,0,0,0.000488693844,0,0,5.245608757e-05,0,0,3.337634961e-06,0.003021836996,2.098622822e-05,0.0001160010717,0,0.01707757463,0.000427204318,0,0,4.58558408e-05,0.003000947053,0,0.004717468346,0.002641616686,1.834565223e-05,0.0009839685928,0,0.1282500515,0,0,0,0,0.02253666709,0,0.004121506146,0,0,0.007269424682,-0.185709564,0,0,-9.627054522e-05,-0.0009745669398,-0.008531766327,-0.0001561114363,0,0.4676032692,0,0.01807189758,0,0.08216931734,0,0.1117475273,0.1275504218,-0.5174622714,0,-0.07998057912,-0.02709201908,-0.1485926444,-0.002718899023,0,0,0,0.0002503038255,0,0,0,0.0001001396573,-0.08607838374,0,0,-0.00350324888,0,-7.32901173e-05,-0.0001190911602,0.08216931734,0,0.01597081252,0.2020727403,0.4676032692,0,0.02816897884,0.04214829127,-0.6151637225,0,0.007870865491,-0.003062455291,0,-6.406832602e-05,-0.005689610341,0,0,0.02816897884,0.0001256074226,0,0,0.01597081252,0.004365545007,-0.537657992,0,0.1430763483,0,0,0,-0.001359941549,0.1117475273,0.0001001396573,0.04214829127,0.004365545007,0.01807189758,0.0002503038255,0.2020727403,0.0001256074226
1,2,2,4,0,1500,500,v1,0,0,0,0,0,0,0,0,0.4883885971,0,0,0.3075917283,0,0,0,0,0,0,0,0,0.07252590842,0,0,0.04567749872,0,0,0,0,0,0,0,0,0.05265417389,0,0,0.03316209355,0,0,0,0,0,0,0,0,0,0,0,0,0,0,0,0,0,0,0,0,0,0,0,0,0.1935872761,0,0,0,0,0,-0.7835453854,0,0,0,0,0,0,0,0,-0.7021172707,0,0,0,0,0,0.1121591614,0,0,0,0,0,0,0,0,-0.671386224,0,0,0,0,0,0.08142811467,0,0,0,0,0,0,0,0,0,0,0,0,0,0,0,0,0,0,0.5429697271,0,0,0,0.3419674369,0,0,0,0,0,0,0,0,0,0,0.3419674369,0,0,0,0.5429697271
1,2,2,4,4,1500,500,v1,0,0,0.1563995631,0,0,0,0,0,0,0.05326383187,0,0,0,0,0.01014522885,0,0,0,0,0,0,0.00317933909,0,0,0,0,0.07066819515,0,0,0.1646711811,0,0,0,0.02214618898,0.05608083507,0,0,0,0.1044463523,0,0,0.2433811158,0,0,0,0.03273167867,0.08288649009,0,0,0,0,0,0,0,0,0,0,0,0,0,-0.5465562286,0,0,-0.2092285057,0,0,0,0,0,0,0.2776355369,0,0,0,0.08700619257,-0.2297975578,0,0,-0.01329692854,0,0,0,0,0,0,0.8456726588,0,0,0,0.2880044426,-0.6859630943,0,0,-0.09262196147,0,-0.2202941648,0,0,0,0,0,0,0,0,0,-0.5354415604,0,0,-0.1371755963,0,-0.3262620638,0,0,0,0,0,0,0,0,0,0,0,0,0,0,0,0,0.08700619257,0.2880044426,0,0,0.2776355369,0.8456726588,0,0
1,2,2,4,1,1500,500,v1,0.009909109418,0.04790466069,0,0.01573331275,0,0.01362415988,0.01779832865,0,0.01182628469,0,0.01177279309,0.00149196248,0,0,0,0,0,0.1610355236,0,0,0.1397849089,0,0.1391526462,0.01763477244,0,0,0,0,0.1812331031,0,0,0.06733470783,0.04474124734,0,0,0.005644398396,0,0,0,0,0.007278000165,0,0,0.01155573604,0.01000661449,0,0,0.008646830552,0,0,0,0,0.008232610836,0.03979978544,0,0.0130714311,0,0,0.01478707189,0,-0.7641730069,-0.02564185252,-0.0655667004,0,0,-0.02534340117,0.01263722828,0,0,0,0,0,0,0,0,0.0166688594,0,0,0,0,-0.2954956541,-0.1549604432,0,0.03808107195,0.4031289131,0,0,0.06046366276,0.1497770944,0,-0.2623635421,0,0,0,-0.2485636778,0,0.04780921201,0,0.06046366276,0,0.2730041888,0,0.03808107195,0,0.2359056637,-0.3677408659,0,0,0,-0.01879467919,0,-0.01843417973,0,0.1497770944,0,0.1258892582,0,0.4031289131,0,0.01588174607,-0.3585669099,0,0,0,-0.02125995811,-0.05447362678,0,0,0,0.2359056637,0.01588174607,0,0,0.2730041888,0.1258892582
1,2,2,4,4,1500,500,v1,0,0,0,0,0,0,0,0,0.001239262412,0,0,0.006109540043,0,0.2778365994,0,0,0,0,0.03693301703,0,0.1054534534,0,0,0.5198835128,0,0.001721162172,0,0,0,0,0.0002287953132,0,0.0006532706463,0,0,0.003220611819,0,0,0,0,0,0,0,0,0,0,0,0,0,0,0.04123886344,0,0,0,0,0,0,0.005481911487,0,0,-0.629192415,0,0,0,0,0,-0.007333558697,0,0,0.3490993395,0,0,0,0.04640602383,0,0.03498258421,0,-0.3098522319,0,0,0,-0.6253265682,0,0,0,0,0,0,0,0,-0.898180617,0,0.001850247819,0,0,0,-0.003865846798,0,0,0,0,0,0,0,0,0,0,0,0,0,0,0,0.04640602383,0,0,0.1610104609,0.3490993395,0,0,0.7937784997,-0.3080019841,0,0,0.04433174189,0,0,0,0,0,0,0.7937784997,0,0,0,0.1610104609
1,2,2,4,4,1500,500,v1,0,0,0,0,0,0,0,0,0,0,0,0,0,0,0.1247056806,0,0,0,0,0,0,0.05216763284,0,0,0,0,0.5437830835,0,0,0,0,0,0,0.227478621,0,0,0,0,0.03656774311,0,0,0,0,0,0,0.01529723897,0,0,0,0,0,0,0,0,0,0,0,0,0,0,0,0,0,0,0,0,0,0,0,0,1.057069399,0,0,0,0.44219965,-0.8230062777,0,0,-0.1765064218,0,0,0,0,0,0,0,0,0,0,0,-0.2282638193,0,0,-0.7712488801,0,0,0,0,0,0,0,0,0,0,0,-0.9477553019,0,0,-0.05175739757,0,0,0,0,0,0,0,0,0,0,0,0,0,0,0,0,0,0,0.44219965,0,0,0,1.057069399,0,0,0
1,2,2,4,1,1500,500,v1,0,0,0,0,0,0,0,0,0,0,0,0,0,0,0.1028305655,0,0,0,0,0,0,0.1455574734,0,0,0,0,0.2279575987,0,0,0,0,0,0,0.3226757721,0,0,0,0,0.08320345127,0,0,0,0,0,0,0.1177751391,0,0,0,0,0,0,0,0,0,0,0,0,0,0,0,0,0,0,0,0,0,0,0,0,0.07181265326,0,0,0,0.101651375,-0.3513295771,0,0,0.2356868916,0,0,0,0,0,0,0,0,0,0,0,0.4263885871,0,0,-0.5420312726,0,0,0,0,0,0,0,0,0,0,0,-0.306344381,0,0,0.1907016955,0,0,0,0,0,0,0,0,0,0,0,0,0,0,0,0,0,0,0.101651375,0,0,0,0.07181265326,0,0,0
1,2,2,4,3,1500,500,v1,0,0,0.0006710083745,0,0,0,0,0,0.0004084369361,0.0005341946969,0,0.002181259717,0,0.0577058161,0,0,0,0,0.2926052533,0,0.01750178492,0,0,0.09346837917,0.01814970246,0.01002846264,0,0.04981396996,0,0.004996892965,0.05085069495,0,0.003041565098,0,0.003978063202,0.01624349523,0.01106359905,0,0,0.03036533476,0,0.003045979425,0,0,0,0,0.0024249266,0,0.0466158727,0,0.0257572012,0.127942686,0,0,0,0,0,0.1306054206,0,0,-0.1445550947,0,0,-0.001191030066,0,0,-0.002584324796,0.02725219618,0,0.1401244321,0,0.07479682299,0,0.7105201582,0,-0.2386205337,0,-0.3503052416,0,0,0,-0.1109683189,0.07479682299,0,0,0.01297200991,0.02725219618,0,0,0.01032711347,-0.7589933881,0.06448839832,-0.06075287481,0,0,-0.008956601024,-0.01924505697,0,0,0,0,0,0,0,0,-0.1174908058,0.03931049524,0,0,0,-0.005385117829,0,0.7105201582,0,0,0.0314165093,0.1401244321,0,0,0.1677800417,-0.3072592228,-0.171831573,0,-0.1560382771,0,0,0,0,0.01032711347,0,0.1677800417,0,0.01297200991,0,0.0314165093
1,2,2,4,2,1500,500,v1,0,0,0,0,0.02366485931,0,0,0.01852430807,0.006536608991,0,0,0.006186967457,0.06864285329,0.0002332682724,2.104457091e-06,0.04835234073,0.09357431713,0,1.75452864e-06,0.07324782517,0.0258467086,5.057732173e-05,0,0.0244641748,0.0004415032919,3.905268472e-05,3.523183776e-07,0.001187277362,0,0,2.937349906e-07,0,0.004327135241,8.46741899e-06,0,0.004095677889,0.000962368056,0.0250494274,7.679669856e-07,0.002587971207,0,0,0.01764493157,0,0,1.845688062e-05,0,0,0.00497582831,0.1295155728,0.0004401313825,0.01338084771,0,0,0.09123136358,0,0.1765563449,3.310450701e-06,0,0.1382042497,-0.522833221,0,0,0,-0.0421016536,0,0.009897154089,0.008008763828,0.3345170223,0.001062289176,4.808788864e-06,0.02153692661,0.235635329,7.990013802e-06,0.0001155716882,-0.6028257248,-0.1167525135,-0.0002322589855,-5.257404577e-05,-0.1664761058,0,-0.04959388397,0.02153692661,0,0,0,0.008008763828,0,0,0,-0.06012902078,-1.120286173e-05,-3.872547027e-05,-8.680838608e-06,0,0,0.007992118671,0.235635329,0,0.4403240906,0,0.3345170223,0,0.3446755734,0,-0.3543201996,-0.002933952508,-0.04260579726,-1.899876703e-05,0,0,0,7.990013802e-06,0,0.3446755734,0.02443188606,0.001062289176,0,0.4403240906,0.02312503075,-0.37115221,-0.01675197159,-0.2207432567,-0.000442535004,0,0,-0.3147553499,0.0001155716882,0,0,0.02312503075,4.808788864e-06,0,0,0.02443188606
1,2,2,4,2,1500,500,v1,0,0,0,0,0,0,0,0,0.2934213244,0,0,0.5577940853,0,0,0,0,0,0,0,0,0.0141667546,0,0,0.02693100763,0,0,0,0,0,0,0,0,0.03712058235,0,0,0.07056624573,0,0,0,0,0,0,0,0,0,0,0,0,0,0,0,0,0,0,0,0,0,0,0,0,0.1411765979,0,0,0,0,0,-0.8379175777,0,0,0,0,0,0,0,0,-0.7357372377,0,0,0,0,0,0.03899625789,0,0,0,0,0,0,0,0,-0.7989213199,0,0,0,0,0,0.10218034,0,0,0,0,0,0,0,0,0,0,0,0,0,0,0,0,0,0,0.3602589757,0,0,0,0.6848524941,0,0,0,0,0,0,0,0,0,0,0.6848524941,0,0,0,0.3602589757
1,2,2,4,2,1500,500,v1,0,0,0,0,0,0,0,0,0,0,0,0,0,0.1240905097,0,0,0,0,0.0297332846,0,0,0,0,0,0,0.2151681188,0,0,0,0,0.05155635938,0,0,0,0,0,0,0,0,0,0,0,0,0,0,0,0,0,0,0,0.4674469288,0,0,0,0,0,0,0.1120047988,0,0,0,0,0,0,0,0,0,0,0,0.2073502556,0,0,0,0.04968312387,0,-0.3173137121,0,0.1459581258,0,0,0,0,0,0,0,0,0,0,0,0,-0.4244412951,0,0.2530857088,0,0,0,0,0,0,0,0,0,0,0,0,0,0,0,0,0,0,0,0.04968312387,0,0,0,0.2073502556,0,0,0,0.3990438346,0,0,-0.5703994209,0,0,0,0,0,0,0,0,0,0,0
1,2,2,4,3,1500,500,v1,0.03749340586,0.00334179789,0.001131292641,0.002195818704,0,0,0.0005567611568,0,0.0101505594,0.008909734953,0,0.01238014019,0,0.0993410334,0,0,0,0,0.1029624371,0,0.185187402,0,0,0.2258640048,0.0005221113708,0.005065541448,0,0.0002852300664,0.003108843372,0.00105243098,0.005250202005,0.0005179497051,0.009442970627,0,0.008288643228,0.01151712881,0.0001018499992,0,0,5.564077636e-05,0.006804111674,0.0002053012066,0,0.0003984859559,0,0,0.001616893163,0,0.002589240021,0,0.02512089064,0.00141450492,0.1729747511,0.01541728859,0,0.01013034652,0,0.02603665408,0.002568601606,0,-0.6380011825,0.03765974477,-0.003890472193,-0.01002036799,0,0,-0.02248396374,0.004800236121,0,0.1941947961,0,0.002622374734,0,0.2012740233,0,-0.1047463582,0,-0.2023001066,0,0,0,-0.4110445719,0.002622374734,0.1923601711,0.03278143921,0.003556648893,0.004800236121,0.01126566264,0.005461560697,0.02801114411,-0.7247205465,-0.0007978472245,-0.01029434531,0,-0.003619269952,-0.009231342154,-0.02091662151,0,0.01126566264,0,0,0,0.1923601711,0,0,-0.166629969,-0.0001550022798,0,0,0.006834298009,-0.001793485195,0,0.2012740233,0.005461560697,0,0.3071058143,0.1941947961,0.03278143921,0,0.3745619215,-0.1765630008,-0.003995557733,0,-0.05105142766,-0.1802445986,-0.01798559113,0,0,0.02801114411,0,0.3745619215,0,0.003556648893,0,0.3071058143
1,2,2,4,3,1500,500,v1,0,0,0,0,0,0,0,0,0.5189022847,0,0,0.1596870683,0,0,0,0,0,0,0,0,0.05970774127,0,0,0.01837446941,0,0,0,0,0,0,0,0,0.1860678789,0,0,0.05726055746,0,0,0,0,0,0,0,0,0,0,0,0,0,0,0,0,0,0,0,0,0,0,0,0,-0.3207439404,0,0,0,0,0,-0.6785780654,0,0,0,0,0,0,0,0,-0.9214017625,0,0,0,0,0,-0.07792024329,0,0,0,0,0,0,0,0,-0.7564983087,0,0,0,0,0,-0.2428236971,0,0,0,0,0,0,0,0,0,0,0,0,0,0,0,0,0,0,1.146239189,0,0,0,0.3527438195,0,0,0,0,0,0,0,0,0,0,0.3527438195,0,0,0,1.146239189
1,2,2,4,0,1500,500,v1,0,0,0.008509673931,0,0,0.01968917311,0,0,0.004868391347,0.02596296087,0.1166981282,0.0127125278,0.04548249222,0.0358841504,0.01733197061,0.1724773869,0,0.03266077318,0.08684199724,0,0.008075779751,0.02615781226,0.1935810648,0.02108778184,0,0.00203765699,0.000984184122,0,0,0.0008015678943,0.004931263544,0,0.0004585776415,0.001485353516,0.002445578532,0.001197455299,0,0.01290181912,0.004916484101,0,0,0.004004226161,0.048925904,0,0.009264738307,0.0074200719,0.01221686847,0.05491229179,0,0.0004103730546,0.0003237704817,0,0,0,0.001556204787,0,0,0.0007835457984,0,0,-0.2119486135,0,0,-0.03393376047,0,0.1294132295,-0.01730523621,0,0.08814947158,0.05736012427,0.03483016616,0,0.3342778661,0.1388152624,0.05256649493,0.08486998229,-0.2179562535,-0.122724107,-0.04348905961,0,-0.22270744,-0.02910391678,0,0,0,0.01974695161,0,0,0,0.06024781302,-0.2761591876,0,-0.006954464771,-0.00246441503,0,-0.003208960477,-0.001636558245,0.3342778661,0,0,0.007015749578,0.08814947158,0,0,0.04158248992,-0.396309158,0,-0.06169947312,-0.01231096608,0,-0.01618712214,0.06089538408,0.1388152624,0,0,0.0199567504,0.05736012427,0,0,0.05211181645,-0.4093342983,0,-0.001962498532,-0.001105019353,0,0,0,0.05256649493,0.06024781302,0.04158248992,0.05211181645,0.03483016616,0.01974695161,0.007015749578,0.0199567504
1,2,2,4,1,1500,500,v1,0,0,0,0,0.01850867176,0,0,0.1134077864,0,0,0,0,0,0,0,0,0.01492410659,0,0,0.09144415728,0,0,0,0,0,0,0,0,0,0,0,0,0,0,0,0,0,0,0,0,0,0,0,0,0,0,0,0,0,0,0,0,0,0,0,0,0.1068732307,0,0,0.6548420473,-0.6488864327,0,0,0,0.1251710054,0,0,0,0,0,0,0,0,0,0,-0.6246446269,0,0,0,0.1009291996,0,0,0,0,0,0,0,0,0,0,0,0,0,0,0,0,0,0,0,0.1102206322,0,0,0,0.6753525087,0,0,0,0,0,0,0,0,0,0,0.6753525087,0,0,0,0.1102206322,0,0.2261002051,0,0,0,0,0,-0.7498156323,0,0,0,0,0,0,0,0
1,2,2,4,3,1500,500,v1,0,0,0,0,0,0,0,0,0,0,0,0,0,0,0.14447649,0,0,0,0,0,0,0.5684254947,0,0,0,0,0.001595547616,0,0,0,0,0,0,0.006277491532,0,0,0,0,0.05658764507,0,0,0,0,0,0,0.2226373311,0,0,0,0,0,0,0,0,0,0,0,0,0,0,0,0,0,0,0,0,0,0,0,0,0.1305171221,0,0,0,0.5135040288,0.2724174603,0,0,-0.7017648942,0,0,0,0,0,0,0,0,0,0,0,-0.436817891,0,0,0.007470456985,0,0,0,0,0,0,0,0,0,0,0,-0.6942944372,0,0,0.2649470033,0,0,0,0,0,0,0,0,0,0,0,0,0,0,0,0,0,0,0.5135040288,0,0,0,0.1305171221,0,0,0
1,2,2,4,1,1500,500,v1,0,0,0,0,0,0,0,0,0.000653664596,0,0,0.003496942256,0,0,0,0,0,0,0,0,0.1296881951,0,0,0.6937994384,0,0,0,0,0,0,0,0,0.02714465234,0,0,0.1452171073,0,0,0,0,0,0,0,0,0,0,0,0,0,0,0,0,0,0,0,0,0,0,0,0,-0.6470748039,0,0,0,0,0,0.003938368572,0,0,0,0,0,0,0,0,0.1674865343,0,0,0,0,0,-0.8106229696,0,0,0,0,0,0,0,0,-0.8066846011,0,0,0,0,0,0.1635481657,0,0,0,0,0,0,0,0,0,0,0,0,0,0,0,0,0,0,0.151927971,0,0,0,0.8127766821,0,0,0,0,0,0,0,0,0,0,0.8127766821,0,0,0,0.151927971
1,2,2,4,4,1500,500,v1,0,0,0.001042399997,0,0,0.00203491067,0,0,0.0001979317027,0.0159828368,0.001347102729,0.0005416819812,0,0.04605246252,0.08237808189,0,0,0.0152201129,0.06108589055,0,0.001480430029,0.02067545058,0.0100756539,0.004051509992,0.00756282923,0.0533256655,0.09538829846,0.01479672733,0,0.009027975109,0.07073336774,0,0.001714238766,0.02394078625,0.1384234969,0.004691377069,0.005154774331,0,0.06501603269,0.01008535138,0,0.006153408062,0,0,0.01201231366,0.0163178814,0.09434853902,0.007952103622,0.005226593278,0,0.03685281743,0.01022586564,0,0,0,0,0,0.0488831009,0,0,-0.3048867834,0,0,-0.01698992103,0,-0.003374998025,-0.0007380794893,0.02667922863,0,-0.0392601801,0.3637124018,0.05219809797,0,-0.05207632939,0.09128547518,-0.2717006309,0,0.1016587582,-0.1028406994,0,-0.02529522937,-0.005520485199,0.05219809797,0,0,0.02431305339,0.02667922863,0,0,0.3727855571,-0.1548083138,-0.02231382655,-0.1221196234,-0.1193260097,0,-0.1474489944,-0.006405485951,0,0,0,0.0438568822,0,0,0,0.02903310426,-0.4527998308,-0.0150609055,0,-0.08116520894,0,-0.1002934916,-0.01992309691,-0.05207632939,0,0,0.005083631226,-0.0392601801,0,0,0.01391244473,-0.05783559725,-0.01521015236,0,0.08135187153,0,0,0,0.09128547518,0.3727855571,0.02903310426,0.01391244473,0.3637124018,0.02431305339,0.0438568822,0.005083631226
1,2,2,4,0,1500,500,v1,0.006911243098,0.01352547822,0.07441583707,0.0001251636718,0,0.0001100890993,0.005026576426,0,0,0.0005456813598,0.007188881909,0,0.001918958985,0.001005334314,0.0008658557821,0.003213333422,0,2.962425496e-05,0.002310906449,0,0,0.001903984831,0.001934480997,0,0.02502502507,0.01152997362,0.009930322863,0.01282964514,0.04174202896,0.2296604952,0.02650331339,0.01551290796,0,0.02183641259,0.001684069631,0,0.007075382689,0.006222414146,0.002807622941,0.003627354971,0.006030488703,0.06493243812,0.01041955118,0.0001092130747,9.605957427e-05,0.006173858975,0.0004761408663,0.006272745804,0.04314528942,0.03794393477,0.01987866334,0.02211940851,0.03677358411,0.07196683779,0.06353784251,0.0006659752446,0,0.04569398526,0.02674558373,0,-0.3727971208,-0.006925621566,0.01434849554,0.07112841539,0,-0.007184831963,0,0.1127675894,0.06910168375,0.04858145747,0.02039402475,0.0578128538,0.1157120875,0.1116715079,0.04484570589,-0.2758829726,-0.005121646396,-0.003309361823,-0.002764095081,0,-0.001944657903,0,0.0578128538,0.07419057567,0.1269104465,0.1780037614,0.1127675894,0.001343602697,0.04716469753,0.001305277726,-0.1284214535,-0.03777614969,-0.03795439899,-0.03176620721,-0.03530025116,-0.2284197544,0,0.1157120875,0.001343602697,0,0.0003503382936,0.06910168375,0.07419057567,0,0.02287729524,-0.4548812452,-0.01068053677,-0.01660744458,-0.008962851469,-0.006067499818,0.03775197958,-0.006355599158,0.1116715079,0.04716469753,0,0,0.04858145747,0.1269104465,0,0,-0.1453944153,-0.06526360903,-0.1014800899,-0.06557154941,-0.03736299753,-0.09509834042,0,0.04484570589,0.001305277726,0.02287729524,0,0.02039402475,0.1780037614,0.0003503382936,0
1,2,2,4,2,1500,500,v1,0,0,0,0,0,0.4220058973,0,0,0,0,0.1037695302,0,0,0,0,0,0,0.3752878585,0,0,0,0,0.09228175485,0,0,0,0,0,0,0,0,0,0,0,0,0,0,0,0,0,0,0,0,0,0.005341504897,0,0,0.001313454284,0,0,0,0,0,0,0,0,0,0,0,0,-0.4732423241,0,0,0,0,-0.5257650607,0,0,0,0,0,0,0,0,0,-0.5324062153,0,0,0,0,-0.4666011694,0,0,0,0,0,0,0,0,0,0,0,0,0,0,0,0,0,0,0,1.20275803,0,0,0,0.2957530475,-0.9923662301,0,0,0,0,0,-0.006641154674,0,0,0,0,0,0,0,0,0,0,0,0,0,0,0,0,0,0.2957530475,0,0,0,1.20275803,0
1,2,2,4,0,1500,500,v1,0.1197968717,0,0.1154564284,0.04409862552,0.02537014763,0.03970113829,0,0.01507137426,0.007542329926,0.07728230526,0.005421057247,0.01707595966,0.0002969575506,0,2.037971493e-05,0.000199853815,0.0001880723342,0.0002943099055,0,0.0001117261349,5.591231141e-05,0.0009135672681,4.018703025e-05,0.0001265863975,0,0,0.004216329977,0,0,0.1770747047,0,0,0.01156761787,0.1890066211,0.118527323,0.02618927813,0,0.0001587313031,1.089347182e-05,0,0.0004746960378,0.0004574969976,0.0001068269065,0.0001747411474,0.00015731607,0.0004883247543,0.0003062317371,2.14809816e-05,0,0.0002948917303,0,0,0.0008818924383,0,0.0001984635083,0.0003246348911,0.0001867639868,0,0,0.0001109488988,-0.2630616943,-0.1613334931,0,0.1385475073,-0.03980934217,-0.04441641011,-0.0242321808,0,0.001124451965,0,0.006371202277,0,0.0007567604647,0,0.2856036936,-0.3156895378,-0.0004967019369,0,-0.0009320096793,-0.0002988720052,-0.0003337955687,-5.820658722e-05,0,0.1789124403,0,0.09813839437,0,0.06585976753,0,0.06569024039,0.113040842,0,0,-0.1932197382,0,-0.2479805116,-0.01228314157,0.0007567604647,0.06585976753,0.0380205011,0.05929396154,0.001124451965,0.1789124403,0.02258643239,0.008096388634,-0.5118615905,0,-0.0002650073581,-0.0004981826884,-0.0006439734867,0.0002139144489,-0.0001766944388,0,0,0.02258643239,0.01680760407,0,0,0.0380205011,0.03805268937,-0.20284739,0,-0.000492432325,0,-0.001204005356,0,-0.0002964081532,0.2856036936,0.06569024039,0.008096388634,0.03805268937,0.006371202277,0.09813839437,0.05929396154,0.01680760407
1,2,2,4,0,1500,500,v1,0.0001476975738,0.001773861387,0.0009573311942,0.0008331797829,0.0001322734381,0.001356129627,0.0001370427479,1.966747342e-05,0.003550247049,0.0003391951891,0.00353784772,0.004735536892,0,0.0001054516471,0.01144534274,0,0.001270979518,0.01303068102,0.001023058981,0.000188979407,0.03411335902,0.00250999825,0.03399421725,0.04550248699,0,1.662406924e-05,0.001804316722,0,0.002687011724,0.001450147211,0.0001612815333,0.0002075897661,0.005377847172,0.0003956921094,0.0005138064658,0.007173301839,0,0,0.1095723429,0,0.0135866196,0.08806437666,0,0.07664375575,0.1247496279,0.02402954589,0.03120238124,0.3254446905,0,0,9.100828956e-05,0,0.001224804732,0.01471001699,0,0.006909270847,0.001096897727,0.0008829340318,0.001136447958,0.0001630955329,-0.731374558,8.528977649e-05,-0.001880773718,0.0002809050812,-0.0001495428291,0.004643727355,0.0005567303879,0,0,0.0003192884785,0.1841890445,0,0,0.003097634538,0.04039321405,-0.5870671815,0,-0.001128478648,-0.01392639317,-0.001456968129,0.03353493841,-0.07215545969,0,0.02194476227,0.02865765296,0.1327962609,0,0.1237930441,0.002213996843,0.04705148343,-0.3569161474,0,-0.0001775365696,-0.002195445311,-0.002885185381,-0.001903465122,-0.009916195554,0,0.1237930441,0.003724003784,0.1686856902,0,0.02194476227,0.0005537145184,0.4400643367,0.0126290825,0,0,-0.1335996672,-0.08935335281,-0.1182759362,-0.4440120171,0.003097634538,0.002213996843,0.0005537145184,0.05239059879,0.0003192884785,0.02865765296,0.003724003784,0.0698817885,-0.09694654831,0,0,-0.0009719334602,-0.007890474525,-0.01581514077,-0.001245301244,0.04039321405,0.04705148343,0.4400643367,0.0698817885,0.1841890445,0.1327962609,0.1686856902,0.05239059879
1,2,2,4,2,1500,500,v1,0.0005682980849,0.004074122435,0.0009829921965,0.0006896646997,0.004642558031,0,0.0001504984262,0.0002495236263,0,0.008049190213,0,0,0,7.149236502e-05,0,0,0.002584599411,0,0.0002348972946,0.0001389144978,0,0,0,0,4.269291175e-06,4.08270585e-05,0,2.424735905e-05,0.001295264322,0.00031251754,0.0001341425142,4.784717326e-05,0,0,0.002559036718,0,0.0009732223052,0,0,0.005527397804,0.04118668116,0.07124110965,0,0.04998257226,0,0,0.5833548268,0,0.0002692857367,0,0.002575168588,0.001529403284,0.01139614836,0.08169885653,0,0.01382992737,0.09309776242,0.008461045234,0.003017962648,0.005003726636,-0.942336914,-0.001255353369,-0.004049855106,0.008303293705,-0.004881933921,0,0,0.001862329341,0,0.004022421657,0,0.01057706452,0,0.01321618,0,-0.1141684841,0,-0.0003057088181,0,-0.002717864473,0,0,0.01057706452,0.07968843678,0.1264693398,0.1034172745,0.001862329341,0.09670682244,0.004671788075,0.8468279981,-0.7442881447,-2.806531244e-05,-0.0001722023538,0,0.001054095568,0.002724719408,0,0,0.09670682244,0.1504625706,0,0,0.07968843678,0.008086913723,0,-0.01720669116,-0.006487327212,0,0,-0.09116773724,-0.6445248615,0,0.01321618,0.004671788075,0.008086913723,0,0.004022421657,0.1264693398,0.1504625706,0,-0.1100119522,-0.00177753672,0,-0.01101448993,-0.02517374887,-0.08443165904,-0.09809985785,0,0.8468279981,0,0,0,0.1034172745,0,0
1,2,2,4,4,1500,500,v1,0,0,0,0,0,0,0,0,0,0,0,0,0,0,0,0,0,0,0,0,0,0,0,0,0.03366593345,0,0,0.01946176193,0,0,0,0,0,0,0,0,0.5417560619,0,0,0.3131809048,0,0,0,0,0,0,0,0,0.05825754244,0,0,0.03367779549,0,0,0,0,0,0,0,0,0,0,0,0,0,0,0,0.6691044316,0,0,0,0.3867990523,0,0,0,0,0,0,0,0,0,0,0.3867990523,0,0,0,0.6691044316,0,0,0,-0.754346705,0.0504110491,0,0,0,0,0,0,0,0,0,0,0,0,0,0.13764534,-0.841580996,0,0,0,0,0,0,0,0,0,0,0,0,0,-0.7911699469,0.0872342909,0,0,0,0,0,0,0,0,0,0,0,0,0
1,2,2,4,3,1500,500,v1,0,0.02700253788,0,0,0,0,0.0256319071,0,0,0,0,0,0,0,0,0,0,0,0,0,0,0,0,0,0,0,0,0,0.07688213289,0,0,0.07297964719,0,0,0,0,0,0,0,0,0,0,0,0,0,0,0,0,0,0,0,0,0,0.4091356126,0,0,0,0,0.3883681623,0,-0.9470414332,0,-0.05252526437,0,0,0,0,0,0,0,0,0,0,0,0,0,0,0,0,0,0,0,0,0,0.7691969857,0,0,0,0.7301530606,0,-0.8500157786,0,0,0,-0.149550919,0,0,0,0,0,0,0,0,0,0,0,0,0,0,0,0,0,0,0.7301530606,0,0,0,0.7691969857,0,0,-0.2020761833,0,0,0,0,-0.7974905142,0,0,0,0,0,0,0,0,0
1,2,2,4,2,1500,500,v1,3.54928457e-05,0,0.000240853379,4.655109708e-05,3.084885768e-05,0.0001417825587,0,0.0001263382965,0.0003741932793,0.0007086448236,3.769096525e-05,3.581491611e-05,0.003961063245,0.007979001172,0,0.025783573,0.001182909548,0.005436698636,0.008071729767,0.004844483346,0.01434856381,0,0.001445272403,0.001373334685,0.02606909071,0.00256673868,0,0.009872581623,0,0.002970970369,0.002596568237,0,0.004615742366,0,0.008741263179,0.000441783524,0.1217361653,0.005950296917,0,0.04610249901,0.002044467128,0.01387369218,0.03873200336,0.002681447088,0.008166991823,0,0.04081952345,0.00217108372,0.2837332411,0.01386849196,0.0279361138,0.1074521399,0.004765085896,0,0.09027355855,0.006249709535,0.004141608084,0.02826077556,0,0.01696152628,-0.1468323988,-8.187375749e-05,0,-0.0009383322479,-0.0001568610979,-0.0001791012386,-0.0004091577077,0.2085800508,0.03563859289,0.05743559896,0,0.07899100124,0.2319807119,0.05810309133,0,-0.247057708,-0.02968293639,-0.01586197679,0,-0.006014890203,-0.006867698093,-0.01569096778,0.07899100124,0.010260978,0,0.02551133481,0.2085800508,0.01345791759,0,0.07506008606,-0.3693816324,0.03410382091,-0.0050818451,0,0,-0.011527911,-0.004978154506,0.2319807119,0.01345791759,0.008029169853,0.02060064817,0.03563859289,0.010260978,0.03288263206,0.005476400761,-0.5154031695,0.1592563517,-0.04458961517,0,-0.004716111268,-0.05458137066,-0.01033789995,0.05810309133,0,0.03288263206,0.02885558435,0.05743559896,0,0.008029169853,0.002761835634,0.08717406288,-0.3850742074,-0.1041403183,-0.05608197164,-0.01101461204,0,-0.02110278331,0,0.07506008606,0.005476400761,0.002761835634,0,0.02551133481,0.02060064817,0.02885558435
1,2,2,4,4,1500,500,v1,0,0.01063130412,0,0,0.01882679218,0,0.01374266129,0.02146609857,0,0,0,0,0,0,0,0,0.001469321275,0,0,0.001675303738,0,0,0,0,0,0,0,0,0.001903857475,0,0,0.00246104035,0,0,0,0,0,0,0,0,0,0,0,0,0,0,0,0,0,0,0,0,0,0.1525352502,0,0,0.2701220305,0,0.1971762123,0.307990128,-0.9146553378,0,-0.02432252534,0,0.03823254292,0,0,0,0,0,0,0,0,0,0,-0.5308482491,0,0,0,0.002983826887,0,0,0,0,0.2439620049,0,0,0,0.3153593422,0,-0.3685673307,0,0,0,-0.004313567311,0,0,0,0,0.3699657777,0,0,0,0.4218308556,0,0,0,0,0,0,0,0,0,0.3153593422,0.4218308556,0,0,0.2439620049,0.3699657777,0,0.01258027716,0,0,0,0,-0.3442448054,-0.569080792,0,0,0,0,0,0,0,0
1,2,2,4,0,1500,500,v1,0,0,0,0,0,0,0,0,0.4981941849,0,0,0.3405885335,0,0,0,0,0,0,0,0,0.00119377884,0,0,0.000816122301,0,0,0,0,0,0,0,0,0.09456106978,0,0,0.06464631073,0,0,0,0,0,0,0,0,0,0,0,0,0,0,0,0,0,0,0,0,0,0,0,0,0.1529735525,0,0,0,0,0,-0.825679112,0,0,0,0,0,0,0,0,-0.6746126858,0,0,0,0,0,0.0019071263,0,0,0,0,0,0,0,0,-0.8237719857,0,0,0,0,0,0.1510664262,0,0,0,0,0,0,0,0,0,0,0,0,0,0,0,0,0,0,0.5993292253,0,0,0,0.4097291139,0,0,0,0,0,0,0,0,0,0,0.4097291139,0,0,0,0.5993292253
1,2,2,4,4,1500,500,v1,9.454095618e-05,0.006903199607,2.977081306e-05,0.01083755856,0,0.007241695445,0.004783666967,0,0,0.001555137376,0.01268328634,0,0.0004066928061,0,0,0.0001121083495,0,0.001920872561,0,0,0,0,0.003364264199,0,0.01561022534,0,0,0.03112628743,0.01362163288,5.874480083e-05,0,0.009439297566,0,0,0.003068651006,0,0.1188341178,0.02303132416,0,0.2369514102,0.001420138511,0.0004471996036,0.006348781437,0.1627954159,0.1087804799,0,0.0233603569,0.1905208505,0.0007626221263,0.000147804332,0,0.001520644,9.113788789e-06,0.0006654714076,4.074352793e-05,0.001044745301,0,0,0.0004611475506,0,-0.5187808423,-0.01068665694,-0.01154943278,-0.001581620585,0,-0.01988365102,0,0.1524283273,0.03529740613,0,0,0.3039371837,0.009730031813,0,0,-0.3486855966,-0.0005127001328,0,0,0,-0.005274173701,0,0.3039371837,0.002255138186,0.03160612972,0.0008032862579,0.1524283273,0.2585143322,0.02190190294,0.04196124847,-0.3861383583,0.04384765083,0,0,-0.02301376948,-0.003120908591,0,0.009730031813,0.2585143322,0,0.1768833496,0.03529740613,0.002255138186,0,0.3097979181,0.005349453918,-0.3502578378,-0.02932002721,0,-0.1637402223,-0.02380716064,-0.2992963537,0,0.02190190294,0,0,0,0.03160612972,0,0,-0.5452329958,0.002166512964,-0.0001855646144,0,0.0005805657056,-0.001108819509,0,0,0.04196124847,0.3097979181,0,0,0.0008032862579,0.1768833496,0
1,2,2,4,0,1500,500,v1,0,0,0,0,0,0,0,0,0.008898785225,0,0,0.003459869921,0,0.02787535704,0,0,0,0,0.01045307449,0,0.06572270868,0,0,0.02555315328,0,0.1809699951,0,0,0,0,0.06786255102,0,0.4266793157,0,0,0.1658939836,0,0,0,0,0,0,0,0,0,0,0,0,0,0,0.01209548075,0,0,0,0,0,0,0.00453572527,0,0,-0.4967074816,0,0,0,0,0,0.01172670425,0,0,0.3312823673,0,0,0,0.1242286962,0,-0.8370144303,0,-0.03824892615,0,0,0,0.08660853676,0,0,0,0,0,0,0,0,0.04348960726,0,-0.2488284086,0,0,0,-0.5833160183,0,0,0,0,0,0,0,0,0,0,0,0,0,0,0,0.1242286962,0,0,0.5238118215,0.3312823673,0,0,0.2036593444,-0.2870773347,0,0,-0.0165967076,0,0,0,0,0,0,0.2036593444,0,0,0,0.5238118215
1,2,2,4,3,1500,500,v1,7.485988751e-05,0.0005999267935,0,0.001360607278,7.670435704e-05,0,0.001193355928,0.001269155443,0,0,0,0,0,0,0,0,0.001002007199,0,0,0.01657927841,0,0,0,0,0,0,0,0,0.0169239755,0,0,0.0336646516,0,0,0,0,0,0,0,0,0.0001645150777,0,0,0.002990124879,0,0,0,0,0,0,0,0,0.01512218298,0.1211891047,0,0.2748514981,0.01549477779,0,0.2410656401,0.256377634,-0.9845954522,0.001362065591,-0.001789562882,0,-0.001343068058,0,0,0,0,0,0,0,0,0,0,-0.2732109592,0,0,0,-0.01754481642,0,0,0,0.02198821045,0.2080119626,0,0,0.3996441909,0.413770999,0,-0.3640382842,0,0,0,-0.05048369016,0,0,0,0.3996441909,0.02485649117,0,0,0.02198821045,0.4112771722,0,-0.2840815973,0,0,0,0.002993329724,0,0,0,0.413770999,0.4112771722,0,0,0.2080119626,0.02485649117,0,-0.0668057422,0,0,0,-0.2854436629,-0.3622487213,-0.2718678911,0,0,0,0,0,0,0,0
1,2,2,4,3,1500,500,v1,0.0001122844879,0.2784114715,0.03029411309,0.0003936644464,0,0,0.05822694754,0,0,0.05423002163,0,0,0,0.07125618583,0.04804904865,0,0,0,0.04009390815,0,0,0.03325834247,0,0,0.005647402928,0.01385163341,0.009340351292,0.00573165135,0.1464523822,0.01593556833,0.007793935515,0.03062903669,0,0.006465156144,0.02852653956,0,0.001935711699,0,0.003201511827,0.001964588805,2.0245149e-05,0.005462097613,0,7.097859663e-05,0,0.002216005931,0.00977779646,0,0.00243352079,0,0.005968803412,0.002469824253,2.545161607e-05,0.06310775438,0,8.923223982e-05,0,0.003358482537,0.01319834949,0,-0.2020472984,-0.000504916866,-0.3366328035,-0.08328949583,0,0,0,0.01491915288,0,0.1365514859,0.07946958583,0.0151417178,0,0.07683378878,0.05500684771,-0.04293055802,0,-0.1113482425,-0.07762900497,0,0,0,0.0151417178,0.0002357253506,0.7312984136,0.01734963152,0.01491915288,0.0008264426496,0.1529436802,0.03105787842,-0.6869875573,-0.01135578364,-0.02160066911,-0.01361388268,-0.1767141051,0.03655720942,0,0,0.0008264426496,0,0,0,0.0002357253506,0,0,-0.154794965,-0.003839114174,0,0.001591931961,-8.978731646e-05,0.01446061311,0,0.07683378878,0.1529436802,0,0,0.1365514859,0.7312984136,0,0,-0.6620854221,-0.004845682643,0,-0.009307938185,-0.0001134078177,-0.07614782069,0,0.05500684771,0.03105787842,0,0,0.07946958583,0.01734963152,0,0
1,2,2,4,4,1500,500,v1,0,0,0.02115894694,0,0,0.07732581078,0,0,0,0.01085747354,0.6804006902,0,0,0,0,0,0,0.01620144611,0,0,0,0,0.1425588042,0,0,0,0,0,0,0.004365651503,0,0,0,0,0.002240184534,0,0,0,0,0,0,0.001202728251,0,0,0.004395395358,0,0.0006171663552,0.03867570227,0,0,0,0,0,0,0,0,0,0,0,0,-0.2098209383,0,0,-0.03201588812,0,-0.7577139017,0,0,0,0,0,0,0,0,0,-0.8006956561,0,0,0,0,-0.1584309309,0,0,0,0,0.04007313641,0,0,0,0.02056307526,-0.03383200768,0,0,0,0,-0.006592133427,0,0,0,0,0.1468179631,0,0,0,1.291871917,-0.9547528541,0,0,0,0,-0.001816119565,-0.04298175444,0,0,0,0,0,0,0,0,0,0,0,0,0,0,0,0,0.02056307526,1.291871917,0,0,0.04007313641,0.1468179631,0
1,2,2,4,3,1500,500,v1,0,0,0,0,0.08237437985,0.005016793598,0,0.09116887238,0.1778065022,0,0.08126640189,0.01870790294,0,0,0,0,0.01904682647,0.001159996558,0,0.02108031278,0.04111289941,0,0.01879063682,0.004325691819,0,0,0,0,0,0,0,0,0.001232044559,0,0,0.0001296295115,0,0,0,0,0,0,0,0,0.007412746689,0,0,0.1200781415,0,0,0,0,0,0,0,0,0.1468083018,0,0,0.1624819192,-0.5026008636,0,0,0,-0.1731832779,0.08187115422,-0.1965111375,0,0,0,0,0,0,0,0,-0.7239663571,0,0,0,-0.04004390277,0.01893047217,-0.04534433711,0,0,0,0,0,0,0,0,-0.2418554746,0,0,0,0,0,-0.001358849524,0,0,0.3720250207,0.002153998042,0,0,0.4117433417,0.03489234052,0.1008016264,0,0,0,0,0,-0.1254991854,0,0,0.4117433417,0.3300909791,0,0,0.3720250207,0.03473050717,-0.2132271807,0,0,0,0,0,-0.3092850609,0,0,0.03489234052,0.03473050717,0,0,0.002153998042,0.3300909791
1,2,2,4,2,1500,500,v1,0,0,0.1832670449,0,0,0,0,0,0,0.03903752231,0,0,0,0,0,0,0,0,0,0,0,0,0,0,0,0,0,0,0,0.5281983526,0,0,0,0,0.1125109808,0,0,0,0,0,0,0.1129308225,0,0,0,0,0.02405527686,0,0,0,0,0,0,0,0,0,0,0,0,0,-0.5007186448,0,0,0.2109371825,0,0,0,0,0,0,0,0,0,0,0,0,0,0,0,0,0,0,0,0,0,0.3583421132,0,0,0,0.07633008023,0.3409185968,0,0,0,0,-0.6307000591,0,0,0,0,0,0,0,0,0,-0.4197628766,0,0,0,0,0.1299814143,0,0,0,0,0,0,0,0,0,0,0,0,0,0,0,0,0,0.07633008023,0,0,0,0.3583421132,0,0
1,2,2,4,1,1500,500,v1,0.01987403331,0,0,0.01086531653,0,0,0,0,0,0,0,0,0.04040294248,0,0,0.009339554383,0,0,0,0,0,0,0,0,0,0,0,0,0,0,0,0,0,0,0,0,0,0.4935343591,0,0,0.1057396358,0,0.1140855271,0.05780882995,0,0,0,0,0,0.09494129781,0,0,0.02034115368,0,0.02194665437,0.01112069553,0,0,0,0,-0.1949423336,-0.03067558663,0,0,0,0,0,0,0.5361011565,0,0,0,0.1239252787,0,0,-0.4872165737,0.04719895026,0,0,0,0,0,0,0.2188044681,0,0,0,0.1196224122,0,0,0,0,0,0,0,0,0,0.1239252787,0.1196224122,0,0,0.5361011565,0.2188044681,0,0,0.09603774759,0,-0.598127545,0,-0.1635457462,0,0,0,0,0,0,0,0,0,0,-0.7451499276,0,0.1109109713,0,-0.03139658731,0,0,0,0,0,0,0,0,0,0
1,2,2,4,3,1500,500,v1,0,0.02756752988,0,0,0,0,0.1370722849,0,0,0,0,0,0,0,0,0,0,0,0,0,0,0,0,0,0,0,0,0,0.09094710577,0,0,0.4522105407,0,0,0,0,0,0,0,0,0,0,0,0,0,0,0,0,0,0,0,0,0,0.04892681778,0,0,0,0,0.243275721,0,-0.8347450291,0,-0.1642982993,0,0,0,0,0,0,0,0,0,0,0,0,0,0,0,0,0,0,0,0,0,0.2509218973,0,0,0,1.247643095,0,-0.4558947208,0,0,0,-0.5431486076,0,0,0,0,0,0,0,0,0,0,0,0,0,0,0,0,0,0,1.247643095,0,0,0,0.2509218973,0,0,-0.7074469069,0,0,0,0,-0.2915964215,0,0,0,0,0,0,0,0,0
1,2,2,4,4,1500,500,v1,0,0.01656107604,0.05280114757,0,0,0.04204723474,0.01112894121,0,0.05314396313,0.1204682128,0.006993898834,0.04591792051,0,0,0.136651058,0,0,0.03241270178,0,0,0.0409667708,0.06661152118,0.0053913452,0.0353964743,6.619675803e-06,0,0.006911725501,9.180951096e-05,0.0006457134437,0.002058707462,0,0.0004339154616,0.00207207378,0.0033691693,0.004697034438,0.001790331649,7.819782548e-05,0,0.0816477907,0.001084540139,0,0.02431938536,0,0,0.01936630077,0.03979979092,0.0554857806,0.003221280762,0.0004856487767,0,0,0.00673555292,0,0.04737240212,0,0,0,0,0.03183396278,0,-0.3036519074,0,0.02627410786,-0.1732664761,0,-0.04904016101,-0.09905988318,0.0008439495561,0,0,0.33753688,0.01170488203,0,0,0.1645347402,-0.3059504182,0,0,-0.2032591608,0,-0.03772575033,-0.07620511572,0.01170488203,0,0.04545811381,0.1186854664,0.0008439495561,0,0.03054757281,0.2707862793,-0.8125894422,-9.727167452e-05,0,-0.01025956895,0.001024422862,-0.006741728338,-0.003854393569,0,0,0,0.1405771442,0,0,0,0.02338281443,-0.4874984377,-0.001160295579,0,-0.1211956837,0,-0.07963962605,-0.02254072776,0,0.03054757281,0,0.1441388528,0,0.04545811381,0,0.1245402359,0.02604096347,-0.007108320471,0,0,0,-0.07796898847,0,0.1645347402,0.2707862793,0.02338281443,0.1245402359,0.33753688,0.1186854664,0.1405771442,0.1441388528
1,2,2,4,1,1500,500,v1,0.01649234578,0,4.368097409e-06,0.006441299918,0.0001346307274,3.305041605e-05,0,0.001085503444,1.477100705e-05,2.496953296e-06,6.01408234e-05,0.0002894580538,0.0118763898,0,0.001225234079,0.003079734523,0.01087039258,0.002668566118,0,0.08764602866,0.001192644863,0.006307621456,0.004855907513,0.02337150473,0,0,2.183173446e-05,0,0,6.284381245e-06,0,0,2.125104616e-05,0.0001123918434,3.592366423e-06,0.0004164432691,0,0.001142472667,0.0001178638011,0,0.1280987356,3.392772397e-05,0.0002962611173,0.05003062551,0.0002567079642,0.0006067740469,1.939424291e-05,0.00046712357,0,0.003871975649,0,0,0.4341418395,0,0.001004064137,0.1695597359,0.003543997466,0,0,0.02857461689,-0.8807618081,-0.022886074,0,-6.850810401e-06,0.001157743493,-9.209532464e-05,-0.0003006514463,0,0.02502546614,0,0.002018256974,0,0.006489495732,0,0.01039017867,0.02293740416,-0.01472233123,0,-0.007415175618,-0.09697737991,-0.007406851697,-0.02418016474,0,0.867638661,0,6.683631277e-05,0,0.3388675501,0,3.820591344e-05,-0.03267933335,0,0,-0.0001339451554,0,-9.856260145e-06,-0.0004367766202,0.006489495732,0.3388675501,0.01081507377,0.004373516361,0.02502546614,0.867638661,0.087200003,0.007958368706,-0.6612305444,0,-0.001421814494,-0.0007231696554,-0.1777598646,-5.332108026e-05,-0.0007223096897,0,0,0.087200003,0.001814706857,0,0,0.01081507377,0.03556168235,-0.3126097207,0,-0.004865828854,0,-0.6036915355,0,0.0304762519,0.01039017867,3.820591344e-05,0.007958368706,0.03556168235,0.002018256974,6.683631277e-05,0.004373516361,0.001814706857
1,2,2,4,0,1500,500,v1,0,0,0,0,0,0.01955150953,0,0,0,0,0.03304275056,0,0.1911472339,0,0.007271929634,0.09145601,0,0.005285070679,0,0,0,0.004771270642,0.008931958521,0,0,0,0.02122666373,0,0,0,0,0,0,0.01392727413,0,0,0,0.2459012721,0.009354970567,0,0,0,0.1176535424,0,0.006798976769,0.006137998946,0,0.01149051397,0,0.1393688496,0,0,0,0,0.06668220429,0,0,0,0,0,0.03084432248,0,0,0,0,-0.0517726234,0,0,0.8635914954,0,0.05672808222,0,0.4131925108,0,0.03722052386,-0.6542044799,-0.2820173954,0,-0.01201821884,0,0.01349005169,0,0,0,0,0,0,0,0,0,-0.02747905121,0,0,-0.03515335285,0,0,0,0.4131925108,0,0,0.01166990107,0.8635914954,0,0,0.01972255031,-0.5730951793,0,-0.3635483016,-0.01546083237,0,0,0.01735427079,0,0,0,0,0,0,0,0,-0.645565697,0,-0.2056236405,0,0,0,0,0.03722052386,0,0.01972255031,0,0.05672808222,0,0.01166990107,0
1,2,2,4,3,1500,500,v1,0,0,0.4659495203,0,0,0,0,0,0,0.2665453901,0,0,0,0,0,0,0,0,0,0,0,0,0,0,0,0,0,0,0,0.10042462,0,0,0,0,0.05744768127,0,0,0,0,0,0,0.06973883967,0,0,0,0,0.03989394863,0,0,0,0,0,0,0,0,0,0,0,0,0,0.2538264103,0,0,-0.7210517503,0,0,0,0,0,0,0,0,0,0,0,0,0,0,0,0,0,0,0,0,0,0.445812155,0,0,0,0.255025855,-0.6170249553,0,0,0,0,0.1497996154,0,0,0,0,0,0,0,0,0,-0.5712521349,0,0,0,0,0.104026795,0,0,0,0,0,0,0,0,0,0,0,0,0,0,0,0,0,0.255025855,0,0,0,0.445812155,0,0
1,2,2,4,0,1500,500,v1,0.00253691058,0,0,0.02610894313,0,0.2420169506,0,0,0,0,0.1112869837,0,0.001482837977,0.001312193047,0.007458104497,0.004283772497,0,0.02198218756,0.003594742583,0,0,0.003974819469,0.01010809922,0,0.0005184132087,0.007539310957,0.04285114076,0.1007146994,0,0,0.02065388336,0,0,0.02283764576,0,0,0.000467607848,0.007684813943,0.03865165736,0.09084449053,0.001194180406,0,0.02220066866,0.012290062,0.1139227778,0.02059951832,0,0.05238526596,2.481645363e-05,0.0004078413775,0.0003609070094,0.004821215248,6.337644417e-05,0,0.001178213468,0.0006522468667,0,0.0009887019278,0,0,0.1740901623,-0.02819806331,0,0,0,-0.34778455,0,0.00151471115,0.01435716547,0.01381322266,0.1332968142,0.2942702071,0.04147643337,0.03784121538,0.0710408925,-0.3758037674,-0.005754648686,-0.004896757081,-0.01140920844,0,0.03044937317,0,0.2942702071,0.005627347158,0,0,0.00151471115,0.05791456033,0,0,-0.1727414244,-0.1012298858,-0.02819272553,-0.06568733958,0,0,0,0.04147643337,0.05791456033,0,0.1639208305,0.01435716547,0.005627347158,0,0.07537593857,-0.5367402747,-0.09112408023,-0.02988498568,-0.05912858977,-0.01345600066,0,0.1578039975,0.03784121538,0,0,0,0.01381322266,0,0,0,-0.3027371469,-0.004835979487,-0.001582764863,-0.001346809418,-0.0007072076894,0,0,0.0710408925,0,0.07537593857,0,0.1332968142,0,0.1639208305,0
1,2,2,4,4,1500,500,v1,0.01231261207,0.00722271816,0.007877443478,0.0118918439,8.480578742e-05,0.003343331072,0.01120379205,0.0005260948467,0,0.003153601144,0.0001687068247,0,0.0001988201929,0,0,0.0003482991479,3.479498363e-05,0.00137173598,0,0.0002158515608,0,0,6.921875713e-05,0,0.001206103076,0,0,0.003191871924,0.1171782596,0.1278002404,0,0.1817654828,0,0,0.05116266279,0,0.0007543224972,0.004916865806,0,0.001996264538,0.1249307096,0.07992898647,0.00861351227,0.1206613583,0.03392332357,0,0.03199821667,0.001711794638,7.99621574e-05,0.0005212136705,0,0.0002116145546,0.01324331317,0.007768678005,0.0009130776644,0.01279073945,9.121619324e-05,0,0.01205067828,0.0005658619613,-0.8256551061,0.0193019009,-0.01541978538,-0.01100816272,-0.0006096318018,-0.00350475281,0,0.003041681643,0.008424698488,0,0,0.008049608565,0.01475863826,0,0,-0.05531016413,-0.0005410995063,0,0,-0.0002476989791,-0.001437965738,0,0.008049608565,0.1511187087,0.1735087823,0.323133575,0.003041681643,0.1459544152,0.2691447005,0.1293610694,-0.1229796948,-0.004388980307,0,0,-0.2978310739,-0.1789598626,0,0.01475863826,0.1459544152,0.0003132062677,0.057942069,0.008424698488,0.1511187087,0.001942983179,0.002923797334,-0.157534741,-0.002718241359,-0.01350279172,0,-0.2420534703,-0.1116950709,-0.03563452568,0,0.2691447005,0.001942983179,0,0,0.1735087823,0.0003132062677,0,-0.5580108723,-0.0002869718053,-0.001411666606,0,0.02470282017,0.01814853736,-0.0006467955169,0,0.1293610694,0.002923797334,0,0,0.323133575,0.057942069,0
1,2,2,4,3,1500,500,v1,0.002629950553,0.003828845796,0.06327655209,0.0009939940644,0,0,0.002659741808,0,0.1230176586,0.003343284604,0,0.02683594098,0,0,0.007784760168,0,0,0,0,0,0.01383656803,0.002599428747,0,0.003018406684,0.006083053917,0,0.1426756667,0.03420605404,0.007892843195,0.1304392838,0,0.005482833771,0.2535905444,0.04764118887,0.006891899684,0.05532003257,0.0008083781763,0,0.01896019612,0.004545648939,0.0007204537343,0.0173341009,0,0.000272296654,0,0.006331046527,0.0009158658421,0,0.0006033259088,0,0,0.003392604919,0.0005377042784,0.0007828233743,0,0.0002032262016,0,0,0.000543795224,0,-0.4602863245,-0.003616571481,-0.006475128437,0.04588786918,0,0,-0.1495427575,0.01119372061,0,0,0.1943564644,0.06294420818,0,0,0.06489805335,-0.6237326202,0,0,-0.007551918884,0,0,-0.01682001213,0.06294420818,0.005798727796,0.01874222222,0.1029552677,0.01119372061,0.002191638548,0.01301945171,0.005439752123,-0.1173262927,-0.04020671975,0,-0.1756862344,-0.01337545408,-0.1354674956,-0.3089054364,0,0.002191638548,0,0,0,0.005798727796,0,0,-0.3213231908,-0.005269626818,0,0.01040180805,-0.0009771587566,0.01731627985,0,0,0.01301945171,0,0.5852350122,0,0.01874222222,0,0.1276672968,-0.06992065933,-0.003948939288,0,0,-0.000733180659,-0.001323866768,0,0.06489805335,0.005439752123,0,0.1276672968,0.1943564644,0.1029552677,0,0.5852350122
1,2,2,4,2,1500,500,v1,0,0,0,0,0.02539694522,0,0,0.0007122648189,0,0,0,0,0.0282055016,0.044609741,0,0.002005479477,0.178951363,0,0.04535684582,0.005018743753,0,0,0,0,0,0.04736505833,0,0,0,0,0.04815830802,0,0,0,0,0,0,0.001950106288,0,0,0,0,0.0001386572802,0,0,0,0,0,0,0.05305725727,0.08391520698,0,0,0,0.003772499495,0,0.3366246997,0.08532058289,0,0.009440738982,-0.529648177,0,0,0,-0.02605505122,0,0,0,0.1247241428,-0.007001200397,0,0,0.008868188827,-0.0071184535,0,-0.5069810763,-0.03014831626,0.08536620861,0,-0.183588496,0,0,0,0,0,0,0,0,0,0,-0.08122574293,0,0.09063884552,0,0,0,0,0.008868188827,0,0.8108152888,0,0.1247241428,0,0.02273955343,0,-0.08697712358,0,-0.002084430806,0,0,0,0,-0.0071184535,0,0.02273955343,0,-0.007001200397,0,0.8108152888,0,-0.06587124012,0,-0.05682880732,-0.1665919515,0,0,-0.346059681,0,0,0,0,0,0,0,0
1,2,2,4,0,1500,500,v1,0,0,0,0,0,0,0,0,0.007107496797,0,0,0.01489567971,0,0.2171508714,0.00486512587,0,0,0,0.1331061897,0,0.08463112837,0.001942043523,0,0.1773673935,0,0.1222859743,0.00273973875,0,0,0,0.07495719446,0,0.04765903043,0.001093639103,0,0.09988237386,0,0,0.005827456337,0,0,0,0,0,0,0.002326183152,0,0,0,0,0.001340685502,0,0,0,0,0,0,0.0008217951768,0,0,-0.1179085505,0,0,0,0,0,0.02087805999,0,0,0.5107762162,0.02012467345,0,0,0.3130886515,0.008033289683,-0.05009590374,0,-0.350251213,-0.006793068588,0,0,-0.2579055257,0,0,0,0,0,0,0,0,-0.604383223,0,-0.1968340372,-0.003825426208,0,0,0.1399969753,0,0,0,0,0,0,0,0,-0.0106184948,0,0,-0.008153480628,0,0,0,0.3130886515,0,0,0.04701438678,0.5107762162,0,0,0.09853134895,-0.5470852501,0,0,-0.002157995005,0,0,0,0.008033289683,0,0,0.09853134895,0.02012467345,0,0,0.04701438678
1,2,2,4,2,1500,500,v1,0,0.05751328721,0,0,0.04196749578,0,0.01470126495,0.02514968915,0,0,0,0,0,0,0,0,0.04271146187,0,0,0.02559552265,0,0,0,0,0,0,0,0,0.1408809566,0,0,0.03601130053,0,0,0,0,0,0,0,0,0,0,0,0,0,0,0,0,0,0,0,0,0,0.2540530056,0,0,0.1853826995,0,0.06493978573,0.1110935304,-0.5107990212,0,0.06852191326,0,-0.06697796249,0,0,0,0,0,0,0,0,0,0,-0.3634492626,0,0,0,-0.06816529406,0,0,0,0,0.09275196683,0,0,0,0.02370880375,0,-0.2454875068,0,0,0,0.167846993,0,0,0,0,0.4048243853,0,0,0,0.2425974498,0,0,0,0,0,0,0,0,0,0.02370880375,0.2425974498,0,0,0.09275196683,0.4048243853,0,0.1012256497,0,0,0,0,-0.31400942,-0.2964713001,0,0,0,0,0,0,0,0
1,2,2,4,4,1500,500,v1,0,0,0.005500380354,0,0,0,0,0,0,0.003151668198,0,0,0,0,0.3263893728,0,0,0,0,0,0,0.3545772077,0,0,0,0,3.786627281e-05,0,0,1.513090372e-06,0,0,0,4.113650258e-05,8.66987099e-07,0,0,0,0.1443781287,0,0,0.005769175054,0,0,0,0.1568469993,0.00330568513,0,0,0,0,0,0,0,0,0,0,0,0,0,-0.009076980708,0,0,-0.008634200335,0,0,0,0,0,0,0.7057505492,0,0,0,0.766701017,-0.3006791378,0,0,-0.6809552397,0,0,0,0,0,0,0.01688933264,0,0,0,0.009677438919,-0.9992643445,0,0,-7.883889845e-05,0,-2.375140432e-06,0,0,0,0,0,0,0,0,0,-0.6896706541,0,0,-0.3006002989,0,-0.009074605567,0,0,0,0,0,0,0,0,0,0,0,0,0,0,0,0,0.766701017,0.009677438919,0,0,0.7057505492,0.01688933264,0,0
1,2,2,4,3,1500,500,v1,0,7.067553097e-05,0,0,0,0,6.092181445e-05,0,0,0,0,0,0,0.03909808807,0,0,0,0,0.2713628007,0,0,0,0,0,0.07709701077,0.01212330689,0,0.1726998904,0.02057194,0,0.08414259301,0.01773286871,0,0,0,0,0.02536085895,0,0,0.0568091748,0,0,0,0,0,0,0,0,0.04470356074,0,0.00702952009,0.1001374757,0,0.01192833497,0,0,0,0.04878883734,0.01028214149,0,-0.06046857462,0,-0.0001313243706,0,0,0,0,0.014116291,0,0.08731580368,0,0.03162096537,0,0.6060209651,0,-0.1517687861,0,-0.3104557264,0,0,0,0,0.03162096537,0,0.04881857526,0,0.014116291,0,0.04208127323,0,-0.173051013,-0.245894522,-0.09606621379,0,-0.03830416699,0,0,0,0,0,0,0,0,0,0,-0.1084598327,0.0779683285,0,0,0,0,0,0.6060209651,0.04208127323,0,0,0.08731580368,0.04881857526,0,0,-0.6128836251,0.1374346893,0,-0.05570257236,0,-0.02216440763,0,0,0,0,0,0,0,0,0
1,2,2,4,0,1500,500,v1,0,0,0,0,0,0,0,0,0,0,0,0,0.02229096123,0,0.01244423101,0.04268055292,0,0,0,0,0,0.02110375243,0,0,0,0,0.01997473325,0,0,0,0,0,0,0.03387447765,0,0,0,0.1914688366,0.1068900712,0,0,0,0.366605806,0,0,0.1812712732,0,0,0,0.0004787125273,0,0,0,0,0.0009165919378,0,0,0,0,0,0,0,0,0,0,0,0,0,0.3212821426,0,0.2088600163,0,0.615159631,0,0.3541986702,-0.9013518366,-0.06483674252,0,-0.03347839423,0,0,0,0,0,0,0,0,0,0,0,-0.3216349472,0,0,-0.05373751047,0,0,0,0.615159631,0,0,0,0.3212821426,0,0,0,-0.1534450574,0,-0.558065363,-0.288156553,0,0,0,0,0,0,0,0,0,0,0,-0.6229021056,0,-0.001392410159,0,0,0,0,0.3541986702,0,0,0,0.2088600163,0,0,0
1,2,2,4,1,1500,500,v1,0,0,0,0,0,0,0,0,0,0,0,0,0,0,0,0,0,0,0,0,0,0,0,0,0.03948636687,0,0,0.1689298997,0,0,0,0,0,0,0,0,0.003507301785,0,0,0.01500487854,0,0,0,0,0,0,0,0,0.1464654725,0,0,0.6266060806,0,0,0,0,0,0,0,0,0,0,0,0,0,0,0,0.2840512843,0,0,0,1.215223351,0,0,0,0,0,0,0,0,0,0,1.215223351,0,0,0,0.2840512843,0,0,0,-0.7915324784,-0.2079839449,0,0,0,0,0,0,0,0,0,0,0,0,0,-0.9810426431,-0.01847378016,0,0,0,0,0,0,0,0,0,0,0,0,0,-0.2264577251,-0.7730586982,0,0,0,0,0,0,0,0,0,0,0,0,0
1,2,2,4,1,1500,500,v1,0,0,0,0,0.001223840897,0.001502216759,0,0.0003336263325,0.0005830280778,0,0.0006796854304,0.0002842761945,0,0,0,0,0.004301355817,0.005279745766,0,0.001172575266,0.002049131729,0,0.002388847183,0.0009991274727,0,0,0,0,0,0,0,0,0.003809480611,0,0,0.001857448538,0,0,0,0,0,0,0,0,0.6155799067,0,0,0.2785221848,0,0,0,0,0,0,0,0,0.06241800245,0,0,0.01701551998,-0.9566595791,0,0,0,-0.00129842415,0.001733420929,-0.0008571049058,0,0,0,0,0,0,0,0,-0.9656237983,0,0,0,0.00426610605,0.007276464994,-0.003000459949,0,0,0,0,0,0,0,0,-0.003857564855,0,0,0,0,0,-0.005655339796,0,0,0.08879932403,0.90078292,0,0,0.02420722569,0.4075637041,0.009009885923,0,0,0,0,0,-0.8812409686,0,0,0.02420722569,0.009592292152,0,0,0.08879932403,0.004677064823,0.002967681899,0,0,0,0,0,-0.07830538171,0,0,0.4075637041,0.004677064823,0,0,0.90078292,0.009592292152
1,2,2,4,3,1500,500,v1,0.007802002429,0.003714506757,0,0.0162100635,0.02317856248,0.1505134637,0.002428002935,0.0699095512,3.804096211e-05,0,0.03848674617,0.0001947512003,0.01516493653,0.002498050876,0,0.002763215209,0.02003560976,0.1301042299,0.01690000974,0.06042999811,3.28827067e-05,0,0.0332680436,0.0001683434446,0,0.0004481708788,0,0,0.0005760491946,0,0.003032000784,0.0003765369743,5.899428111e-06,0,0,3.020219894e-05,0,0.002880930953,0,0,0.001281192537,0,0.0005249367319,0.002661907962,0.02471631201,0,0,0.006320035454,0,0.03829827371,0.00630870007,0,0.01703180786,0.008108785658,0.006978359067,0.03538664458,0.05059891051,0.04268011258,0.005300341786,0.1526128779,-0.1698308316,-0.02372969038,-0.006129768372,0,-0.09289502011,-0.1860442135,-0.0002327857538,0,0.08406302009,0.01387305807,0,0,0.01531718967,0.09385510209,0,-0.5539642306,-0.01771732003,-0.01935782296,0,-0.08029869674,0.155015409,-0.0002008109378,0,0.03895229847,0.01858545984,0,0,0.08093040389,0.01214846407,0,-0.08831808986,0,-0.003472952678,0,-0.0009506102015,0,-3.602674077e-05,0.01531718967,0.08093040389,0.1405839003,0.001886768233,0.08406302009,0.03895229847,0.4240192856,0.0004824490999,-0.1699711156,0,-0.003352108346,0,-0.003880855285,0,0.02944932629,0.09385510209,0.01214846407,0.4240192856,0.0001151130252,0.01387305807,0.01858545984,0.1405839003,0.0005893221234,-0.2517848451,0,-0.0451840448,-0.0489879978,-0.05231125591,-0.01340890404,-0.2032084071,0,0,0.0004824490999,0.0005893221234,0,0,0.001886768233,0.0001151130252
1,2,2,4,0,1500,500,v1,0.02667361161,0,0,0.1512631201,0,0,0,0,0,0,0,0,0.02179150052,0,0,0.1715471142,0,0,0,0,0,0,0,0,0.02150060144,0,0,0.4356035831,0,0,0,0,0,0,0,0,0.002374488115,0.001693491604,0,0.0481072836,0.005373684341,0,0.01333150957,0.03047357335,0,0,0,0,0.00164617847,0.001174059116,0,0.03335168282,0.003725452828,0,0.009242431609,0.02112663357,0,0,0,0,0.05759552703,-0.1751569738,0,0,0,0,0,0.03826885556,0.03697911102,0,0,0.7753295018,0.2911070661,0,0,-0.02538871813,-0.1933354,0,0,0,0,0,0.7753295018,0.02643457882,0,0,0.03826885556,0.1499075914,0,0,-0.085302321,-0.4570965839,0,0,0,0,0,0.2911070661,0.1499075914,0,0,0.03697911102,0.02643457882,0,0,-0.8473278129,-0.05037705643,-0.01499383453,0,0.03401423409,0,0,0,0,0,0,0,0,0,0,-0.8569456145,-0.03492526457,-0.0103948836,0,0.02358129294,0,0,0,0,0,0,0,0,0,0
1,2,2,4,3,1500,500,v1,0.05910751422,0,0.02486749267,0.3203663519,0,0.03556815534,0,0,0,0.007672923073,0.07944849236,0,0,0,0,0,0,0.006096045131,0,0,0,0,0.01361671951,0,0,0,0,0,0,0.1434927373,0,0,0,0,0.04427501998,0,0,0,0,0,0.01491033665,0.006273021161,0,0.08081493906,0.008972347718,0,0.001935555363,0.02004150882,0,0,0,0,0.0206447934,0,0,0.1118960463,0,0,0,0,-0.07451309579,-0.375213496,0,-0.02949223907,0,-0.06111888837,0,0,0,0,0,0,0,0,0,-0.08940722677,0,0,0,0,-0.01028356634,0,0,0.05403939202,0,0.2399859523,0,0.2928968174,0,0.07404822734,-0.0300199446,0,0,0,0,-0.1793361752,0,0,0.2928968174,0,0.04624310071,0,0.05403939202,0,0.103293089,-0.6023521082,0,0,0,0.09083043296,-0.0005277055284,-0.0282883384,0,0,0,0,0,0,0,0,-0.284383063,0,0,0,0.05309225668,0,0,0,0.07404822734,0.103293089,0,0,0.2399859523,0.04624310071,0
1,2,2,4,4,1500,500,v1,0,0.002837135579,0,0,0.007526460083,0.02831531971,0.002686228391,0.004350810722,0.004912369685,0,0.007466338221,0.07755345962,0,0.002502090043,0,0,0.003944324437,0.01483895567,0.02457591601,0.002280090357,0.002574381526,0,0.003912816913,0.04064274608,0,0.0154207662,0,0,0.009163575778,0,0.1514651544,0.008676165356,0.01586630973,0,0,0.250487502,0,0,0,0,0,0,0,0,0.001392040913,0,0,0.0003670609543,0,0,0.0218599856,0,0,0.01298999233,0,0,0.03446034072,0.2147121649,0.01229905488,0.01992044311,-0.4323232307,0,-0.005458410049,0,-0.01185238741,-0.03578106075,-0.08229476892,0,0,0.006768149194,0,0,0,0.06647774945,0,-0.5260877513,0,0.0256933918,0,-0.006151218541,-0.01871287658,-0.0431274815,0,0,0.03710263845,0,0,0,0.03512914271,0,-0.3629571707,0,0.1583521873,0,-0.0178023869,0,-0.2663493828,0,0,0.06799544592,0.06676826427,0,0,0.03930602439,0.01760582112,-0.05449393734,0,0,0,0,0,-0.00175545293,0.06647774945,0.03512914271,0.03930602439,0.03500590075,0.006768149194,0.03710263845,0.06799544592,0.552651549,0.1427811762,0,0,-0.2328761782,0,-0.02489372383,-0.0535307076,0,0,0.01760582112,0.552651549,0,0,0.06676826427,0.03500590075
1,2,2,4,4,1500,500,v1,0,0,0,0,0,0,0,0,0.04149501578,0,0,0.09298933076,0,0,0.04073400691,0,0,0,0,0,0.0236562838,0.0389371163,0,0.05301316212,0,0,0.004898190961,0,0,0,0,0,0.002844625517,0.004682118102,0,0.006374737258,0,0,0.3529730182,0,0,0,0,0,0,0.3374023943,0,0,0,0,0,0,0,0,0,0,0,0,0,0,-0.08571065233,0,0,0,0,0,-0.1344821026,0,0,0,0.5977570368,0,0,0,0.5713883074,-0.843606711,0,0,-0.07950585991,0,0,-0.07651041345,0,0,0,0,0,0,0,0,-0.9808623091,0,0,-0.009560436449,0,0,-0.009200238878,0,0,0,0,0,0,0,0,-0.08906629636,0,0,-0.6903639331,0,0,0,0,0,0,0.1019103919,0,0,0,0.2283787406,0,0,0,0,0,0,0,0.5713883074,0,0,0.2283787406,0.5977570368,0,0,0.1019103919
1,2,2,4,4,1500,500,v1,0,0.03054306377,0.001076267157,0,0.0002549462242,0.06941896166,0.003524212659,0.002616629065,0,0.002940571488,0.004145067684,0,0.001006897338,1.19302967e-05,0.0002941484609,0.0003372882403,8.604813426e-06,0.002342992979,1.707986297e-05,8.83151142e-05,0,0.0005403862397,0.0001399021859,0,0.02453917888,0.0001587448738,0.00391394795,0.01589074326,0.01371683574,0.0004833496705,0.0002272651519,0.001582717652,0,0.007190394974,0.001320605438,0,0.1015623329,0.05545060642,0.01619898069,0.06576833583,0,0.002000479331,0.01857472133,0,0.1290304151,0.02975948347,0.005465699149,0.007704520365,0.1239014879,0.0676472511,0.0008015233986,0.0802344179,0,0.0692580777,0.02266032635,0,0.0005781045916,0.001147491144,0.007991346119,0.005933350382,-0.2461446106,0,-0.03399592399,-0.004008506526,-0.002865757573,-0.07341144069,0,0.003468433408,0.1843789051,0.001438794014,0.03059711822,0.002246054906,0.06176283661,0.002059832792,0.05621060062,-0.4415284534,-0.00132837816,-2.86690046e-05,-0.0008328036096,-9.671888469e-05,-0.002477744848,0,0.002246054906,0,0.1683150875,0.005335241536,0.003468433408,0,0.01942104637,0.01457691921,-0.2124222967,0.03836256731,-0.0003852011674,-0.01108130898,-0.01511963304,-0.00180021313,0,0.06176283661,0,0.001248134964,0.3009620422,0.1843789051,0,0.01281017686,0.01797071054,-0.3464184822,0.1587729826,-0.07387067149,-0.04595769997,0,-0.007466054175,-0.1367326496,0.002059832792,0.01942104637,0.01281017686,0,0.001438794014,0.1683150875,0.001248134964,0,0.06944459656,-0.2009452088,-0.08889544482,-0.001918547699,0,-0.07604186555,-0.006409731423,0.05621060062,0.01457691921,0.01797071054,0,0.03059711822,0.005335241536,0.3009620422,0
1,2,2,4,0,1500,500,v1,0,0,0,0,0.01070348955,0.001450765567,0,0.0005280563198,2.145735579e-05,0,0.001766233763,3.809429687e-05,0,0,0,0,0.007993931121,0.001083508324,0,0.0003943803401,1.602548622e-05,0,0.001319116628,2.845083222e-05,0,0,0,0,0,0,0,0,0.0001048132438,0,0,0.0001860800959,0,0,0,0,0,0,0,0,0.04107314197,0,0,0.05000447469,0,0,0,0,0,0,0,0,0.8417597878,0,0,0.04152819263,-0.9553559818,0,0,0,0.01065722889,0.0023281417,-5.861440197e-05,0,0,0,0,0,0,0,0,-0.9475593282,0,0,0,0.007383332871,-0.002209277,-4.395328368e-05,0,0,0,0,0,0,0,0,-0.0001025676857,0,0,0,0,0,-0.0002902984771,0,0,1.217821007,0.06094947085,0,0,0.06008116102,0.07420290065,0.0001188647,0,0,0,0,0,-0.0902204457,0,0,0.06008116102,0.0002123333776,0,0,1.217821007,0.0003769658666,0.01804056176,0,0,0,0,0,-0.8699753403,0,0,0.07420290065,0.0003769658666,0,0,0.06094947085,0.0002123333776
1,2,2,4,0,1500,500,v1,0.08472704947,0,0.0009514438356,0.01038666484,0.2014455955,0.007635328618,0,0.04162870852,0.0001447638218,0.0003948980411,0.006530911923,0.001653681104,0.001819211298,0.006784754404,0.0004139095121,0.01650506367,0.1637711858,0.006207367397,0.007357528207,0.0338432962,0.0001176900528,0.0003552735641,0.00530949901,0.001344409217,0.0001414788602,0.01118334614,0.0006822492117,1.274131744e-05,0,0.001274971596,0.01212745219,0,0.0001939891289,0.0005855992722,0.0005291786722,0.002215996738,0.0002590722815,0.005490983989,0.001249316397,2.333155761e-05,0.2079068666,0.002334693676,0.04981776467,0.0254872435,0.01873589672,0.001072333628,0.000969017744,0.01602583168,1.182188566e-05,0.0002505624472,0.0009344734549,1.064656569e-06,0.009487125327,0,0.002273264874,0.001163023989,0.02255642824,0.00101336237,0,0.004661283231,-0.08602675365,-0.07745138439,0,-0.001325227803,-0.239273395,-0.01394407433,-0.001770244829,0.0006180760852,0.01133455959,0.02832956363,0.003514770844,5.566275693e-05,0.1028344679,0.0307211637,0.003016855399,-0.3741493645,-0.01828626491,-0.01411294942,-0.0007675875454,0.03263873548,-0.01138142981,-0.001450605971,5.566275693e-05,0.194683984,0,0.006800858951,0.0006180760852,0.02386625236,0,0.002822705669,-0.02728438959,-0.0001539002789,-0.02331040674,-0.001265218602,0,-0.001793373616,-0.002405131276,0.1028344679,0.02386625236,0.2511495931,0.04852130382,0.01133455959,0.194683984,0.05190003749,0.04150291152,-0.1311198282,-0.0002823991377,-0.05530782798,-0.002321611347,-0.06602885823,-0.003297108328,-0.03469063942,0.0307211637,0,0.05190003749,0.000679285709,0.02832956363,0,0.2511495931,0.007759687404,-0.4615686506,-1.285981143e-05,-0.002518592099,-0.001943795393,-0.002219914995,0,0.004601572503,0.003016855399,0.002822705669,0.04150291152,0.007759687404,0.003514770844,0.006800858951,0.04852130382,0.000679285709
1,2,2,4,1,1500,500,v1,0.0009527102188,0,0.002521336375,0.005390288798,0,0.00278891671,0,0,0.01694959983,0.006913126219,0.002535126065,0.009714221042,0.02693405828,0,0.02733278234,0.008614571508,0,0.004408216493,0,0,0.02679087018,0.002050242276,0.004007070018,0.01535448845,0,0,0.1581062404,0,0,0.02305278123,0,0,0.1549715542,0.01185960852,0.06320726894,0.08881790415,0,0.05441016137,0.05521563377,0,0.003042050453,0.008050750701,0.01740251027,0.01721145649,0.008905147835,0.004141745441,0.02207395106,0.008094781857,0,0.08166226153,0,0,0.004565704519,0,0.02611880409,0.02583205831,0,0,0,0,-0.3950222044,-0.006329841615,0,-0.009414892512,0,-0.005261432841,-0.01741531655,0,0.0621330153,0,0.2501476981,0,0.01987258308,0,0.01876367297,-0.5599748155,0.03372767533,0,0.02411474589,0,-0.008283326806,0.02570169418,0,0.01282815416,0,0.05040383265,0,0.07257972534,0,0.1381997489,-0.04485017668,0,0,-0.1656147996,0,-0.0862586145,-0.2285458351,0.01987258308,0.07257972534,0,0.02397322038,0.0621330153,0.01282815416,0,0.02179166436,-0.3604083838,0,0.01829258767,-0.03777419369,-0.02021150945,-0.030062214,-0.01696516351,0,0,0,0.2100210814,0,0,0,0.1203681048,0.02547891194,0,-0.1066906619,0,-0.03039723527,0,0,0.01876367297,0.1381997489,0.02179166436,0.1203681048,0.2501476981,0.05040383265,0.02397322038,0.2100210814
1,2,2,4,0,1500,500,v1,0,0,0,0,0,0,0,0,0,0,0,0,0.1742229172,0,0,0.3777261718,0,0,0,0,0,0,0,0,0,0,0,0,0,0,0,0,0,0,0,0,0,0.1064445896,0,0,0,0,0.2307785221,0,0,0,0,0,0,0.03498283245,0,0,0,0,0.07584496687,0,0,0,0,0,0,0,0,0,0,0,0,0,0.4730311122,0,0,0,1.025560968,0,0,-0.4471215661,-0.5519398204,0,0,0,0,0,0,0,0,0,0,0,0,0,0,0,0,0,0,0,0,1.025560968,0,0,0,0.4730311122,0,0,0,-0.6625377276,0,-0.336523659,0,0,0,0,0,0,0,0,0,0,0,0,-0.8884634794,0,-0.1105979071,0,0,0,0,0,0,0,0,0,0,0,0
1,2,2,4,1,1500,500,v1,0,0,0,0,0,0,0,0,0.07544251292,0,0,0.02306138149,0,0,0,0,0,0,0,0,0.4239851272,0,0,0.1296044152,0,0,0,0,0,0,0,0,0.2664559157,0,0,0.08145064747,0,0,0,0,0,0,0,0,0,0,0,0,0,0,0,0,0,0,0,0,0,0,0,0,-0.2148246495,0,0,0,0,0,0.093466969,0,0,0,0,0,0,0,0,0.4235835644,0,0,0,0,0,-0.5449412449,0,0,0,0,0,0,0,0,-0.4514742759,0,0,0,0,0,0.3301165954,0,0,0,0,0,0,0,0,0,0,0,0,0,0,0,0,0,0,0.1394187778,0,0,0,0.04261774292,0,0,0,0,0,0,0,0,0,0,0.04261774292,0,0,0,0.1394187778
1,2,2,4,1,1500,500,v1,0,0,0,0,0,0,0,0,0.03954647343,0,0,0.01279254171,0,0,0,0,0,0,0,0,0.4275969468,0,0,0.1383195846,0,0,0,0,0,0,0,0,0.2884396438,0,0,0.09330480964,0,0,0,0,0,0,0,0,0,0,0,0,0,0,0,0,0,0,0,0,0,0,0,0,-0.1948514287,0,0,0,0,0,0.04966269745,0,0,0,0,0,0,0,0,0.4118868591,0,0,0,0,0,-0.5570755904,0,0,0,0,0,0,0,0,-0.5074128929,0,0,0,0,0,0.3622241616,0,0,0,0,0,0,0,0,0,0,0,0,0,0,0,0,0,0,0.1645532196,0,0,0,0.05322987725,0,0,0,0,0,0,0,0,0,0,0.05322987725,0,0,0,0.1645532196
1,2,2,4,3,1500,500,v1,0,0,0,0,0,0,0,0,0.7830565841,0,0,0.06873206741,0,0,0,0,0,0,0,0,0.01576963874,0,0,0.001384165455,0,0,0,0,0,0,0,0,0.1204823201,0,0,0.01057522421,0,0,0,0,0,0,0,0,0,0,0,0,0,0,0,0,0,0,0,0,0,0,0,0,-0.1479039109,0,0,0,0,0,-0.8517744882,0,0,0,0,0,0,0,0,-0.9825601773,0,0,0,0,0,-0.01711822174,0,0,0,0,0,0,0,0,-0.8688927099,0,0,0,0,0,-0.1307856891,0,0,0,0,0,0,0,0,0,0,0,0,0,0,0,0,0,0,1.378519339,0,0,0,0.1209982599,0,0,0,0,0,0,0,0,0,0,0.1209982599,0,0,0,1.378519339
1,2,2,4,4,1500,500,v1,0,0.007168059088,0,0,0,0,0.002348360599,0,5.188730042e-05,0,0,0.0004974912519,0.01429980657,0.002022938323,0.004880555707,0.02003353371,0,0,0.003742940127,0,3.963747099e-05,0.02210609267,0,0.0003800408753,0.02082185282,0.005395009258,0.01301603856,0.005733326518,0.01460346756,0,0.009982111865,0.004784308754,0.000105709858,0.05895512149,0,0.001013537594,0.06880383767,0.1260181227,0.04301026484,0.01894523366,0,0,0.176547025,0,0,0.194811607,0,0,0.02177491152,0.03988198281,0.005641949841,0.005995752572,0,0.01527189807,0.05587327653,0,0,0.01043901349,0.005003296328,0,-0.04084448688,0,-0.009467424241,0,0,0,-0.000548238969,0.08331541425,0.1230770693,0.01940491684,0.09130353078,0.02294101673,0.1724267121,0.0359039331,0.4135521525,-0.5509525012,0.01146823241,-0.005698072595,-0.02693066946,0,0,-0.0004188077996,0.02294101673,0,0.05510696663,0,0.08331541425,0,0.01805384511,0,-0.3775942949,-0.009911775224,-0.01534521523,-0.07182186901,-0.0193484097,0,-0.001119228835,0.1724267121,0,0,0,0.1230770693,0,0,0,0.01435085546,-0.0816138992,-0.2993296363,-0.2378179171,0,0,0,0.0359039331,0.01805384511,0,0.0002955645265,0.01940491684,0.05510696663,0,0.00283384888,-0.4292462001,0.02068805377,0.09085888298,-0.0158292788,0,-0.01995804055,0,0.4135521525,0,0,0.00283384888,0.09130353078,0,0,0.0002955645265
1,2,2,4,1,1500,500,v1,0.01370153341,0.004812394123,0.006627491113,0.06792722497,0,0.01424013295,0.0001750850786,0,0.006984488953,0.02339769336,0.01603714879,0.1255269005,0,0,0.0008984914256,0,0,0.01660942907,0,0,0.008146579407,0.004621109903,0.01870543528,0.1464122671,0,0,0.001911540766,0,0.01194184625,0.01644596803,0,0.0004344696289,0.01733185002,0.009831412645,0.05806084238,0.3114921403,0,0,0.000112995928,0,0.002009827067,0.0009721620656,0,0.009963992438,0.002088832233,0.0005811592488,0.00343212077,0.002352429815,0,0,0,0,0.01205588079,0.004234391008,0,0.05976867713,0,0,0.0001540561025,0,-0.3954646171,-0.08162645198,-0.004977133586,-0.0299629036,0,-0.03021409048,0.1257355147,0,0,0,0.004355550829,0,0,0,0.02240141318,-0.2449595769,0,0,-0.005433046353,0,-0.03476257604,0.1466555887,0,0.04160675449,0.03145450034,0.03604437545,0,0.2062710055,0.001144381255,0.1272510542,0.2225575368,0,0,-0.01171893764,-0.01237611007,-0.07450556919,-0.323687038,0,0.2062710055,0,0.04893653321,0,0.04160675449,0,0.0551120168,-0.3398999813,0,0,-0.0006859920173,-0.01194898199,-0.004395146949,-0.004389033481,0,0.001144381255,0,0.004055604846,0,0.03145450034,0,0.07288829711,-0.1109286776,0,0,0,-0.071676406,-0.004379344073,0,0.02240141318,0.1272510542,0.0551120168,0.07288829711,0.004355550829,0.03604437545,0.04893653321,0.004055604846
1,2,2,4,4,1500,500,v1,0,0,0,0,0,0,0,0,0,0,0,0,0,0,0.5572148332,0,0,0,0,0,0,0.06583222923,0,0,0,0,0.3190403385,0,0,0,0,0,0,0.03769306819,0,0,0,0,0.01808310029,0,0,0,0,0,0,0.00213643057,0,0,0,0,0,0,0,0,0,0,0,0,0,0,0,0,0,0,0,0,0,0,0,0,1.340444499,0,0,0,0.1583670205,-0.3761710709,0,0,-0.6230366085,0,0,0,0,0,0,0,0,0,0,0,-0.6432141976,0,0,-0.3559934817,0,0,0,0,0,0,0,0,0,0,0,-0.9790300902,0,0,-0.02017758911,0,0,0,0,0,0,0,0,0,0,0,0,0,0,0,0,0,0,0.1583670205,0,0,0,1.340444499,0,0,0
