1,2,2,4,2,1500,500,v1,0,0,0,0,0,0,0,0,0,0,0,0,0.09165472421,0,0,0.01220536809,0,0,0,0,0,0,0,0,0,0,0,0,0,0,0,0,0,0,0,0,0,0.7438188437,0,0,0,0,0.09905198946,0,0,0,0,0,0,0.04700903138,0,0,0,0,0.006260043182,0,0,0,0,0,0,0,0,0,0,0,0,0,1.321953876,0,0,0,0.1761864858,0,0,-0.8950865139,-0.1036737274,0,0,0,0,0,0,0,0,0,0,0,0,0,0,0,0,0,0,0,0,0.1761864858,0,0,0,1.321953876,0,0,0,-0.1568472167,0,-0.8419130245,0,0,0,0,0,0,0,0,0,0,0,0,-0.9455867519,0,-0.05317348936,0,0,0,0,0,0,0,0,0,0,0,0
1,2,2,4,3,1500,500,v1,0,6.246733927e-05,9.63774845e-05,0,0.0002187127152,0,0.0001514318393,0.0007954464,0.001137425018,0.0001304756709,0,0.001536478975,0,0.05016206366,0,0,0.005298880443,0,0.1244468711,0.01927174361,0.02755705895,0,0,0.03722517177,0.003860722106,0.1422176848,0,0.0006972317719,0.004290829977,0.006620089865,0.352827308,0.01040172806,0.07812878574,0,0.008962266147,0.1055394727,6.887872975e-05,0,0,1.243923739e-05,0,0.0001181083145,0,0,0,0,0.0001598948308,0,0.0001190297152,0,0.004384705777,2.149631518e-05,0,0.0001322903478,0,0,0.0004631793429,0.01087799972,0.0003206951172,0.001684558397,-0.2971004526,0,-0.0002135008869,0.0001861906699,-0.001012226549,0,-0.002669023651,0.005885317025,0,0.2946761453,0,0.001057640221,0,0.7317392176,0,-0.6993127416,0,-0.1742703074,0,-0.02455363187,0,-0.06466431633,0.001057640221,0,0.006717217982,0.004031483663,0.005885317025,0,0.0163010046,0.006377680306,-0.2571851663,-0.004531463463,-0.4947735369,0,-0.01467983885,-0.007353805553,-0.1834812452,0,0,0.008956277182,0,0,0,0.03260797801,0,-0.0118381506,4.189755222e-05,0,0,0,0.0002281722367,0,0.7317392176,0.0163010046,0.03260797801,0.1601185501,0.2946761453,0.006717217982,0.008956277182,0.2161033276,-0.7139926084,-0.0001390722528,0,-0.01523306425,0,-0.0004521419818,-0.002143645044,0,0.006377680306,0,0.2161033276,0,0.004031483663,0,0.1601185501
1,2,2,4,2,1500,500,v1,0,0.001844613026,0,0,0.07486092478,0,0.005662952799,0.02109474665,0.0001177199459,0,0,0.00557517054,0.01272661102,0.004347640485,0.002037876451,2.203542894e-05,0.09724600328,0,0.00202640191,0.02740254422,0.0001529208233,0.002231775763,0,0.007242270307,0,0.004624530933,0.002167663752,0,0.002548800885,0,0.002155458427,0.007824806016,0.0001626599716,0.00237391203,0,0.007703512555,0,0.003973277198,0.0006362297097,0,0,0,6.879511536e-06,0,0,0.0006967655201,0,0,0,0.05807190008,0.01983841129,0,0,0.01093390032,0.0001005483098,0,0.4437363706,0.009246531464,0.0335670195,0.1250386145,-0.7270722213,0,0.001832248204,0,-0.09576690517,0,-0.005640810463,0,0.1119749505,0.02078847054,0.004418487249,0,0.0001938824372,0.00891616956,0.004935702442,-0.7547389406,-0.0127272998,-0.002573482339,-0.004252307133,-0.1244033359,0,-0.007344428367,0,0,0.006272500695,0,0,0,0.02586700384,0,-0.07357184197,0,0.004967692788,-0.0006567959539,0.008810150088,0,-0.003543997141,0.0001938824372,0,0.9231513978,0,0.1119749505,0,0.2598867768,0,-0.07571483279,0,-0.003973492236,-0.001327023373,0,0,0,0.00891616956,0.02586700384,0.2598867768,0.0002941613161,0.02078847054,0.006272500695,0.9231513978,0.02449969264,-0.2238344244,0,-0.0580784299,-0.02219730385,0,-0.03206873465,-0.5685218753,0.004935702442,0,0,0.02449969264,0.004418487249,0,0,0.0002941613161
1,2,2,4,2,1500,500,v1,0,0,0.4480789442,0,0,0.004289072457,0,0,0.006130661402,0.3317226572,0.002188072702,0.08471119511,0,0.003298159909,5.017664182e-05,0,0,0.001770286606,0.005491398471,0,0.0025303904,4.883272414e-05,0.0009031126982,0.03496399178,0.004230429302,0.0005127928328,7.801387138e-06,0.00379685963,0,0.02875444405,0.000853794193,0,0.0003934212097,7.592436884e-06,0.02128754477,0.005436147695,0.0003114940506,0,5.744300417e-07,0.0002795695428,0,0.002117240973,0,0,2.026651789e-05,5.59044662e-07,0.001567439868,1.033897539e-05,0.001907067405,0,0.0002311657818,0.001711615234,0,0,0,0,0,0.0003848883789,0,0,0.05931931031,0,0,-0.7508608677,0,-0.006470155493,-0.07009267236,0.005349582792,0,0.005066166588,6.891282954e-05,0.004632450133,0,0.008576667612,6.70579601e-05,-0.07187159259,0,-0.00873268862,-9.808084641e-05,0,-0.002668564425,0.01231950497,0.004632450133,0,0,0.6110425847,0.005349582792,0,0,0.4483156658,-0.8238570575,-0.002461146022,0.0002489300248,8.556426998e-06,0,0.04620815745,0.005076885917,0,0,0,0.009109348883,0,0,0,0.004644556198,-0.7199470865,-0.0005885566799,0,-1.122773679e-06,0,-0.001586123458,-3.055013548e-05,0.008576667612,0,0,0.002341936325,0.005066166588,0,0,0.07670248588,-0.0115334613,-0.003604985915,0,-0.0006114642041,0,0,0,6.70579601e-05,0.4483156658,0.004644556198,0.07670248588,6.891282954e-05,0.6110425847,0.009109348883,0.002341936325
1,2,2,4,1,1500,500,v1,0,0,0,0,0.350438809,0,0,0.0950310128,0,0,0,0,0,0,0,0,0.4348435924,0,0,0.1179196651,0,0,0,0,0,0,0,0,0,0,0,0,0,0,0,0,0,0,0,0,0,0,0,0,0,0,0,0,0,0,0,0,0,0,0,0,0.001389987789,0,0,0.0003769329879,-0.4884340433,0,0,0,0.4112563619,0,0,0,0,0,0,0,0,0,0,0.4128904496,0,0,0,-0.4900681311,0,0,0,0,0,0,0,0,0,0,0,0,0,0,0,0,0,0,0,0.09944348995,0,0,0,0.01632303225,0,0,0,0,0,0,0,0,0,0,0.01632303225,0,0,0,0.09944348995,0,-0.07881176917,0,0,0,0,0,0.001634087711,0,0,0,0,0,0,0,0
1,2,2,4,4,1500,500,v1,0,0.02285507624,0.07412081649,0,0,0,0.02162754989,0,0.003367036171,0.05846021621,0,0.000454855604,0,0,0,0,0,0,0,0,0.0254953207,0,0,0.003444183225,0,0,0,0,0.03192924253,0.1035490541,0,0.03021435056,0.004703852805,0,0.08167071515,0.0006354472303,0,0,0,0,0,0.2646046875,0,0,0,0,0.2086977448,0,0,0,0,0,0,0.03297032929,0,0,0,0,0.03119952146,0,-0.6825278891,0,0.03941160202,-0.1323356967,0,0,-0.003815425393,0,0,0,0,0,0,0,0,-0.009145691696,0,0,0,0,0,-0.0288947584,0,0,-0.03756035286,0.6623640174,0,0,-0.03572285178,0.5227596258,-0.6001722343,0,0,0,0.01111279251,-0.1848777011,-0.005330266302,0,0,0,0,0,0,0,0,-0.3172133977,0,0,0,0,-0.4728690311,0,0,-0.03572285178,0,0.05026632691,0,-0.03756035286,0,0.006794348234,0.05052439453,0,0,0,0,-0.001668924772,0,0,0.5227596258,0,0.006794348234,0,0.6623640174,0,0.05026632691
1,2,2,4,1,1500,500,v1,0,0,0,0,0,0,0,0,0,0,0,0,0,0,0,0,0,0,0,0,0,0,0,0,0.002432391688,0,0,0.03480864913,0,0,0,0,0,0,0,0,0.02112268071,0,0,0.3022753223,0,0,0,0,0,0,0,0,0.04175974252,0,0,0.5976012137,0,0,0,0,0,0,0,0,0,0,0,0,0,0,0,0.09781112585,0,0,0,1.400887617,0,0,0,0,0,0,0,0,0,0,1.400887617,0,0,0,0.09781112585,0,0,0,-0.9619668646,-0.03716563064,0,0,0,0,0,0,0,0,0,0,0,0,0,-0.6763890648,-0.3227434304,0,0,0,0,0,0,0,0,0,0,0,0,0,-0.3599090611,-0.6392234342,0,0,0,0,0,0,0,0,0,0,0,0,0
1,2,2,4,1,1500,500,v1,0,0,0,0,0,0,0,0,0,0,0,0,0.01906125966,0.006400327119,0,0.06243760269,0,0,0.05992058502,0,0,0,0,0,0,0.005976601389,0,0,0,0,0.05595361691,0,0,0,0,0,0,0.1664916503,0,0,0,0,0.5453647711,0,0,0,0,0,0,0.01010879973,0.003394299549,0,0,0,0.03311267107,0,0,0.03177781556,0,0,0,0,0,0,0,0,0,0,0.2270988909,-0.003982580373,0,0,0.7545392167,-0.01346596203,0,-0.6675776405,0.07341885644,-0.04863425933,0,0,0,0,0,0,0,0,0,0,0,0,-0.02669453958,0,0.03832690119,0,0,0,0,0.7545392167,0,0,0,0.2270988909,0,0,0,0.0422994165,0,-0.6967248215,0,0,0,0,-0.01346596203,0,0,0,-0.003982580373,0,0,0,-0.6336133232,0,-0.03111943994,0.02193971975,0,0,0,0,0,0,0,0,0,0,0
1,2,2,4,1,1500,500,v1,0.09854428352,0,0,0.006619819126,0,0,0,0,0,0,0,0,0,0,0,0,0,0,0,0,0,0,0,0,0,0,0,0,0,0,0,0,0,0,0,0,0,0,0,0,0.5078638178,0,0,0.03411630279,0,0,0,0,0,0,0,0,0.3306443818,0,0,0.02221139496,0,0,0,0,-0.8940014013,-0.1049512912,0,0,0,0,0,0,0,0,0,0,0,0,0,0,0,0,0,0,0,0,0,1.404163626,0,0,0,0.09426541256,0,0,0,0,0,0,0,0,0,0,0.09426541256,0,0,0,1.404163626,0,0,-0.4570958491,0,0,0,-0.5418568435,0,0,0,0,0,0,0,0,0,0,-0.6468081347,0,0,0,-0.3521445578,0,0,0,0,0,0,0,0,0,0
1,2,2,4,2,1500,500,v1,0.01161159985,0,0,0.03182783147,0.001079841162,0,0,0.01110250894,0,0,0,0,0.0030355032,0.008611954212,0.035983241,0.0001276971221,0.0006118868682,0,0.09803418743,0.006291183983,0,0.02677015775,0,0,0.0002487605449,0.006622321248,0.02766997775,0.004262988743,0,0,0.07538519904,0,0,0.02058540723,0,0,0.000979583425,0.009191770154,0.1089604124,0.01678703958,0.01992378179,0,0.0003866780952,0.05461183448,0,0.08106238762,0,0,0.0007433599822,0.006975203871,0.01978918565,0.01273889811,0.01511922487,0,0.0002934318963,0.04144236343,0.001406038923,0.2252702101,0,0.01445634808,-0.1536666766,-0.04335656432,0,0,-0.01216222708,0,0,0.002414470714,0.02875590231,0.007191080801,0.1373290405,0.04602433896,0.001209797067,0.1402260627,0.1017075785,-0.3136948159,-0.003157924438,0.04082254642,-0.02958163761,-0.006891477613,0,0,0.04602433896,0.06986585851,0,0,0.002414470714,0.1915768417,0,0,-0.3870262355,-0.0012759854,0.07450673536,0.02386710405,0,0,0,0.001209797067,0.1915768417,0.004639696331,0,0.02875590231,0.06986585851,0.04769580546,0,-0.1305661872,-0.01766582022,-0.009562629031,-0.1536432125,-0.07448470322,0,0,0.1402260627,0,0.04769580546,0,0.007191080801,0,0.004639696331,0,-0.05322804955,-0.01335073416,-0.007256579447,-0.2136073774,-0.05645386591,0,-0.01583662983,0.1017075785,0,0,0,0.1373290405,0,0,0
1,2,2,4,4,1500,500,v1,0,0,0,0,0.3644453515,0,0,0.1493269946,0,0,0,0,0.001016674572,0.001268285535,0.06660035563,0.01361835352,0.03209381876,0,0.0009057499273,0.013150047,0,0.02508872549,0,0,0.002564290329,0.0009679362457,0.05082837925,0.005063713071,0,0,0.0006912545792,0,0,0.01914733401,0,0,0.006636911729,0.002008216459,0.1315543184,0.01310593278,0,0,0.02690005478,0,0,0.04955724562,0,0,0.001094070361,0.0003310470586,0.0004129759979,0.002160464564,0,0,0.004434374576,0,0.01045030985,0.0002949280502,0,0.004281885767,0.05550937006,0,0,0,-0.4577797203,0,0,0.0136647135,0.004331337362,0.003138318851,0.3728669248,0.02762304649,0.06241879615,0.002211835578,0.1405335503,-0.7263016703,-0.01449340488,-0.002155617084,-0.09152784838,0.04187434836,0,0,0.02762304649,0,0,0,0.0136647135,0,0,0,-0.2942491423,-0.007614116147,-0.001644000391,-0.06985166754,0,0,0,0.06241879615,0,0.4351238954,0,0.004331337362,0,0.16828163,0,-0.1850510859,-0.01970692512,-0.02864676726,-0.1808874675,0,0,0,0.002211835578,0,0.16828163,0,0.003138318851,0,0.4351238954,0,-0.4901662029,-0.0002041320641,-0.001359916859,0.0002328478555,0,0,0.0136350217,0.1405335503,0,0,0,0.3728669248,0,0,0
1,2,2,4,2,1500,500,v1,0,0,0,0,0,0,0,0,0,0,0,0,0.1300575714,0,0,0.5145723046,0,0,0,0,0,0,0,0,0,0,0,0,0,0,0,0,0,0,0,0,0,0.05807529698,0,0,0,0,0.2297746996,0,0,0,0,0,0,0.01362255166,0,0,0,0,0.05389757571,0,0,0,0,0,0,0,0,0,0,0,0,0,0.3021458096,0,0,0,1.196400669,0,0,-0.3546692367,-0.6443617492,0,0,0,0,0,0,0,0,0,0,0,0,0,0,0,0,0,0,0,0,1.196400669,0,0,0,0.3021458096,0,0,0,-0.7117484919,0,-0.2872824941,0,0,0,0,0,0,0,0,0,0,0,0,-0.9316442433,0,-0.06738674267,0,0,0,0,0,0,0,0,0,0,0,0
1,2,2,4,0,1500,500,v1,0.002446483012,0,0,0.0004920783089,0,0,0,0,0,0,0,0,3.347824856e-05,0,0,8.967315456e-05,0,0,0,0,0,0,0,0,0.04813423663,0,0,0.1113688658,0,0,0,0,0,0,0,0,0.152296314,0.004613090237,0,0.3523701412,0.1073033601,0,0.01235639173,0.02158267836,0,0,0,0,0.04375900255,0.001325470211,0,0.1012458247,0.03083126495,0,0.003550337911,0.006201308834,0,0,0,0,-0.06988201366,0.002654108798,0,0,0,0,0,0.3659589847,0.008948996857,0,0,0.8461648928,0.0239548825,0,0,-0.0218129808,-0.0001229387739,0,0,0,0,0,0.8461648928,0.08843926558,0,0,0.3659589847,0.01240259172,0,0,-0.6488683062,-0.1592142788,0,0,0,0,0,0.0239548825,0.01240259172,0,0,0.008948996857,0.08843926558,0,0,-0.2728449587,-0.5041260495,-0.01694558945,0,-0.1033298117,0,0,0,0,0,0,0,0,0,0,-0.7810845595,-0.1447422567,-0.004867391352,0,0.03344779808,0,0,0,0,0,0,0,0,0,0
1,2,2,4,2,1500,500,v1,0,0,0.005006991235,0,0,0,0,0,0,0.01005985762,0,0,0,0,9.090409395e-05,0,0,0,0,0,0,1.368700646e-05,0,0,0.0006857515884,0,0.007835182158,0.0006372613105,0,0.002282306123,0,0,0,0.001179706921,0.004585523235,0,0.0374136425,0,0.4274765223,0.03476808112,0,0.1245194131,0,0,0,0.06436315096,0.2501797005,0,0.01498081435,0,0,0.01392150386,0,0,0,0,0,0,0,0,-0.3393329243,0,0,-0.00241764676,0,0,0,0.04912949848,0,0,0.6123746489,0.04526972442,0,0,0.08881834273,-0.4673900239,0,0,-7.197048621e-05,0,0,0,0.04526972442,0,0,0.1670991116,0.04912949848,0,0,0.3455267449,-0.8876451937,0.001083578133,0,0.008169793412,0,0.006246441438,0,0,0,0,0,0,0,0,0,0.005588131555,-0.05659432922,0,-0.4755598173,0,-0.3455793657,0,0,0,0,0,0,0,0,0,-0.05551075109,-0.007422064181,0,0,0,0,0,0.08881834273,0.3455267449,0,0,0.6123746489,0.1670991116,0,0
1,2,2,4,2,1500,500,v1,0,0,0,0,0.02621877792,0,0,0.07477260283,0,0,0,0,0,0,0,0,0.006048383552,0,0,0.01724921666,0,0,0,0,0,0,0,0,0,0,0,0,0,0,0,0,0,0,0,0,0,0,0,0,0,0,0,0,0,0,0,0,0,0,0,0,0.2273468544,0,0,0.6483641646,-0.8980926157,0,0,0,-0.1008066535,0,0,0,0,0,0,0,0,0,0,-0.9756442835,0,0,0,-0.02325498567,0,0,0,0,0,0,0,0,0,0,0,0,0,0,0,0,0,0,0,0.3892668547,0,0,0,1.109082049,0,0,0,0,0,0,0,0,0,0,1.109082049,0,0,0,0.3892668547,0,-0.1240616392,0,0,0,0,0,-0.87483763,0,0,0,0,0,0,0,0
1,2,2,4,2,1500,500,v1,0,0,0,0,0,0,0,0,0.168287458,0,0,0.06911071974,0,0,0,0,0,0,0,0,0.5282091169,0,0,0.2169199813,0,0,0,0,0,0,0,0,0.01238611161,0,0,0.005086612506,0,0,0,0,0,0,0,0,0,0,0,0,0,0,0,0,0,0,0,0,0,0,0,0,-0.65799182,0,0,0,0,0,0.2205385285,0,0,0,0,0,0,0,0,0.2367703684,0,0,0,0,0,-0.6742236599,0,0,0,0,0,0,0,0,-0.4536851313,0,0,0,0,0,0.01623183986,0,0,0,0,0,0,0,0,0,0,0,0,0,0,0,0,0,0,0.4734928147,0,0,0,0.1826871225,0,0,0,0,0,0,0,0,0,0,0.1826871225,0,0,0,0.4734928147
1,2,2,4,2,1500,500,v1,0,0.07127438117,0,0,0,0,0.8935597107,0,0,0,0,0,0,0,0,0,0,0,0,0,0,0,0,0,0,0,0,0,0.001754936294,0,0,0.02200145888,0,0,0,0,0,0,0,0,0,0,0,0,0,0,0,0,0,0,0,0,0,0.0008428454003,0,0,0,0,0.01056666757,0,0.03284899164,0,-0.8928321184,0,0,0,0,0,0,0,0,0,0,0,0,0,0,0,0,0,0,0,0,0,0.082453984,0,0,0,1.207520706,0,-0.8821743247,0,0,0,0.02219119789,0,0,0,0,0,0,0,0,0,0,0,0,0,0,0,0,0,0,1.207520706,0,0,0,0.082453984,0,0,-0.8706409205,0,0,0,0,0.01065779375,0,0,0,0,0,0,0,0,0
1,2,2,4,3,1500,500,v1,0,0,0,0,0,0,0,0,0,0,0,0,0.01528009868,0,0,0.01143859591,0,0,0,0,0,0,0,0,0,0,0,0,0,0,0,0,0,0,0,0,0,0.5225533373,0,0,0,0,0.3911804887,0,0,0,0,0,0,0.03405448409,0,0,0,0,0.02549299522,0,0,0,0,0,0,0,0,0,0,0,0,0,0.6507749146,0,0,0,0.4809928433,0,0,-0.7793919176,0.02488007895,0,0,0,0,0,0,0,0,0,0,0,0,0,0,0,0,0,0,0,0,0.4809928433,0,0,0,0.6507749146,0,0,0,0.0803298683,0,-0.8348417069,0,0,0,0,0,0,0,0,0,0,0,0,-0.8099616279,0,0.05544978935,0,0,0,0,0,0,0,0,0,0,0,0
1,2,2,4,0,1500,500,v1,0,0,0,0,0,0,0,0,0,0,0,0,0.1864857074,0,0,0.14229584,0,0,0,0,0,0,0,0,0,0,0,0,0,0,0,0,0,0,0,0,0,0.1768645198,0,0,0,0,0.1349545001,0,0,0,0,0,0,0.2038522477,0,0,0,0,0.155547185,0,0,0,0,0,0,0,0,0,0,0,0,0,0.8496362579,0,0,0,0.6481350662,0,0,-0.6703391027,-0.3281751133,0,0,0,0,0,0,0,0,0,0,0,0,0,0,0,0,0,0,0,0,0.6481350662,0,0,0,0.8496362579,0,0,0,-0.6872748147,0,-0.3112394014,0,0,0,0,0,0,0,0,0,0,0,0,-0.6394145147,0,-0.3590997013,0,0,0,0,0,0,0,0,0,0,0,0
1,2,2,4,2,1500,500,v1,0,0.08303252015,0.001278630907,0,0.2513464743,1.941908958e-05,0.2817415752,0.2305418004,0.0003671463384,1.706332855e-05,4.235821076e-05,0.001481029809,0,0.004788149091,0,0,0.03506253115,2.708939663e-06,0.0005916434075,0.03216030414,5.121647304e-05,0,5.908919503e-06,0.0002066018788,0,0.005617399364,0,0,0.01358896319,0.0002092585929,0.000694108984,0.04610935436,6.008655487e-05,0,2.792555775e-06,0.0002423828583,0,0,0,0,0,7.408580675e-05,0,0,1.125171392e-06,0,9.886750387e-07,2.454298734e-06,0,0,0.0004133292548,0,0,0.0009998783538,0,0,0.003026716502,5.107266379e-05,0.003392734581,0.002776186433,-0.01396157684,0,-0.3190219318,-0.001283466737,-0.4815044051,-6.16748848e-05,-0.001834915271,0,0,0.01107897837,0,0,0,0.0007587521399,0,-0.4916124186,0,-0.005349654458,0,-0.0670965016,-8.603518865e-06,-0.0002552310835,0,0,0.08158472813,0.001880189667,0,0,0.3083666755,2.447918414e-05,-0.3242315938,0,-0.002082716464,0,0.05500691096,8.805099155e-05,0.0001263134021,0,0,0.4339779971,3.482223844e-05,0,0,0.397611359,7.595563778e-05,-0.001265694149,0,0,0,0,-7.436348832e-05,-3.573513812e-06,0.0007587521399,0.3083666755,0.397611359,0.0005752540659,0.01107897837,0.08158472813,0.4339779971,0.002370495363,-0.8200482984,0,0,-0.0004594494197,0,0.004047418394,-0.005791997383,0,2.447918414e-05,7.595563778e-05,0.002370495363,0,0.001880189667,3.482223844e-05,0.0005752540659
1,2,2,4,0,1500,500,v1,0.0001159838176,0.0008752439973,0,0.0001244278575,1.830405556e-06,0.001512956879,0.001639676482,1.209760863e-06,3.995543859e-07,0,0.0005239449879,3.522203913e-07,0.004262792596,0.08753725301,0,0.002279277006,0.0001295221304,0.1070590052,0.0535343142,8.560441903e-05,2.827304314e-05,0,0.03707510108,2.492362158e-05,0,0.07545115831,0,0,0.05338248564,0,0.04614293775,0.1000064057,2.436944021e-05,0,0,2.148246664e-05,0,0.01070431821,0,0,0.02060909216,0,0.005723503037,0.02210950834,0.2688363634,0,0,0.09309945787,0,8.800185637e-05,0.001807134781,0,0.0001694305356,0.001278566806,4.70538041e-05,0.0001817656892,2.673878134e-06,0.001105172002,0.002395258841,1.767233009e-06,-0.3819723209,0.0001141069692,4.439354224e-05,0,1.70529119e-06,0.001874258834,4.224315665e-07,0,0.02256113104,0.2469263666,0,0,0.01205470971,0.1509258282,0,-0.4536951121,-0.006530008879,-0.1409584479,0,-0.0002131273269,0.1326200598,-5.269724349e-05,0,0.03097824409,0.08167210142,0,0,0.0330468568,0.1534329835,0,-0.1475403416,0,-0.1213695416,0,-0.1531139115,0,-4.542082957e-05,0.01205470971,0.0330468568,0.0001948856811,0.2071560894,0.02256113104,0.03097824409,0.0001288460164,0.06314960033,0.1275960096,0,-0.01641241168,0,-0.04244990709,0,-0.3146981118,0.1509258282,0.1534329835,0.0001288460164,7.788738846e-05,0.2469263666,0.08167210142,0.0001948856811,6.865607378e-05,-0.4808871501,0,-0.0001348066033,-0.002906807096,-0.0003476004767,-0.003667205326,-4.399095948e-06,0,0,0.06314960033,6.865607378e-05,0,0,0.2071560894,7.788738846e-05
1,2,2,4,4,1500,500,v1,0,0,0,0,0,0,0,0,0,0,0,0,0.0175547457,0.06561991832,0,0.04634917026,0,0,0.07252028011,0,0,0,0,0,0,0.1262794134,0,0,0,0,0.1395585162,0,0,0,0,0,0,0.09788939103,0,0,0,0,0.2584538751,0,0,0,0,0,0,0.01527230818,0.05708813063,0,0,0,0.04032293173,0,0,0.06309131938,0,0,0,0,0,0,0,0,0,0,0.13472024,0.02394974751,0,0,0.3632675691,0.0277194298,0,-0.4045745224,-0.04308502664,0.0812215581,0,0,0,0,0,0,0,0,0,0,0,0,0.1901291758,0,-0.224575294,0,0,0,0,0.3632675691,0,0,0,0.13472024,0,0,0,-0.007936325,0,-0.3240555477,0,0,0,0,0.0277194298,0,0,0,0.02394974751,0,0,0,-0.5104943103,0,0.03514870164,0.1089076177,0,0,0,0,0,0,0,0,0,0,0
1,2,2,4,4,1500,500,v1,0.003122992289,0.001143561411,0.00685587839,5.199666774e-05,1.995363377e-05,0.0001952966703,0.001117406725,0.0004613861591,0,0.004895141167,0.003796503222,0,0.0002395675099,0.01618560206,0.009640550737,0.0001053848372,1.215020577e-05,0.0001189204311,0.08003656726,0.0002809481639,0,0.02369497842,0.00231177418,0,0.01054340457,0.01276910549,0.007605599647,0.0146262866,0.0005493545728,0.003293490064,0.06314225238,0.0005367901437,0,0.01869338427,0.002351573041,0,0.005529144639,9.911436761e-05,0.003988508667,0.007670278949,0.0007867581372,0.001727163442,4.360003366e-05,1.30992323e-05,4.920000765e-05,0.00980313567,0.001233205782,0.0009564320137,0.06877800734,0.001232901135,0.08329696778,0.09541195542,0.009786623513,0.003583615955,0.0005423485241,0.0001629436656,6.252935755e-05,0.4118971503,0.003501654157,0.001445860962,-0.02113009908,-0.003168855,-0.002241754195,-0.01173587828,-0.0004767398689,-0.003988123916,0,0.1065954681,0.00044000133,0.06196224254,0.03179911042,0.1518846802,2.08956758e-05,0.3606869301,0.07818723891,-0.4162496918,-0.0003416979508,0.08904829002,-0.03330813138,-0.0002902951115,-0.002426283459,0,0.1518846802,0.01351163607,0.003997601402,0.0177852198,0.1065954681,-1.061597217e-05,0.003868959461,0.01270407924,-0.5652632573,-0.02500847972,0.0702517586,-0.02625040831,-0.00107548148,-0.005635151903,0,2.08956758e-05,-1.061597217e-05,-3.722520814e-07,0.0005442192755,0.00044000133,0.01351163607,0.001128413511,0.01058303499,-0.2509727888,-0.01305956934,-0.0001413509399,-0.01376569319,-0.0007983117731,-0.002955169171,-0.001003762132,0.3606869301,0.003868959461,0.001128413511,0,0.06196224254,0.003997601402,-3.722520814e-07,0,0.1126975132,-0.1342520498,0.0001757842201,-0.4410661637,-0.005033513294,-0.001927138233,1.500747423e-05,0.07818723891,0.01270407924,0.01058303499,0,0.03179911042,0.0177852198,0.0005442192755,0
1,2,2,4,0,1500,500,v1,0,0,0,0,0,0,0,0,0,0,0,0,0,0,0.07174878281,0,0,0,0,0,0,0.7912604762,0,0,0,0,0.01095934123,0,0,0,0,0,0,0.1208618909,0,0,0,0,0.0004297821378,0,0,0,0,0,0,0.004739726664,0,0,0,0,0,0,0,0,0,0,0,0,0,0,0,0,0,0,0,0,0,0,0,0,0.1246449391,0,0,0,1.373489161,-0.136745647,0,0,-0.8620104199,0,0,0,0,0,0,0,0,0,0,0,-0.8671706798,0,0,-0.1315853871,0,0,0,0,0,0,0,0,0,0,0,-0.993595807,0,0,-0.005160259889,0,0,0,0,0,0,0,0,0,0,0,0,0,0,0,0,0,0,1.373489161,0,0,0,0.1246449391,0,0,0
1,2,2,4,4,1500,500,v1,0.00461803247,0.0001483363841,0.0179358906,0.008366654128,0,0,5.988728737e-05,0,0.0002017389425,0.01807854011,0,0.0006069867147,0,0,0.0007363341157,0,0,0,0,0,0.0004859446319,0.003469551984,0,0.001462097164,0.138777452,0,0.004792566861,0.1493810187,0.002325615939,0.2811986642,0,0.0009389121278,0.003162860568,0.02258222118,0.2834351213,0.009516329974,0.001007992332,0,3.481019847e-05,0.001085009987,0.0005258787333,0.002042450652,0,0.0009527532565,0,0.0001640230849,0.002058694873,0,0.01117169457,0,0,0.01202529006,0.005828374283,0.0001872139211,0,0.01055947356,0,0,7.558316833e-05,0,-0.595492449,-0.01290292593,-0.0002062195692,-0.03594679452,0,0,-0.0008072145544,0.1610640232,0,0,0.008331718488,0.1744057539,0,0,0.03929931938,-0.0410319833,0,0,-0.004197797678,0,0,-0.001944401883,0.1744057539,0.01116702214,0.003556031913,0.4510980844,0.1610640232,0.02241802054,0.001430129603,0.4552338804,-0.02408743481,-0.2468354203,0,-0.02735777666,-0.003235873715,-0.5641810719,-0.01266854118,0,0.02241802054,0,0,0,0.01116702214,0,0,-0.8781760578,0.001919116292,0,-0.0001984509032,-0.001463045803,-0.004093443451,0,0,0.001430129603,0,0.005766224396,0,0.003556031913,0,0.01736401203,-0.262724369,0.02126978585,0,0,-0.008024056719,0.0001179856071,0,0.03929931938,0.4552338804,0,0.01736401203,0.008331718488,0.4510980844,0,0.005766224396
1,2,2,4,3,1500,500,v1,7.639465551e-05,0.02170903617,1.861031921e-05,2.803321446e-05,0.003410509368,0,0.01688859301,0.00703645917,0,1.198667878e-05,0,0,0.004202270914,0,0,0.00231667519,0.004028448979,0,0,0.008311373375,0,0,0,0,7.427863698e-06,0,0,2.153070016e-05,0.09454129088,8.104660142e-05,0,0.07354860766,0,0,5.220112384e-05,0,4.631736758e-06,0.009661095051,0,1.342573577e-05,0.0002074549994,5.053761595e-05,0.005326077179,7.612614325e-05,0,0,3.255065978e-05,0,2.334503138e-05,0.04869416785,0,6.766883337e-05,0.001045621486,0.2971338048,0.02684466872,0.0003836934817,0.04667999155,0,0.2311559048,0.09630873841,-0.852184629,-0.0001033946196,-0.03852605851,-3.054585166e-05,-0.01042704046,0,0,4.184486367e-05,0.0369568884,0,0,0.0001214616024,0.01757743079,0,0,-0.1954510994,0.005776880105,0,0,-0.01231628357,0,0,0.0001214616024,0.001541819736,0.6191244793,0.0001096858309,4.184486367e-05,0.0005543851062,0.4820557352,6.996248224e-05,-0.5664088242,-2.868449151e-05,0,0,-0.1677782459,-0.0001330249879,0,0.01757743079,0.0005543851062,0.08104606398,0,0.0369568884,0.001541819736,0.1674053711,0,-0.05144147533,9.985676807e-06,0.01328114939,0,0.0001242157574,4.380529748e-05,0,0,0.4820557352,0.1674053711,0,0,0.6191244793,0.08104606398,0,-0.2099874766,-9.01721627e-05,-0.05541424229,0,-0.001418291033,-0.5278158386,-0.142890966,0,6.996248224e-05,0,0,0,0.0001096858309,0,0
1,2,2,4,3,1500,500,v1,0,0.01247074256,0,0,0.04731460851,0,0.009058682818,0.07074756001,0.004528594105,0,0,0.001573284848,0.01535682189,0.0006514796949,0.005331174643,0.03755115934,0.1647343562,0,0.001177511404,0.2463204097,0.0157671184,0.038397586,0,0.00547767539,0.02505501255,0.00115440556,0.00944670678,0.01046004417,0.07693762423,0,0.00208652046,0.05588709184,0.02793893547,0.06803955231,0,0.009706302403,0.0005733098782,0.0006226638795,0.0002161599522,0.000239347182,0,0,0.001522564416,0,0,0.001556883972,0,0,0.000809308302,0.0008789784831,3.72887462e-05,0.0003378725342,0,0.002485181674,0.002149315875,0,0.00942890108,6.739722549e-05,0.001805223099,0.01409864239,-0.6300348823,0,-0.02149030693,0,-0.1178378743,0,-0.006090290172,0.03824161545,0.02392668545,0.002760165287,-4.839423522e-05,0.015986342,0.05939783048,0.004990559263,0.02632149503,-0.247687385,-0.05265088426,-0.001825860981,0.0389027195,-0.4107609871,0,-0.02120448577,0.015986342,0,0.1376179541,0,0.03824161545,0,0.1000700923,0,-0.01542245143,-0.03524689363,-0.003236788596,-0.0579960803,-0.1326857814,0,-0.03761817303,0.05939783048,0,0.3316915953,0,0.02392668545,0,0.4964309655,0,-0.1111226625,0.0002306499133,9.700284917e-05,0.001577960261,0,0,0,0.004990559263,0.1000700923,0.4964309655,0.07227523072,0.002760165287,0.1376179541,0.3316915953,0.02509419274,-0.7754077245,-0.00113572792,-0.002995795871,-0.0001045001229,0,-0.004282609212,-0.02348284576,0.02632149503,0,0,0.02509419274,-4.839423522e-05,0,0,0.07227523072
1,2,2,4,0,1500,500,v1,0,0,0,0,0.1155829202,0,0,0.01314492533,0,0,0,0,0,0,0,0,0.6417724,0,0,0.07298699726,0,0,0,0,0,0,0,0,0,0,0,0,0,0,0,0,0,0,0,0,0,0,0,0,0,0,0,0,0,0,0,0,0,0,0,0,0.1405306013,0,0,0.015982156,-0.5046366307,0,0,0,0.1197425227,0,0,0,0,0,0,0,0,0,0,0.2653305445,0,0,0,-0.6502246525,0,0,0,0,0,0,0,0,0,0,0,0,0,0,0,0,0,0,0,0.5294308614,0,0,0,0.04791030066,0,0,0,0,0,0,0,0,0,0,0.04791030066,0,0,0,0.5294308614,0,-0.5304821299,0,0,0,0,0,0.1455880219,0,0,0,0,0,0,0,0
1,2,2,4,0,1500,500,v1,0.001541764836,0,0,0.05163318565,0,0,0,0,0,0,0,0,0,0,0,0,0,0,0,0,0,0,0,0,0,0,0,0,0,0,0,0,0,0,0,0,0,0,0,0,0.02559827212,0,0,0.8572775209,0,0,0,0,0,0,0,0,0.001854157156,0,0,0.06209509933,0,0,0,0,-0.7578352548,0.04968041445,0,0,0,0,0,0,0,0,0,0,0,0,0,0,0,0,0,0,0,0,0,0.02182485304,0,0,0,1.040407407,0,0,0,0,0,0,0,0,0,0,1.040407407,0,0,0,0.02182485304,0,0,0.1094270722,0,0,0,-0.8175819125,0,0,0,0,0,0,0,0,0,0,-0.7679014981,0,0,0,0.05974665772,0,0,0,0,0,0,0,0,0,0
1,2,2,4,3,1500,500,v1,0,0,0,0,0,0.3927659792,0,0,0,0,0.4698593905,0,0,0,0,0,0,0.06023256986,0,0,0,0,0.07205521879,0,0,0,0,0,0,0,0,0,0,0,0,0,0,0,0,0,0,0,0,0,0.002316113584,0,0,0.002770728053,0,0,0,0,0,0,0,0,0,0,0,0,0.1278211235,0,0,0,0,-0.7856283829,0,0,0,0,0,0,0,0,0,-0.7808952978,0,0,0,0,0.1230880384,0,0,0,0,0,0,0,0,0,0,0,0,0,0,0,0,0,0,0,0.4471416369,0,0,0,0.5395692522,-0.6625403445,0,0,0,0,0,0.00473308508,0,0,0,0,0,0,0,0,0,0,0,0,0,0,0,0,0,0.5395692522,0,0,0,0.4471416369,0
1,2,2,4,4,1500,500,v1,0,0,0.4056817522,0,0,0,0,0,0,0.0232530278,0,0,0,0,0.00360735355,0,0,0,0,0,0,0.01346012545,0,0,0.002135758047,0,0.008294490369,0.0003345035445,0,0.2951251539,0,0,0,0.03094924835,0.01691610079,0,0.00118820683,0,0.004614553656,0.0001860975763,0,0.1641898172,0,0,0,0.0172182932,0.009411097156,0,0.002969357994,0,0,0.000465062405,0,0,0,0,0,0,0,0,-0.4848280807,0,0,-0.428319705,0,0,0,-0.00308031438,0,0,0.02473345785,-0.0007047843411,0,0,0.09233223654,-0.06100898573,0,0,-0.01703481053,0,0,0,-0.0007047843411,0,0,1.295444532,-0.00308031438,0,0,0.07427714636,-0.6392301732,0.001310480601,0,-0.03921790406,0,-0.3115305861,0,0,0,0,0,0,0,0,0,-0.794598459,0.001018852532,0,-0.02179108166,0,-0.1732974946,0,0,0,0,0,0,0,0,0,0.002329333132,0.000194066015,0,0,0,0,0,0.09233223654,0.07427714636,0,0,0.02473345785,1.295444532,0,0
1,2,2,4,2,1500,500,v1,0.003521538563,0,0,0.0395934625,0,0,0,0,0,0,0,0,0,0,0,0,0,0,0,0,0,0,0,0,0,0,0,0,0,0,0,0,0,0,0,0,0,0,0,0,0.07729720822,0,0,0.8690701694,0,0,0,0,0,0,0,0,0.0008590561992,0,0,0.009658565087,0,0,0,0,-0.9566583759,-0.04302772624,0,0,0,0,0,0,0,0,0,0,0,0,0,0,0,0,0,0,0,0,0,0.1223203696,0,0,0,1.377208784,0,0,0,0,0,0,0,0,0,0,1.377208784,0,0,0,0.1223203696,0,0,-0.05352405741,0,0,0,-0.9461620448,0,0,0,0,0,0,0,0,0,0,-0.989189771,0,0,0,-0.01049633117,0,0,0,0,0,0,0,0,0,0
1,2,2,4,3,1500,500,v1,0,0,0.3905510099,0,0,0,0,0,0,0.1111181629,0,0,0,0,0,0,0,0,0,0,0,0,0,0,0,0,0,0,0,0.08931835401,0,0,0,0,0.02541253552,0,0,0,0,0,0,0.2986337435,0,0,0,0,0.08496619421,0,0,0,0,0,0,0,0,0,0,0,0,0,0.4593087593,0,0,-0.4406723787,0,0,0,0,0,0,0,0,0,0,0,0,0,0,0,0,0,0,0,0,0,-0.01418241156,0,0,0,-0.01377215933,-0.08722596717,0,0,0,0,0.1058623478,0,0,0,0,0,0,0,0,0,-0.334810031,0,0,0,0,0.3534464115,0,0,0,0,0,0,0,0,0,0,0,0,0,0,0,0,0,-0.01377215933,0,0,0,-0.01418241156,0,0
1,2,2,4,3,1500,500,v1,0,0,0,0,0,0.1742370313,0,0,0,0,0.2518382611,0,0.1377248659,0,0,0.02596052773,0,0.04734936061,0,0,0,0,0.06843769405,0,0,0,0,0,0,0,0,0,0,0,0,0,0,0.07409820134,0,0,0,0,0.01396718304,0,0.02547472044,0,0,0.03682058429,0,0.1212386258,0,0,0,0,0.02285294443,0,0,0,0,0,-0.01731976372,0,0,0,0,-0.4072150895,0,0,-0.02839382583,0,0,0,-0.01029677885,0,0,-0.2061344268,-0.1193671438,0,0,0,-0.07323954626,0,0,0,0,0,0,0,0,0,0,0,0,0,0,0,0,-0.01029677885,0,0,0.2589522364,-0.02839382583,0,0,0.3778500434,-0.5324252194,0,0.07776432006,0,0,0,0.05591978255,0,0,0,0,0,0,0,0,-0.04160282369,0,0.06739656015,0,0,0,0,0,0,0.3778500434,0,0,0,0.2589522364,0
1,2,2,4,1,1500,500,v1,0,0,0,0,0,0.002421028263,0,0,0,0,0.003779363315,0,0,0,0,0,0,0.3375824175,0,0,0,0,0.5269854236,0,0,0,0,0,0,0,0,0,0,0,0,0,0,0,0,0,0,0,0,0,0.0504603229,0,0,0.07877144442,0,0,0,0,0,0,0,0,0,0,0,0,-0.6675827447,0,0,0,0,0.005769995448,0,0,0,0,0,0,0,0,0,0.1260312241,0,0,0,0,-0.7878439733,0,0,0,0,0,0,0,0,0,0,0,0,0,0,0,0,0,0,0,0.3824936043,0,0,0,0.6102255195,-0.7820739778,0,0,0,0,0,0.1202612286,0,0,0,0,0,0,0,0,0,0,0,0,0,0,0,0,0,0.6102255195,0,0,0,0.3824936043,0
1,2,2,4,4,1500,500,v1,0,0.008096878463,0.0005218785655,0,0.00192754808,0.05800933744,0.04056193107,0.001936109236,0.04567344478,0.001940622306,0.01093392517,0.002169653042,0,0.009008984097,0.04636396679,0,0.0008130773878,0.02446947033,0.005441972819,0.0008166886504,0.01926595013,0.03335474786,0.004612142964,0.0009152019843,0,0.02093256155,0.1077276392,0,0.007935802311,0.0005114965162,0.0126445368,0.03975500778,0.04476483503,0.077500449,0.00190201632,0.002126490808,0,0,0.09999840264,0,0,0.000474797693,0,0,0.05277606977,0.07193995116,0.00176555056,0.009947529539,0,0,0.03210794479,0,0,0.0121725333,0,0,0.002897801084,0.0193951461,0.06097923524,0.002910671594,-0.1757536734,0,0.04275918733,-0.002458752946,-0.003832568838,-0.06883678738,-0.04776510136,0,0,0.07929854716,0.3805120227,0,0,0.04570350606,0.2738420453,-0.6568268255,0,-0.01429653266,-0.07957301708,-0.001613447437,-0.02903153754,-0.02014717443,0,0,-0.01098970141,0.002258497781,0,0,-0.03871334926,0.008399417074,-0.3825781978,0,-0.03337860415,-0.1849958559,0.04190951575,-0.002409790658,-0.04681476426,0,0,0.005014667116,0.2025482005,0,0,0.005034461455,0.03818879158,-0.3673057415,0,0,-0.1716671724,0,-0.002236732966,-0.06262300316,0.04570350606,-0.03871334926,0.005034461455,0.1642849097,0.07929854716,-0.01098970141,0.005014667116,0.007805650393,0.03154754999,0,0,-0.03565956534,0,-0.05153333596,-0.001253402773,0.2738420453,0.008399417074,0.03818879158,0.007805650393,0.3805120227,0.002258497781,0.2025482005,0.1642849097
1,2,2,4,1,1500,500,v1,0.008233675953,0.2560928952,0,0.01598477978,0.01591002954,0,0.02893140204,0.002225495316,0,0,0,0,0,0,0,0,0.03605902272,0,0,0.005043936969,0,0,0,0,0,0,0,0,0.06344715208,0,0,0.007167770366,0,0,0,0,0,0,0,0,0.0004535853077,0,0,0.0008805861802,0,0,0,0,0,0,0,0,0.01407336905,0.4377254882,0,0.02732190415,0.02719413767,0,0.04945085287,0.003803916634,-0.5996697039,-0.02417585916,-0.284453633,0,0.01568002213,0,0,0,0,0,0,0,0,0,0,0.04149823849,0,0,0,-0.02530383422,0,0,0,0.03410479033,1.134830015,0,0,0.06617150395,0.1281140582,0,-0.7714895773,0,0,0,-0.07047313808,0,0,0,0.06617150395,-0.01936260869,0,0,0.03410479033,-0.004928997704,0,-0.06551904698,0,0,0,-0.00133181587,0,0,0,0.1281140582,-0.004928997704,0,0,1.134830015,-0.01936260869,0,-0.3900582582,0,0,0,-0.04134318782,-0.4870359443,0.02581821635,0,0,0,0,0,0,0,0
1,2,2,4,2,1500,500,v1,0,0,0,0,0,0,0,0,0,0,0,0,0.015454143,0,0,0.5035413147,0,0,0,0,0,0,0,0,0,0,0,0,0,0,0,0,0,0,0,0,0,0.01414019402,0,0,0,0,0.4607290023,0,0,0,0,0,0,0.0001826923794,0,0,0,0,0.005952653659,0,0,0,0,0,0,0,0,0,0,0,0,0,0.04459160184,0,0,0,1.453807573,0,0,-0.4800347406,-0.5188980423,0,0,0,0,0,0,0,0,0,0,0,0,0,0,0,0,0,0,0,0,1.453807573,0,0,0,0.04459160184,0,0,0,-0.5250208921,0,-0.4739118908,0,0,0,0,0,0,0,0,0,0,0,0,-0.9928099331,0,-0.006122849836,0,0,0,0,0,0,0,0,0,0,0,0
1,2,2,4,2,1500,500,v1,0,0,0,0,0,0.008934756462,0,0,0,0,0.005501191542,0,0,0,0,0,0,0.6076601932,0,0,0,0,0.3741405969,0,0,0,0,0,0,0,0,0,0,0,0,0,0,0,0,0,0,0,0,0,0.002329173541,0,0,0.001434088309,0,0,0,0,0,0,0,0,0,0,0,0,-0.9849646699,0,0,0,0,-0.01440811983,0,0,0,0,0,0,0,0,0,-0.01816412724,0,0,0,0,-0.9812086625,0,0,0,0,0,0,0,0,0,0,0,0,0,0,0,0,0,0,0,0.9282527083,0,0,0,0.5708064764,-0.9956167824,0,0,0,0,0,-0.003756007411,0,0,0,0,0,0,0,0,0,0,0,0,0,0,0,0,0,0.5708064764,0,0,0,0.9282527083,0
1,2,2,4,3,1500,500,v1,0,0,0,0,0.1014885901,0,0,0.02878471828,0,0,0,0,0.02865705561,0.02968065755,0,0.01419421191,0.0294314809,0,0.02572413186,0.008347508677,0,0,0,0,0,0.3796459678,0,0,0,0,0.3290379574,0,0,0,0,0,0,0.001517949851,0,0,0,0,0.00075186028,0,0,0,0,0,0,0.004789953492,0.004961045937,0,0,0,0.002372526188,0,0.004919396698,0.004299722795,0,0.001395264708,-0.0440165328,0,0,0,-0.1301017323,0,0,0,0.02166204308,0.6205403671,0,0,0.008453902265,0.5384316459,0,-0.8455684459,-0.02826123317,-0.05530097397,0,-0.03771291774,0,0,0,0,0,0,0,0,0,0,-0.06454439022,0,-0.7081036185,0,0,0,0,0.008453902265,0,0.2034312224,0,0.02166204308,0,0.05774617532,0,-0.02204670007,0,0.001969403172,0,0,0,0,0.5384316459,0,0.05774617532,0,0.6205403671,0,0.2034312224,0,-0.9575110725,0,0.006214533107,-0.009243416247,0,0,-0.00630361506,0,0,0,0,0,0,0,0
1,2,2,4,3,1500,500,v1,0,0.003754239547,0,0,0.005884536622,0,0.003424080038,0.0003046325815,0.007498987181,0,0,0.0016113843,0.004308088503,0,0.006089121419,0.0004041557212,0.001891120497,0,0,9.790013319e-05,0.002409958384,0.0003698838969,0,0.0005178524794,0.02950906504,0,0.007493085089,0.06857520841,0.001484687125,0,0,0.001354119118,0.002965620487,0.0004551677199,0,0.0006372532955,0.2010571864,0.03612058686,0.05105341708,0.4672306099,0,0,0.003388589121,0,0,0.003101241634,0,0,0.02351877082,0.004225224771,0,0.05465454795,0,0.001183297952,0.0003963820064,0,0.001854745827,0,0.001079235047,9.601707755e-05,-0.01554406717,0,-0.00716910237,0,-0.006178959796,0,-0.009102768141,0.1902484923,0.05245824018,0,0.0793749574,0.4675462925,0.002509430109,0,0.002317688555,-0.1008689657,-0.004666809689,0,-0.006396480167,-0.001985706752,0,-0.002922336276,0.4675462925,0,0.009617331779,0,0.1902484923,0,0.008774882888,0,-0.5975957881,0.09102324455,0,-0.007871840378,-0.002833817498,0,-0.003596137305,0.002509430109,0,0.0144216176,0,0.05245824018,0,0.0007466513713,0,0.1400567627,-0.6020987689,-0.02740128448,-0.04019344343,0,0,0,0,0.008774882888,0.0007466513713,0.01928902519,0,0.009617331779,0.0144216176,0.004142837398,-0.5613112049,0.07254566774,-0.004577019357,0,0,-0.002258556576,-0.001947512766,0.002317688555,0,0,0.004142837398,0.0793749574,0,0,0.01928902519
1,2,2,4,4,1500,500,v1,0.04141030562,0.01703892227,0,0.03246145839,0.1081177379,0,7.279969253e-06,0.01792351179,0,0,0,0,0,0,0,0,0.1350167684,0,0,0.02238277167,0,0,0,0,0,0,0,0,0.07028603607,0,0,3.003007898e-05,0,0,0,0,0,0,0,0,0.05791932289,0,0,0.04540284506,0,0,0,0,0,0,0,0,0.08627235632,0.03549811941,0,0.06762873307,0.2252476012,0,1.516675842e-05,0.03734103316,-0.4011771625,-0.07308709824,-0.01685097454,0,0.1151236386,0,0,0,0,0,0,0,0,0,0,-0.105986969,0,0,0,0.1437010826,0,0,0,0.2542708628,0.1693633852,0,0,0.196881386,4.293138715e-05,0,-0.04282920761,0,0,0,-0.0701083368,0,0,0,0.196881386,-0.0426269261,0,0,0.2542708628,-0.01394424422,0,-0.1980463251,0,0,0,-0.1027218407,0,0,0,4.293138715e-05,-0.01394424422,0,0,0.1693633852,-0.0426269261,0,-0.003943529115,0,0,0,-0.1249592269,-0.02597823307,-0.2211106076,0,0,0,0,0,0,0,0
1,2,2,4,0,1500,500,v1,0,0.02615141801,0,0,0.004101879788,0,0.03611495009,0.008619004706,3.502392781e-05,0,0,6.27203856e-05,0.004680850522,0.001124535541,0.00296399395,0.006907809743,0.0005917197902,0,0.002576787033,0.001243341083,5.052403358e-06,0.00720841953,0,9.047776954e-06,0,0.02691493521,0.07094102605,0,0.09029185208,0,0.06167351187,0.1246925016,0.0001209255769,0.1725282461,0,0.00021655192,0,0.05926209688,0.03752576498,0,0,0,0.08745660394,0,0,0.09126248627,0,0,0,0.01339619547,0.003218324929,0,0,0.01079655278,0.01976956307,0,0.001693451636,0.007374544994,0.01490997408,0.003558336269,-0.1625118735,0,0.05668699482,0,-0.005542615216,0,5.083768701e-05,0,0.1159294159,0.04685864327,0.1669955091,0,0.1709245637,0.1072631376,0.4058507705,-0.6614971852,-0.01156765414,-0.003694773142,-0.0101541965,-0.001816849302,0,-1.396538769e-05,0,0,0.06026572861,0,0,0,0.08741436025,0,-0.07285759227,0,-0.08847895476,-0.243181864,-0.1785434829,0,-0.0003344576739,0.1709245637,0,0.005322281644,0,0.1159294159,0,0.01352623571,0,-0.2980093554,0,-0.1465626915,-0.1285614592,0,0,0,0.1072631376,0.08741436025,0.01352623571,0.0001591406636,0.04685864327,0.06026572861,0.005322281644,0.0002872373983,-0.3795200262,0,-0.03310564079,-0.01057412601,0,0.0234030955,-0.00520621372,0.4058507705,0,0,0.0002872373983,0.1669955091,0,0,0.0001591406636
1,2,2,4,0,1500,500,v1,0,0,0.01247231242,0,0,0,0,0,0,0.0009847602663,0,0,0,0,0,0,0,0,0,0,0,0,0,0,0,0,0,0,0,0.7551144572,0,0,0,0,0.05962059712,0,0,0,0,0,0,0.1592353343,0,0,0,0,0.01257253867,0,0,0,0,0,0,0,0,0,0,0,0,0,-0.5879526485,0,0,0.01254650272,0,0,0,0,0,0,0,0,0,0,0,0,0,0,0,0,0,0,0,0,0,0.8113734185,0,0,0,0.05173580016,0.1727290325,0,0,0,0,-0.7481351782,0,0,0,0,0,0,0,0,0,-0.7355886755,0,0,0,0,0.1601825297,0,0,0,0,0,0,0,0,0,0,0,0,0,0,0,0,0,0.05173580016,0,0,0,0.8113734185,0,0
1,2,2,4,2,1500,500,v1,0,0,0,0,0,0.1191999676,0,0,0,0,0.02324011851,0,0,0,0,0,0,0.2557485454,0,0,0,0,0.04986265199,0,0,0,0,0,0,0,0,0,0,0,0,0,0,0,0,0,0,0,0,0,0.4618943369,0,0,0.09005437957,0,0,0,0,0,0,0,0,0,0,0,0,-0.8567480952,0,0,0,0,-0.1421571655,0,0,0,0,0,0,0,0,0,-0.6938996303,0,0,0,0,-0.3050056305,0,0,0,0,0,0,0,0,0,0,0,0,0,0,0,0,0,0,0,1.254022061,0,0,0,0.2443358301,-0.447162796,0,0,0,0,0,-0.5517424648,0,0,0,0,0,0,0,0,0,0,0,0,0,0,0,0,0,0.2443358301,0,0,0,1.254022061,0
1,2,2,4,0,1500,500,v1,0.262584948,0,0,0.1960924644,0,0,0,0,0,0,0,0,0,0,0,0,0,0,0,0,0,0,0,0,0,0,0,0,0,0,0,0,0,0,0,0,0,0,0,0,0.07020002438,0,0,0.0524237809,0,0,0,0,0,0,0,0,0.2396978683,0,0,0.179000914,0,0,0,0,0.4801015544,-0.3791625568,0,0,0,0,0,0,0,0,0,0,0,0,0,0,0,0,0,0,0,0,0,-0.08426155284,0,0,0,-0.06714694357,0,0,0,0,0,0,0,0,0,0,-0.06714694357,0,0,0,-0.08426155284,0,0,-0.01189828129,0,0,0,0.1128372789,0,0,0,0,0,0,0,0,0,0,-0.2663252779,0,0,0,0.3672642755,0,0,0,0,0,0,0,0,0,0
1,2,2,4,2,1500,500,v1,0.112384198,0,0,0.02502654928,0.06490834655,0.004944601047,0,0.00240920047,0.006165322018,0,0.03696835461,0.07021924186,4.025991422e-05,0.0005252250055,0.01228934426,0.008369344108,0.03839430287,0.002924808907,0.006104492408,0.001425079785,0.003646884468,0.02929462031,0.02186736034,0.04153578056,0.0736788093,0.0005826440243,0.01363284863,0.02884040547,0,0,0.006771852036,0,0.004045571746,0.03249718748,0,0.04607658449,0.02455087454,1.488178808e-05,0.004542667824,0.009610051831,0.02457274996,0,0.003093667927,0.005472042767,0.001081134602,0.01082854596,0,0.008083112664,0.06177572402,3.744604828e-05,0.0004885157183,0.02418113085,0.06183076769,0,0.007784389749,0.01376893533,0.03571082917,0.00567783419,0,0.0013254774,-0.256077359,-0.137221363,0,0,-0.06729413855,-0.04184849754,-0.009658710883,0.08540350195,0.0001386506979,0.00130517597,0.03703918226,0.02936037757,0.02883212874,0.02198354451,0.09487699216,-0.2658134541,-0.008400084083,-0.006572565153,-0.04130047399,-0.03974012857,-0.02475037825,-0.005623004546,0.02936037757,0.2976968421,0,0,0.08540350195,0.0663288028,0,0,-0.08316002733,-0.07782565271,-0.002841994399,-0.03143322394,0,0,-0.03439018293,0.02883212874,0.0663288028,0.2082684794,0.0134087397,0.0001386506979,0.2976968421,0.007726771683,0.1002126203,-0.4451213092,0.0003769074098,-0.003102509008,-0.01521041835,-0.02999253213,0,-0.009148697538,0.02198354451,0,0.007726771683,0.004005614171,0.00130517597,0,0.2082684794,0.07050223337,-0.3726140602,0.0009394922893,-0.007811259864,-0.0061112541,-0.07546986812,0,-0.03696256695,0.09487699216,0,0.1002126203,0.07050223337,0.03703918226,0,0.0134087397,0.004005614171
1,2,2,4,0,1500,500,v1,0,0.01017663531,0.0198054311,0,0,0.0100925383,0.007173885701,0,0.03627983768,0.03107953487,0.03000307585,0.006795999778,0,0,0.004635646573,0,0,0.001771476698,0,0,0.006367960679,0.001221953355,0.005266242064,0.001192857028,0,0,0.01944433926,0,0.007492420124,0.01458150027,0,0.005281683381,0.02671057551,0.005125514902,0.02288191778,0.005003469609,0,0,0.001005437346,0,0,0.0007539873038,0,0,0.0003842201517,0.0002650326159,0.001183189327,0.001142208829,0,0,0,0,0,0.4204738783,0,0,0,0,0.2964075503,0,-0.7234110691,0,0.01611819988,-0.03512134428,0,-0.02665592759,-0.02964998119,0,0,0,0.03759887515,0,0,0,0.009902289114,-0.1150908995,0,0,-0.005846431763,0,-0.007023840553,-0.007485043198,0,0,0.5498141453,0.04211686572,0,0,0.3811757647,0.06930524942,-0.7138140366,0,0,-0.02455296341,0.01186682253,-0.03724363984,-0.03144056158,0,0,0,0.01122206491,0,0,0,0.04158271444,-0.1364441474,0,0,-0.00126804767,0,-0.00191642598,-0.00152341809,0,0.3811757647,0,0.08913738774,0,0.5498141453,0,0.01372599121,0.0279850224,0,0,0,0,-0.6486449624,0,0.009902289114,0.06930524942,0.04158271444,0.01372599121,0.03759887515,0.04211686572,0.01122206491,0.08913738774
1,2,2,4,2,1500,500,v1,0.002478831481,0.0006092950236,0.002552449704,6.563647216e-05,0.01078195238,0.166137348,0.007413861132,0.003121166429,0,0.01395079155,0.06312943711,0,0.005053567799,0.001845081627,0,0.002925704929,0.00776208933,0.1196047702,0.002667207294,0.002246974555,0,0,0.04544782922,0,0.0005389647397,0.002318265886,0,0.002095842061,0.0005511331305,0.002308798762,0.003351231508,0.006706151103,0,0,0.01261908127,0,0.0006062589241,0.00714238979,0,0.002357525195,0.002522166085,0.002597071292,0.004135004386,6.678392028e-05,0.1690417391,0,0.01419467744,0.06423305758,0.003260845684,0.03841631025,0.01402597749,0.01268026836,0.01356581168,0.003334466909,0.02224068079,0.0003592063548,0.05900600205,0.02027562843,0.04057357053,0.01708109499,-0.534708584,-0.002540226592,-0.005830014497,0.005091243925,-0.01387626302,-0.2289579102,0,0.005557808608,0.07579381115,0.01963726875,0,0.02272639209,0.04391746711,0.02873643055,0,-0.6523260607,-0.007965049749,-0.003646644523,0,-0.009989730002,-0.164733708,0,0.02272639209,0.02780410852,0.00430139239,-0.001959710973,0.005557808608,0.0007363225689,0.05689386801,-0.006450160863,-0.08539143424,-0.0001181771294,0.0004411123358,0,0.002756410555,-0.003983437221,0,0.04391746711,0.0007363225689,0.1162444071,0.6812561674,0.07579381115,0.02780410852,0.03361819302,0.2587880445,-0.4934977905,-0.002934700937,-0.01125729233,0,-0.002584634497,0.004498774519,-0.233004523,0.02873643055,0.05689386801,0.03361819302,0,0.01963726875,0.00430139239,0.1162444071,0,-0.05754521038,-0.01580325573,-0.06058517677,-0.02904360067,-0.01390209297,-0.03772323632,-0.07604240705,0,-0.006450160863,0.2587880445,0,0,-0.001959710973,0.6812561674,0
1,2,2,4,1,1500,500,v1,0,0,0,0,0.24709059,0,0,0.360891329,0,0,0,0,0,0,0,0,0.002206680858,0,0,0.003222996017,0,0,0,0,0,0,0,0,0,0,0,0,0,0,0,0,0,0,0,0,0,0,0,0,0,0,0,0,0,0,0,0,0,0,0,0,0.1571138119,0,0,0.2294745922,0.3624301713,0,0,0,-0.5409247533,0,0,0,0,0,0,0,0,0,0,-0.1835193478,0,0,0,0.005024765858,0,0,0,0,0,0,0,0,0,0,0,0,0,0,0,0,0,0,0,0.1054064942,0,0,0,0.1623353787,0,0,0,0,0,0,0,0,0,0,0.1623353787,0,0,0,0.1054064942,0,-0.5358999874,0,0,0,0,0,0.3574054054,0,0,0,0,0,0,0,0
1,2,2,4,1,1500,500,v1,0.08189174751,0,0,0.004308236713,0,0,0,0,0,0,0,0,0,0,0,0,0,0,0,0,0,0,0,0,0,0,0,0,0,0,0,0,0,0,0,0,0,0,0,0,0.7099494655,0,0,0.03734967741,0,0,0,0,0,0,0,0,0.1581792336,0,0,0.008321639264,0,0,0,0,-0.9133257712,-0.08602473393,0,0,0,0,0,0,0,0,0,0,0,0,0,0,0,0,0,0,0,0,0,1.424179546,0,0,0,0.0748462116,0,0,0,0,0,0,0,0,0,0,0.0748462116,0,0,0,1.424179546,0,0,-0.2521870994,0,0,0,-0.7471634057,0,0,0,0,0,0,0,0,0,0,-0.8331881397,0,0,0,-0.1661623655,0,0,0,0,0,0,0,0,0,0
1,2,2,4,0,1500,500,v1,0,0,0.02422206306,0,0,0,0,0,0.01632308667,0.03568458817,0,0.05859925394,0.0005539267211,2.958078719e-05,2.320246598e-05,0.001887107064,0,0,1.473806859e-05,0,0.000355334527,7.317547226e-06,0,0.001275637298,0.04252103257,0.001960562247,0.0015378184,0.2560505024,0,0.03494758429,0.0009768131145,0,0.02355094386,0.0004849940855,0.05148571161,0.08454698354,0.02527442266,0.02182230723,0.0009140763963,0.1521959423,0,0.02077277909,0.07434382304,0,0,0.0002882795822,0.03060301121,0,0.003372576726,0.002911932212,0.0001555029642,0.02030877222,0,0,0.009920315517,0,0,7.747641524e-05,0,0,-0.03892646571,0,0,-0.007726752943,0,0,-0.054992023,0.106645203,0.03790866067,0.003215056846,0.003707572759,0.6418206648,0.1290184986,0.001600876292,0.001168940161,-0.2080206576,-0.00243677227,-4.424016513e-05,-3.046559303e-05,0,0,-0.0005674033783,0.6418206648,0,0,0.004433561724,0.106645203,0,0,0.008004597606,-0.253107973,-0.2981681581,-0.002933816216,-0.002020196796,0,-0.0130602643,-0.03779370905,0.1290184986,0,0,0,0.03790866067,0,0,0,-0.3598922316,-0.1771693109,-0.09603815518,-0.001200346224,0,0.01249491102,0,0.001600876292,0,0,0.02760819591,0.003215056846,0,0,0.1124215072,-0.5767904528,-0.0236397762,-0.01280984541,-0.0002325657113,0,0,0,0.001168940161,0.008004597606,0,0.1124215072,0.003707572759,0.004433561724,0,0.02760819591
1,2,2,4,1,1500,500,v1,0,0,0,0,0,0,0,0,0,0,0,0,0.1340695888,0,0,0.05418343874,0,0,0,0,0,0,0,0,0,0,0,0,0,0,0,0,0,0,0,0,0,0.136331307,0,0,0,0,0.05509749891,0,0,0,0,0,0,0.4417767013,0,0,0,0,0.1785414653,0,0,0,0,0,0,0,0,0,0,0,0,0,0.2238389198,0,0,0,0.0801086167,0,0,-0.3769831706,0.1743514796,0,0,0,0,0,0,0,0,0,0,0,0,0,0,0,0,0,0,0,0,0.0801086167,0,0,0,0.2238389198,0,0,0,-0.3799244336,0,0.1772927426,0,0,0,0,0,0,0,0,0,0,0,0,0.3516442222,0,-0.5542759132,0,0,0,0,0,0,0,0,0,0,0,0
1,2,2,4,1,1500,500,v1,0,0,0,0,0,0,0,0,0.03091441248,0,0,0.04846153444,0,0,0,0,0,0,0,0,0.037126316,0,0,0.05819933478,0,0,0,0,0,0,0,0,0.3214275384,0,0,0.5038708639,0,0,0,0,0,0,0,0,0,0,0,0,0,0,0,0,0,0,0,0,0,0,0,0,-0.6614731837,0,0,0,0,0,0.07381963047,0,0,0,0,0,0,0,0,-0.6763064083,0,0,0,0,0,0.08865285503,0,0,0,0,0,0,0,0,0.1624724855,0,0,0,0,0,-0.7501260387,0,0,0,0,0,0,0,0,0,0,0,0,0,0,0,0,0,0,0.3382976522,0,0,0,0.5431826777,0,0,0,0,0,0,0,0,0,0,0.5431826777,0,0,0,0.3382976522
1,2,2,4,3,1500,500,v1,0.09077844455,0,0,0.2348570944,0.08916587469,0,0,0.1170891672,0,0,0,0,0,0,0,0,0.04774701608,0,0,0.06269952903,0,0,0,0,0,0,0,0,0,0,0,0,0,0,0,0,0,0,0,0,0.0549576824,0,0,0.142183551,0,0,0,0,0,0,0,0,0.02739643336,0,0,0.0708785744,0.02690976868,0,0,0.03533686419,0.09814274695,-0.2776481691,0,0,-0.206084934,0,0,0,0,0,0,0,0,0,0,-0.2682148737,0,0,0,-0.1102405528,0,0,0,-0.002197352572,0,0,0,0.01289974706,0,0,0,0,0,0,0,0,0,0,0.01289974706,0.2453320862,0,0,-0.002197352572,0.3223510536,0,-0.1876217262,0,0,0,0.1804867966,0,0,0,0,0.3223510536,0,0,0,0.2453320862,0,-0.4134868593,0,0,0,0.09002644286,0,-0.06212993971,0,0,0,0,0,0,0,0
1,2,2,4,1,1500,500,v1,0.01319652387,0.00442608326,0,0.1024548864,0.0536541712,0,0.0004438323494,0.01691243845,0,0,0,0,0,0,0,0,0.09950657686,0,0,0.03136566681,0,0,0,0,0,0,0,0,0.01495681497,0,0,0.00149981777,0,0,0,0,0,0,0,0,0.02878975567,0,0,0.2235172818,0,0,0,0,0,0,0,0,0.02826459179,0.009479878016,0,0.2194400258,0.1149176299,0,0.0009506094405,0.03622341562,-0.5263396018,-0.1154494541,-0.004860547636,0,0.06354568489,0,0,0,0,0,0,0,0,0,0,-0.04516732007,0,0,0,0.1084731477,0,0,0,0.1052373499,0.04324193522,0,0,0.8168011615,0.004334172649,0,-0.01527098075,0,0,0,-0.0164464245,0,0,0,0.8168011615,-0.06815448544,0,0,0.1052373499,-0.02680425595,0,-0.3627711182,0,0,0,-0.2519212228,0,0,0,0.004334172649,-0.02680425595,0,0,0.04324193522,-0.06815448544,0,-0.2166588165,0,0,0,-0.2473216641,-0.01041043311,-0.108713005,0,0,0,0,0,0,0,0
1,2,2,4,2,1500,500,v1,0,0,0,0,0,0,0,0,0,0,0,0,0.0002346926061,0,0,0.00982525882,0,0,0,0,0,0,0,0,0,0,0,0,0,0,0,0,0,0,0,0,0,0.0226739001,0,0,0,0,0.949228613,0,0,0,0,0,0,0.0004208048353,0,0,0,0,0.01761673062,0,0,0,0,0,0,0,0,0,0,0,0,0,0.03493658251,0,0,0,1.464792343,0,0,-0.9897799227,-0.01003936088,0,0,0,0,0,0,0,0,0,0,0,0,0,0,0,0,0,0,0,0,1.464792343,0,0,0,0.03493658251,0,0,0,-0.02803997741,0,-0.9717793062,0,0,0,0,0,0,0,0,0,0,0,0,-0.9818186671,0,-0.01800061653,0,0,0,0,0,0,0,0,0,0,0,0
1,2,2,4,3,1500,500,v1,0.003218720031,0.001721701576,0,0.02150701776,0.0001075917651,0.0004189287515,7.880587837e-06,0.0001224947639,0.01495674246,0,0.0004907956871,0.008538277346,0.004234767159,0.005222969646,0.01807788612,0.001724286467,0.0002865434296,0.001115710679,0.02293293048,0.0003262337943,0.03983349728,0.002967374055,0.001307110068,0.02273954026,0.06829092174,0.01027579565,0.0355668664,0.03096258858,0.009021261183,0,0.04511879704,4.129219729e-05,0.07836937718,0.005838082832,0,0.04473831648,0.0162641121,0.001984243097,0.008470576869,0.007374025692,0.004016612789,0,0.0008079319101,0.02683842079,0.0005227775529,0.001390393206,0,0.0006124596779,0.09626767164,0.01174478273,0.01448548206,0.04364703586,0.02377442794,0.01271700231,0.004782168456,0.1588572597,0.0007947049266,0.06360261989,5.820837658e-05,0.000904782929,-0.3548517122,-0.01590265911,-0.001726700209,0,-0.0002296910691,-0.00090681804,-0.02345062328,0.0413222751,0.02406139679,0.04490177399,0.08605284275,0.01493633301,0.009506609,0.1972486586,0.01312816686,-0.3440936829,-0.00589978412,-0.02810121989,-0.02086938254,-0.0006117240434,-0.002415290819,-0.06245511477,0.01493633301,0.02951591563,0.03513160822,0,0.0413222751,0.2090241242,0.0001608072451,0,-0.3230995573,0.05403782866,-0.0552872611,-0.04109755086,-0.009047508019,0,-0.1230140706,0.009506609,0.2090241242,0.001780295673,0.002094860107,0.02406139679,0.02951591563,0.002027390512,0.00248759138,-0.3123385672,0.02112006603,-8.504203745e-05,-0.004153739675,0.007103398475,0,0.0002671412011,0.1972486586,0.0001608072451,0.002027390512,0.1995432171,0.04490177399,0.03513160822,0.001780295673,0.1138364959,-0.03463029644,-0.1126636334,-0.01639384437,-0.07804514077,-0.1502274326,-0.01275406875,-0.001697042344,0.01312816686,0,0.00248759138,0.1138364959,0.08605284275,0,0.002094860107,0.1995432171
1,2,2,4,3,1500,500,v1,0,0,0,0,0,0,0,0,0,0,0,0,0.5373538667,0,0,0.1433238928,0,0,0,0,0,0,0,0,0,0,0,0,0,0,0,0,0,0,0,0,0,0.000309885599,0,0,0,0,8.265318834e-05,0,0,0,0,0,0,0.2517756839,0,0,0,0,0.06715401778,0,0,0,0,0,0,0,0,0,0,0,0,0,0.3857805702,0,0,0,0.0903297525,0,0,0.2963798581,-0.6137867399,0,0,0,0,0,0,0,0,0,0,0,0,0,0,0,0,0,0,0,0,0.0903297525,0,0,0,0.3857805702,0,0,0,-0.3177712443,0,0.0003643624924,0,0,0,0,0,0,0,0,0,0,0,0,-0.6134223774,0,0.2960154956,0,0,0,0,0,0,0,0,0,0,0,0
1,2,2,4,1,1500,500,v1,0.1644386483,0,0,0.04941859294,0,0,0,0,0,0,0,0,0,0,0,0,0,0,0,0,0,0,0,0,0,0,0,0,0,0,0,0,0,0,0,0,0,0,0,0,0.6029591156,0,0,0.1812067383,0,0,0,0,0,0,0,0,0.00152007749,0,0,0.0004568274645,0,0,0,0,-0.7857943234,-0.2134362352,0,0,0,0,0,0,0,0,0,0,0,0,0,0,0,0,0,0,0,0,0,1.152765247,0,0,0,0.346080591,0,0,0,0,0,0,0,0,0,0,0.346080591,0,0,0,1.152765247,0,0,-0.2154092483,0,0,0,-0.7838213103,0,0,0,0,0,0,0,0,0,0,-0.9972575454,0,0,0,-0.001973013157,0,0,0,0,0,0,0,0,0,0
1,2,2,4,1,1500,500,v1,0,0,0,0,0.01774314328,0,0,0.09071724852,0.001482065622,0,0,0.00476183821,0.3367727457,0,0.006446562979,0.107209219,0.01436324102,0,0,0.07343646413,0.001199746031,0.00540969359,0,0.003854752724,0,0,0.004553481653,0,0,0,0,0,0.0008474316562,0.003821096698,0,0.002722775821,0,0.0424862849,0.000813279919,0,0,0,0.01352520796,0,0,0.000682471447,0,0,0,0.1691845823,0,0,0,0,0.05385871382,0,0.007215663866,0,0,0.03689228913,-0.1161338007,0,0,0,-0.1080320788,0,-0.006232299313,0,0.1578438765,0,0.01210973087,0,0.04077447845,0,0.009833793705,0.08609118688,-0.3897355326,0,-0.004838383822,-0.06786931594,0,-0.001087386281,0,0,0,0,0,0,0,0,-0.0136386178,0,0,-0.008310084175,0,0,-0.003563571005,0.04077447845,0,0.0499292216,0,0.1578438765,0,0.2793431617,0,-0.1972185325,0,0.05165782788,-0.001480548385,0,0,0,0,0,0.2793431617,0.003412318362,0,0,0.0499292216,0.01291256654,-0.5139790995,0,0.2056654681,0,0,0,-0.04361352745,0.009833793705,0,0,0.01291256654,0.01210973087,0,0,0.003412318362
1,2,2,4,3,1500,500,v1,0,0,0,0,0,0,0,0,0.0003155762439,0,0,0.000240941824,0,0.01622603608,0,0,0,0,0.3934272014,0,0.1705710817,0,0,0.130230676,0,0.006357518694,0,0,0,0,0.1541486026,0,0.06683140818,0,0,0.051025645,0,0,0,0,0,0,0,0,0,0,0,0,0,0,0.0004208600952,0,0,0,0,0,0,0.01020445219,0,0,-0.4182011594,0,0,0,0,0,-0.000555469777,0,0,0.03444953397,0,0,0,0.8360867088,0,-0.2889754122,0,-0.4095734055,0,0,0,-0.3005653066,0,0,0,0,0,0,0,0,-0.7212979271,0,-0.1601803444,0,0,0,-0.1176358528,0,0,0,0,0,0,0,0,0,0,0,0,0,0,0,0.8360867088,0,0,0.3563245689,0.03444953397,0,0,0.2718103748,-0.5697537499,0,0,-0.01060374523,0,0,0,0,0,0,0.2718103748,0,0,0,0.3563245689
1,2,2,4,2,1500,500,v1,0,0.0001049549363,0,0,7.451530629e-05,0,0.0001507930351,3.16856933e-05,8.372422872e-05,0,0,6.627921403e-06,0.1169987871,0.1819661512,0.030134218,0.07564329912,0.004584287861,0,0.03704598823,0.001949349018,0.005150833896,0.0007258146094,0,0.0004077591726,0.0002090737657,0.002564620436,0.0004247099298,0.002542894721,9.100426535e-05,0,0.0005221240206,0.0001307495375,7.259555574e-05,1.022958923e-05,0,5.746934251e-06,0.01778331845,0.1402578292,0.03612481895,0.2162925916,0,0,0.09068098218,0,0,0.0008701045886,0,0,0.0008572142619,0.006760887283,0.01051508881,0.01042601215,0,0.000373122634,0.004371120689,0,0.0002649074769,0.00214073801,0.0005360804975,0.0001126450052,-0.0131871977,0,-0.0002546548793,0,-0.0001060071799,0,-8.956223035e-05,0.02468082404,0.3953891981,0.2681210475,0.02514908023,0.3217518053,0.2557671922,0.05269134263,2.600467131e-05,-0.2636020148,-0.1923004393,-0.2083882705,-0.001004347554,-0.006527013118,0,-0.005523223013,0.3217518053,0,0.0006470042424,0,0.02468082404,0,0.0009350317082,0,-0.4739769368,0.002466217097,0.002760247833,0.0003642143102,0.0001053787335,0,3.993762792e-05,0.2557671922,0,0.00737952307,0,0.3953891981,0,0.003135302535,0,-0.2095306112,-0.2254767501,-0.2306921185,-0.01614325669,0,0,0,0.05269134263,0.0009350317082,0.003135302535,0.007747567534,0.2681210475,0.0006470042424,0.00737952307,0.0006117038889,-0.8584134099,-0.007944553258,-0.01111170243,-0.008246904117,0,-0.0009054144879,-0.0003768634385,2.600467131e-05,0,0,0.0006117038889,0.02514908023,0,0,0.007747567534
1,2,2,4,1,1500,500,v1,0,0,0,0,0,0,0,0,0,0,0,0,0,0,0,0,0,0,0,0,0,0,0,0,0.08951423763,0,0,0.1036082926,0,0,0,0,0,0,0,0,0.1898228603,0,0,0.2197105507,0,0,0,0,0,0,0,0,0.1841729728,0,0,0.213171086,0,0,0,0,0,0,0,0,0,0,0,0,0,0,0,0.6941404227,0,0,0,0.8037083808,0,0,0,0,0,0,0,0,0,0,0.8037083808,0,0,0,0.6941404227,0,0,0,-0.8058075575,-0.1927583115,0,0,0,0,0,0,0,0,0,0,0,0,0,-0.589521003,-0.409044866,0,0,0,0,0,0,0,0,0,0,0,0,0,-0.6018031775,-0.3967626915,0,0,0,0,0,0,0,0,0,0,0,0,0
1,2,2,4,0,1500,500,v1,0,6.90547709e-05,0,0,0.004328503957,0,0.001202246167,0.003244105188,0.001554408886,0,0,0.003675994013,0.002057880386,0.2483874222,0.03680351142,0.00292941343,0.09996430352,0,0.09094909786,0.0749207391,0.03589817713,0.02694920656,0,0.08489496255,0.006907939205,0.07743849446,0.01147404522,0.002916042507,0.0004971965598,0,0.02835474175,0.008656210862,0.01119179371,0.008401818274,0,0.0264672745,0.001404214728,0.0001304164714,0.002332392168,0.0005927599701,0,0,0.0001856491589,0,0,0.001707883728,0,0,0.003571917037,0.0003317418673,0.04004144644,0.001507810304,0,0.0002570875061,0.0004722378851,0,0.01611480674,0.01466150499,0.00447590318,0.01207764361,-0.2711223156,0,8.573557918e-05,0,0.006676858002,0,0.004632944393,0.01780483382,0.003775753359,0.5483812454,0.07585492926,0.007512415149,0.005372013711,0.2006220355,0.05549672457,-0.1732276616,-0.004980407344,-0.3391509769,-0.0636960135,-0.1608522761,0,-0.09715212572,0.007512415149,0,0.001068714444,0,0.01780483382,0,0.01943496205,0,-0.5656614571,-0.009814455683,-0.1055878143,-0.01983897958,-0.009067048088,0,0.01424667652,0.005372013711,0,0.144734668,0,0.003775753359,0,0.1069430648,0,-0.1042028447,-0.001993307912,-0.0003155178017,-0.004032776141,0,0,0,0.2006220355,0.01943496205,0.1069430648,0.03202785265,0.5483812454,0.001068714444,0.144734668,0.08538090456,-0.6249992106,-0.005070402384,-0.0008025862345,-0.0545967294,0,-0.004687805155,-0.01360973704,0.05549672457,0,0,0.08538090456,0.07585492926,0,0,0.03202785265
1,2,2,4,0,1500,500,v1,0,0,0,0,0,0,0,0,0,0,0,0,0,0,0.1685334241,0,0,0,0,0,0,0.3914251722,0,0,0,0,0.1014800892,0,0,0,0,0,0,0.2356912975,0,0,0,0,0.03096128235,0,0,0,0,0,0,0.07190873466,0,0,0,0,0,0,0,0,0,0,0,0,0,0,0,0,0,0,0,0,0,0,0,0,0.45100942,0,0,0,1.046907393,-0.4392602873,0,0,-0.5593509211,0,0,0,0,0,0,0,0,0,0,0,-0.6620334364,0,0,-0.336577772,0,0,0,0,0,0,0,0,0,0,0,-0.8959286931,0,0,-0.1026825153,0,0,0,0,0,0,0,0,0,0,0,0,0,0,0,0,0,0,1.046907393,0,0,0,0.45100942,0,0,0
1,2,2,4,3,1500,500,v1,0.02656934258,0.003820568455,0.01157812815,0.001072741923,0.001555268596,0.001462951624,0.03026342732,0.004968944452,0,0.04099665403,0.003267379849,0,0.005956264474,0,0.0003895918899,0.004274204418,0.004567289679,0.004296186439,0,0.01459208317,0,0.002620566056,0.00959517237,0,0.08810535886,0,0.0005300429625,0.1281980556,0.01526449023,0.04625861991,0,0.1209128422,0,0.003565301619,0.1637957891,0,0.02018022236,0.001856088848,0.0001214044751,0.02936331345,0.02431413093,0.01059537409,0.001331925939,0.0009816873524,0.001338775968,0.0008166197879,0.03751684902,0.002990043929,0.02279542023,0.002096623343,0,0.0331685676,0.0274650508,0.003949367824,0.00150453305,0.001108906301,0.00160769996,0,0.03128367087,0.005136457982,-0.402210656,-0.02737768191,-0.0340163694,-0.01328539609,-0.006511925957,-0.004706759097,0,0.08010320563,0.01223659636,0,0.001280997471,0.1199504965,0.008599624541,0,0.009018298839,-0.02620677535,-0.01017303479,0,-0.002982302407,-0.01914441512,-0.013828903,0,0.1199504965,0.1051358502,0.03449442581,0.04947553002,0.08010320563,0.003099425755,0.2734637222,0.1891266,0.0107200633,-0.1866143338,0,-0.004061506015,-0.1361259301,-0.1885271443,0,0.008599624541,0.003099425755,0.01157612605,0.008582232391,0.01223659636,0.1051358502,0.03700557078,0.02020369959,-0.4746294456,0.04443964961,-0.0001409780643,0.0001776108818,-0.01647803614,0.04274445371,-0.0006549592202,0,0.2734637222,0.03700557078,0,0,0.03449442581,0.01157612605,0,-0.3921430557,0.008805549494,-0.003576801081,0,-0.02830113256,-0.0351631325,-0.006731456802,0.009018298839,0.1891266,0.02020369959,0,0.001280997471,0.04947553002,0.008582232391,0
1,2,2,4,2,1500,500,v1,0.0002747682871,0,0.01471890298,0.001037370173,0.002082610834,0.0003255401706,0,0.0002792543507,0,0.004201865173,0.0008198344009,0,0.03501150486,0,0.08003560303,0.4518157587,0.06287318431,0.009827926951,0,0.008430576645,0,0.01957635431,0.02475047116,0,0,0,0.009938785335,0,0,0.05518014845,0,0,0,0.00243098291,0.01575250169,0,0,0.002615363391,0.00597866864,0,0.0006196482132,0.03319357567,0.0337506885,0.002339442375,0.0007341472598,0.001462355891,0.009475905223,0.001848863008,0,0.006362019191,0,0,0.001507329283,0,0.08210045637,0.005690825734,0.01142482754,0,0,0.001531939019,-0.1551036429,-0.001309711669,0,0.01213898305,-0.002357212521,-0.001143375457,0,0,0.06587503052,0,0.1077213546,0,0.8510596826,0,0.02532151879,-0.1459860665,-0.4867134378,0,-0.08629588621,-0.07127279658,-0.03453232648,0,0,0.003596630583,0,0.0161684684,0,0.01358570559,0,0.0010884509,-0.05241417725,0,0,0.003202152191,0,-0.05098783671,0,0.8510596826,0.01358570559,0.114504682,0.0163201709,0.06587503052,0.003596630583,0.01533719599,0.0410611349,-0.7411167792,0,-0.03629259164,-0.005601514882,-0.002953618239,0.02734424079,-0.002578501932,0,0,0.01533719599,0,0,0,0.114504682,0,-0.6008993684,0,-0.08828377933,0,-0.007191560873,0,-0.01293124289,0.02532151879,0.0010884509,0.0410611349,0,0.1077213546,0.0161684684,0.0163201709,0
1,2,2,4,4,1500,500,v1,0,0.0002352016061,0,0,0.01490651751,0.02608745792,0.0007104253912,0.009249877628,0.000245791764,0,0.002351589757,0.0001277043604,0,0.03043277241,0.0003357863985,0,0.01713150366,0.02998134076,0.0119528871,0.01063053878,0.0002824792915,0.0001598971239,0.002702594252,0.0001467658503,0,0.4259067612,0.004699331875,0,0.003782967308,0,0.1672806987,0.01142643571,0.003953298717,0.002237760834,0,0.002053988612,0,0,0.0007029176802,0,0,0,0,0,0.06276137028,0.0003347202743,0,0.005657469423,0,0,0.06473709379,0,0,0.0005750045122,0,0,0.03644241624,0.02542637795,0.001736798538,0.02261345686,-0.1919582176,0,-0.0009362916867,0,-0.02393476177,-0.02839095633,-0.0003728529552,0,0,0.4482741768,0.008592768909,0,0,0.1652081014,0.004093989281,-0.6252209347,0,0.03928814868,-0.0004948307759,-0.02755683331,-0.03262882522,-0.0004285059716,0,0,0.005792113167,0,0,0,0.01820387181,0,0.1196156933,0,-0.5318507299,-0.006927155158,-0.01508251476,0,-0.005998722085,0,0,0.087898153,0.1779520241,0,0,0.05229652449,0.01604681247,-0.06844176749,0,0,-0.00103585286,0,0,-0.06831277617,0.1652081014,0.01820387181,0.05229652449,0.00671119659,0.4482741768,0.005792113167,0.087898153,0.003488924928,-0.5600729828,0,0,0.08357439578,0,2.148313113e-05,-0.04197152324,0.004093989281,0,0.01604681247,0.003488924928,0.008592768909,0,0.1779520241,0.00671119659
1,2,2,4,2,1500,500,v1,0,0.3142075806,0,0,0,0,0.07044649193,0,0,0,0,0,0,0,0,0,0,0,0,0,0,0,0,0,0,0,0,0,0.4979070478,0,0,0.1116325862,0,0,0,0,0,0,0,0,0,0,0,0,0,0,0,0,0,0,0,0,0,0.004742914614,0,0,0,0,0.001063378851,0,-0.5403561696,0,0.3561821076,0,0,0,0,0,0,0,0,0,0,0,0,0,0,0,0,0,0,0,0,0,0.2352179262,0,0,0,0.04104316678,0,0.3615634425,0,0,0,-0.5457375045,0,0,0,0,0,0,0,0,0,0,0,0,0,0,0,0,0,0,0.04104316678,0,0,0,0.2352179262,0,0,-0.1895553969,0,0,0,0,0.005381334862,0,0,0,0,0,0,0,0,0
1,2,2,4,2,1500,500,v1,0,0.00133925664,0,0,0,0,0.002166245103,0,0,0,0,0,0.001258884205,0.2529320372,0.005413213484,0.01277347326,0,0,0.3680396497,0,0,0.0116738772,0,0,0.01098004167,0.05989470669,0.00128185752,0.01418830856,0.01316143159,0,0.08715237149,0.02128859092,0,0.002764392596,0,0,0.00342621472,9.302099345e-05,0.0003999911143,0.004427323057,0,0,0.0009438526337,0,0,0.0008626016993,0,0,0.006459690295,0.0001753792035,0.03523677479,0.008347152213,0,0.007743028168,0.001779513602,0,0,0.05127278613,0.01252433354,0,-0.04184263576,0,-0.003469559989,0,0,0,0,0.02366576747,0.002287119219,0.2037122068,0.008592427794,0.03167556851,0.02322760433,0.3051636567,0.0195545451,0.2116204395,-0.0140238121,-0.5556329102,-0.01698875722,0,0,0,0.03167556851,0,0.02500462402,0,0.02366576747,0,0.0429636696,0,-0.5397828966,-0.01441641157,0.1362341494,-0.0005266353805,-0.02172984982,0,0,0.02322760433,0,0,0,0.002287119219,0,0,0,-0.06261290352,-0.007771652395,-0.001034876368,-0.001249256,0,0,0,0.3051636567,0.0429636696,0,0,0.2037122068,0.02500462402,0,0,-0.4818449231,-0.01470616002,-0.001951127229,0.08014818512,0,-0.02011278595,0,0.0195545451,0,0,0,0.008592427794,0,0,0
1,2,2,4,2,1500,500,v1,0,0,0,0,0,0,0,0,0,0,0,0,0,0.07429235697,0,0,0,0,0.07076361826,0,0,0,0,0,0,0.1332859216,0,0,0,0,0.1269551063,0,0,0,0,0,0,0,0,0,0,0,0,0,0,0,0,0,0,0,0.3045850904,0,0,0,0,0,0,0.2901179064,0,0,0,0,0,0,0,0,0,0,0,0.1182501449,0,0,0,0.111769889,0,-0.2874945714,0,0.1341478821,0,0,0,0,0,0,0,0,0,0,0,0,-0.3940171482,0,0.2406704589,0,0,0,0,0,0,0,0,0,0,0,0,0,0,0,0,0,0,0,0.111769889,0,0,0,0.1182501449,0,0,0,0.3748183411,0,0,-0.5281650303,0,0,0,0,0,0,0,0,0,0,0
1,2,2,4,3,1500,500,v1,0,0,0.001845877022,0,0,0.1438076012,0,0,0.01264780693,0.005207062594,0.1420667836,0.003867666755,0.003696240595,0.007290380894,0,0.003721513898,0,0.1388908984,0.03082870023,0,0.01221538536,0,0.1372095984,0.003735433356,1.06727135e-05,0.0006691619437,0,0.0001224459423,0,0.0001636348201,0.002829672861,0,0.001121213162,0,0.0004615999554,0.0003428640946,0.0001026755948,0.003263875793,0,0.001177976899,0,0.001574229692,0.003286192772,0,0.1226442461,0,0.004440768505,0.1211596148,0.0002217247496,0.007048238138,0.01390178462,0.002543804431,0,0,0.007096430958,0,0,0.05878622214,0,0,0.2803739402,0,0,-0.006991438534,0,-0.06187179096,-0.01649465637,0.0002735875705,0.01722453059,0.03273767289,0,0.003908695468,0.01730782484,0.1385401823,0,0.05175240403,-0.007341821095,-0.03804517355,0,0,0.07652157026,-0.01592917144,0.003908695468,0,0,0.003080395788,0.0002735875705,0,0,0.01064244563,-0.1543018226,-0.0001328811802,-0.003492041288,0,0,-0.0006190691066,-0.001461297313,0.01730782484,0,0,-0.17957754,0.01722453059,0,0,-0.1774970705,-0.01723973211,0.0001052890588,-0.001636044267,0,0,-0.001538053308,0.2233999611,0.1385401823,0,0,0.03892853932,0.03273767289,0,0,0.01189914837,-0.05054267232,-0.002760596571,-0.01404370493,-0.07264802192,0,0,0,0,0.01064244563,-0.1774970705,0.01189914837,0,0.003080395788,-0.17957754,0.03892853932
1,2,2,4,1,1500,500,v1,0,0.001354851935,0,0,0.04394872811,0,0.001494431483,0.006052717963,0.1327053816,0,0,0.2354644564,0.0004310738701,0.0004134645183,0.06557663776,0.003789929069,0.005801961257,0,0.006095670835,0.0007990591908,0.01751931206,0.03660930693,0,0.03108521479,0.01197881835,0.0004794853532,0.07604772823,0.02565393546,0.0002074232566,0,0.007069010167,0.0002287924141,0.02031674584,0.04245497664,0,0.03604881322,0.00860171614,0.0003589714628,0.05460813847,0.01842150571,0,0,0.003156016814,0,0,0.03048595003,0,0,0.01539165178,0.0006423327233,0.0006160934552,0.03296288746,0,0.0002665193211,0.005647281427,0,0.008645361814,0.009083011336,0.0002939766731,0.001190658729,-0.02298200592,0,-0.002845285405,0,-0.04988412426,0,-0.3392365101,0.05386875064,0.001298435109,0.001439556594,-0.04524650773,0.1154069699,0.01477075567,0.02782594789,-0.02712329728,-0.4105244764,-0.0009736761847,-0.002398869059,-0.007707111028,-0.002207447016,0,0.0307273356,0.1154069699,0,0.002739640469,0,0.05386875064,0,0.003020772131,0,-0.3533289426,-0.03756219138,-0.007477688966,0.002340555426,-0.0004354620276,0,-0.04070194595,0.01477075567,0,0.08219467426,0,0.001298435109,0,0.01065012099,0,-0.09847516555,-0.02697245036,-0.003482213874,0.05361309228,0,0,0,0.02782594789,0.003020772131,0.01065012099,0.188366536,0.001439556594,0.002739640469,0.08219467426,0.3354501446,-0.1342394085,-0.0483158386,-0.006256903793,-0.0096337783,0,-0.0005595276339,-0.009804958888,-0.02712329728,0,0,0.3354501446,-0.04524650773,0,0,0.188366536
1,2,2,4,0,1500,500,v1,0,0,0,0,0,0,0,0,0,0,0,0,0,0.1433091596,0,0,0,0,0.07208116106,0,0,0,0,0,0,0.3062233359,0,0,0,0,0.1540231877,0,0,0,0,0,0,0,0,0,0,0,0,0,0,0,0,0,0,0,0.2158138356,0,0,0,0,0,0,0.1085493201,0,0,0,0,0,0,0,0,0,0,0,0.9968469667,0,0,0,0.5011631628,0,-0.7836972425,0,-0.2149761772,0,0,0,0,0,0,0,0,0,0,0,0,-0.5387226253,0,-0.4599507944,0,0,0,0,0,0,0,0,0,0,0,0,0,0,0,0,0,0,0,0.5011631628,0,0,0,0.9968469667,0,0,0,-0.6749269717,0,0,-0.323746448,0,0,0,0,0,0,0,0,0,0,0
1,2,2,4,0,1500,500,v1,0,0.004569118578,0,0,0.07493315458,0.01338837808,0.0710255218,0.06156007636,0.02154507824,0,0.1907802921,0.01497512502,0,0.006807286898,0,0,0.0202318047,0.003614835809,0.02497139769,0.01662109982,0.005817128847,0,0.0515103045,0.00404325437,0,0.0003924736701,0,0,7.112618397e-05,0,0.001439724261,0.001105634324,0.000335386174,0,0,0.0002331135599,0,0,0,0,0,0,0,0,0.02071181008,0,0,0.2951369579,0,0,0.007200082627,0,0,0.0013048376,0,0,0.02139922523,0.02641230337,0.02028329311,0.01758017458,-0.3314006333,0,-0.05871031067,0,-0.1093660495,0.1876297912,-0.02334445617,0,0,0.02157258059,0,0,0,0.07910432798,0,-0.2909692368,0,-0.03172848727,0,-0.03141985596,0.04301540268,-0.009790606741,0,0,0.004395951571,0,0,0,0.1177292685,0,-0.1786670475,0,-0.001829029236,0,-0.001173738612,0,-0.0005625911288,0,0,0.1441555343,-0.001127829069,0,0,0.116901489,0.07018659234,0.2306451938,0,0,0,0,0,-0.2766843694,0.07910432798,0.1177292685,0.116901489,0.03062939386,0.02157258059,0.004395951571,0.1441555343,0.01991708719,-0.2342274712,0,0,-0.03356042254,0,-0.02153276411,-0.0332521101,0,0,0.07018659234,0.01991708719,0,0,-0.001127829069,0.03062939386
1,2,2,4,0,1500,500,v1,0,0,0,0,0,0.03412469838,0,0,0.06541908566,0,0.09552136155,0.0193373382,0,0,0,0,0,0.09173117378,0,0,0.1758541409,0,0.2567725733,0.05198102299,0,0,0,0,0,0,0,0,0.05589707817,0,0,0.0165227119,0,0,0,0,0,0,0,0,0.0360179345,0,0,0.1008208807,0,0,0,0,0,0,0,0,0,0,0,0,-0.4602369508,0,0,0,0,0.1176304331,0.02555313681,0,0,0,0,0,0,0,0,0.1477833634,0,0,0,0,-0.3094857745,-0.1553509697,0,0,0,0,0,0,0,0,-0.1297978329,0,0,0,0,0,-0.01814215999,0,0,0,0.06265902366,0,0,0,0.1910110583,-0.1918553414,0,0,0,0,0,0.02274195347,0,0,0,0.1736030897,0,0,0,0.04830689966,0,0,0,0,0,0,0,0,0,0.1910110583,0.04830689966,0,0,0.06265902366,0.1736030897
1,2,2,4,3,1500,500,v1,8.664903151e-05,0.0007988476165,0.0008451866644,0.0001794822269,0.00645931527,0,0.01068531437,0.005663592284,0.01788862905,0.000336560544,0,0.06681740501,0,0,0,0,0.01866770484,0,0,0.01636803046,0.05169892367,0,0,0.1931052353,0.0004246910684,0,0,0.0002138353591,0.002445676378,0.002587543628,0,0.03271314879,0.05476613638,0,0.001030381959,0.2045618535,0.00686803154,0,0,0.003458108964,0.004290006116,0.04184531433,0,0.008886191084,0,0,0.01666316135,0,0.001322838448,0,0,0.0006660597682,0.0008262898912,0.007617854448,0,0.001711552306,0.06159638276,0,0.1018957407,0.05400832497,-0.8452445716,-0.0002634166169,-0.01146123615,0.001040863785,-0.01210073195,0,-0.08455563961,0.007163664544,0,0,0,0.002683086034,0,0,0,-0.4711006079,0,0,0,-0.03497166304,0,-0.2444250745,0.002683086034,0.00344276055,0.01626653762,0.04243942804,0.007163664544,0.009496877515,0.2177746666,0.01371080958,-0.4964720711,-0.0006320763499,0,0,-0.03508863852,0.00318661021,-0.2589548373,0,0.009496877515,0.1298727588,0,0,0.00344276055,0.1139699323,0,-0.001159719034,-0.003959276433,0,0,-0.0058444563,-0.04166096574,0,0,0.2177746666,0.1139699323,0.1862961737,0,0.01626653762,0.1298727588,0.6956071535,-0.1043214954,-0.001973147602,0,0,-0.00251855246,-0.1094775948,-0.1154893991,0,0.01371080958,0,0.6956071535,0,0.04243942804,0,0.1862961737
1,2,2,4,4,1500,500,v1,0,0,0,0,0,0,0,0,0,0,0,0,0,0,0,0,0,0,0,0,0,0,0,0,0.2904771758,0,0,0.01950882445,0,0,0,0,0,0,0,0,0.6342012621,0,0,0.04259378056,0,0,0,0,0,0,0,0,0.01238702813,0,0,0.0008319288996,0,0,0,0,0,0,0,0,0,0,0,0,0,0,0,0.4525655737,0,0,0,0.02012523335,0,0,0,0,0,0,0,0,0,0,0.02012523335,0,0,0,0.4525655737,0,0,0,-0.603483771,0.2883565663,0,0,0,0,0,0,0,0,0,0,0,0,0,0.3006533179,-0.6157805226,0,0,0,0,0,0,0,0,0,0,0,0,0,-0.3274239564,0.01229675167,0,0,0,0,0,0,0,0,0,0,0,0,0
1,2,2,4,2,1500,500,v1,0.08388705558,0,0,0.05331786565,0.01077039971,0.07811315981,0,0.04746835028,0,0,0.01854206389,0,0.01751752179,0,0.000438990101,0.009393755771,0.004429555679,0.03212569636,0,0.01952236744,0,0.003630277711,0.00762581767,0,0.01407090482,0,0.002210617605,0.05142785235,0,0,0,0,0,0.01828094939,0,0,7.330538856e-05,0.0004595634044,1.151668528e-05,0.0002679243977,0.0009050989619,0,0.0002464404746,0.0005752728419,0.0008428015428,9.523851629e-05,0,0.0002000595046,0.01216075526,0.07623775277,0,0.04444643284,0.1501484022,0,0.04088242839,0.09543298763,0.01927780509,0,0,0.08496301248,-0.4155211125,-0.1369586847,0,0,-0.05813880979,-0.09660476587,0,-0.003749907796,0.1410938375,0,0.001121996491,-0.002879828666,0.07573539088,0,0.02304760283,-0.3896374392,-0.02686311024,0,-0.004044961008,-0.02391039749,-0.03967412946,0,-0.002879828666,0.3518469781,0,0,-0.003749907796,0.2237918528,0,0,0.02955911068,-0.02928986548,0,-0.01196248711,0,0,0,0.07573539088,0.2237918528,0.05165861556,0.1664930631,0.1410938375,0.3518469781,0.2275580261,0.03948652366,-0.6742996255,0.000303481391,-0.0007047402336,-0.0001056180966,-0.001477674309,0,-0.001040829152,0,0,0.2275580261,0,0,0,0.05165861556,0,-0.2770398009,0.03340620839,-0.1169849685,0,-0.2453228616,0,-0.1040952205,0.02304760283,0,0.03948652366,0,0.001121996491,0,0.1664930631,0
1,2,2,4,2,1500,500,v1,1.01844372e-05,0.09836646942,0.01601777752,0.001902917172,0,0,0.07317800404,0,0.01189739929,0.02849126555,0,0.1411574347,0.04857232208,0.002084248154,0.004154921334,0.02932820472,0,0,0.04913203698,0,0.003014393497,0.0144155165,0,0.03576445936,0.0004078528244,0.0003062668975,0.0006105390395,0.0002703709368,0.003662230073,0.0005963494155,0.007219637692,0.002724451621,0.0004429457895,0.002118267686,0.001060743261,0.005255357903,0.0005119791723,0.008959593776,0.0007664119344,0.0003393976458,4.759752768e-07,0.0007485996464,0.005409846373,8.893388115e-05,0,0.00265906933,0.001331554973,0,0.006201932435,0.108533312,0.004657186347,0.004111341596,5.765794132e-06,0.05568896943,0.06553294256,0.001077313203,0,0.1097839772,0.04142882889,0,0.03623284059,-0.001911000996,-0.1405020354,-0.04427319819,0,0,-0.1469266637,0.009828783343,0.2486950561,0.008687347288,0.007161453533,0.006462462555,0.1502747186,0.210610024,0.0259378681,-0.4386302549,-0.07776060332,-0.04375896318,-0.01852287954,0,0,-0.03560652699,0.006462462555,2.459834027e-05,0.05994934429,0.02473008079,0.009828783343,0.00459758844,0.04227443124,0.04444166914,-0.4839599441,0.0002273524446,0.00195863261,-0.0001272330142,0.005760699926,0.000218325276,0.002498274471,0.1502747186,0.00459758844,0,0,0.2486950561,2.459834027e-05,0,0,-0.3273514005,-0.0008430143031,-0.0143434627,-0.003416101866,-8.924621101e-05,-0.002059627039,0,0.210610024,0.04227443124,0,0.02059465127,0.008687347288,0.05994934429,0,0.2494577231,-0.2712616411,-0.01024516874,-0.1738757838,-0.104397917,-0.001081210646,0.0665921518,0,0.0259378681,0.04444166914,0,0.2494577231,0.007161453533,0.02473008079,0,0.02059465127
1,2,2,4,0,1500,500,v1,0,0.01791917342,0,0,0,0,0.009518872772,0,0.001817852957,0,0,0.0001036470329,0.02472862615,0.07076615492,0.03310070044,0.01538017696,0,0,0.003193706158,0,0.00575777393,0.001394448122,0,0.0003282862796,0.08148884071,0.2391994102,0.1118849545,0.0009351090781,0.1918440509,0,0.01079516939,0.1019097851,0.01946207378,0.00471342789,0,0.001109653118,0.008081827595,0.008289835958,0.01109642627,9.274141448e-05,0,0,0.00515593318,0,0,0.0004674641492,0,0,0.002082176339,0.002135766952,0.006111945488,2.389360286e-05,0,0.004901936757,0.001328358214,0,0,0.0002758346552,0.002603965665,0,-0.2718328964,0,0.02517438023,0,0,0,-9.144247967e-05,0.1374188669,0.0526856302,0.4738229092,0.2339519681,0.001574994025,0.0327424235,0.02136161935,0.009846634606,-0.4217731921,-0.04007356987,-0.07381033666,-0.03442585482,0,0,-0.006027105268,0.001574994025,0,0.2197740876,0,0.1374188669,0,0.1105969474,0,-0.1104691631,-0.08240263856,-0.2499378165,-0.1165658862,-0.252308395,0,-0.02038405423,0.0327424235,0,0,0,0.0526856302,0,0,0,-0.2790274634,-0.008158106763,-0.01342078056,-0.01154066086,0,0,0,0.02136161935,0.1105969474,0,0.0376887508,0.4738229092,0.2197740876,0,0.002065152168,-0.6949372637,-0.002101828661,-0.003457685369,-0.006374865864,0,0.006886658045,0,0.009846634606,0,0,0.002065152168,0.2339519681,0,0,0.0376887508
1,2,2,4,3,1500,500,v1,0,0,0,0,0,0,0,0,0,0,0,0,0,0.02191945399,0,0,0,0,0.006933353894,0,0,0,0,0,0,0.6671478213,0,0,0,0,0.2110258744,0,0,0,0,0,0,0,0,0,0,0,0,0,0,0,0,0,0,0,0.07063188735,0,0,0,0,0,0,0.02234160903,0,0,0,0,0,0,0,0,0,0,0,1.138021262,0,0,0,0.3603087536,0,-0.9700865205,0,-0.02880015667,0,0,0,0,0,0,0,0,0,0,0,0,-0.1216039931,0,-0.8772826841,0,0,0,0,0,0,0,0,0,0,0,0,0,0,0,0,0,0,0,0.3603087536,0,0,0,1.138021262,0,0,0,-0.9060828408,0,0,-0.09280383639,0,0,0,0,0,0,0,0,0,0,0
1,2,2,4,4,1500,500,v1,0,0,0,0,0,0,0,0,0,0,0,0,0,0,0,0,0,0,0,0,0,0,0,0,0.002611051646,0,0,0.5354476196,0,0,0,0,0,0,0,0,0.0008973860993,0,0,0.1840267126,0,0,0,0,0,0,0,0,0.001344288891,0,0,0.2756729412,0,0,0,0,0,0,0,0,0,0,0,0,0,0,0,-0.002011389441,0,0,0,0.09020361529,0,0,0,0,0,0,0,0,0,0,0.09020361529,0,0,0,-0.002011389441,0,0,0,0.4294249886,-0.4882198059,0,0,0,0,0,0,0,0,0,0,0,0,0,-0.2307036082,0.171908791,0,0,0,0,0,0,0,0,0,0,0,0,0,-0.3163110149,0.2575161976,0,0,0,0,0,0,0,0,0,0,0,0,0
1,2,2,4,1,1500,500,v1,0,0,0.3895830878,0,0,0,0,0,0.004713111945,0.03442964303,0,0.04032149937,0,0,0,0,0,0,0,0,1.90359027e-05,0,0,0.0001628554865,0,0,0,0,0,0.4260742198,0,0,0.005154575643,0,0.03765456909,0.04409829874,0,0,0,0,0,0.01634463603,0,0,0,0,0.00144446718,0,0,0,0,0,0,0,0,0,0,0,0,0,-0.491534931,0,0,-0.4231671756,0,0,0.01573673734,0,0,0,0,0,0,0,0,0.005395301928,0,0,0,0,0,0.0001619812354,0,0,0,1.246672499,0,0,0,0.1101114795,-0.4250217044,0,0,0,0,-0.4636022294,-0.01034143541,0,0,0,0,0,0,0,0,-0.886769405,0,0,0,0,-0.01775324742,0,0,0,0,-0.002621635506,0,0,0,-0.005714289239,0,0,0,0,0,0,0,0,0.1101114795,0,-0.005714289239,0,1.246672499,0,-0.002621635506
1,2,2,4,1,1500,500,v1,0.007324662216,0.002859083751,0.000239555375,0.01652320899,0,0.005412032805,0.001347365991,0,0.0006169660035,6.232884724e-05,0.007402636025,0.0006445019297,0,0,0.1407384675,0,0,0.08924262068,0,0,0.01017356417,0.2589415674,0.1220670056,0.01062762243,0.0001303761521,0,0.003915943435,9.656157296e-06,0.001311784105,0.0001099110627,0,0.0006181887086,0.0002830718746,0.007204856988,2.85972704e-05,0.0002957057089,0.001284192305,0,0.03857165859,9.511220188e-05,0.03310205781,0.001082613183,0,0.07467268841,0.02445838695,0.07096713438,0.0002816803074,0.03345444178,0.0003396623532,0,0,2.515669513e-05,0.008755326448,0.003417524364,0,0.01975054746,0,0,0.001610535578,0,-0.3906695526,-0.0238055955,-0.004199942496,-0.0003013533735,0,-0.01267989773,-0.001250152809,0.002626972707,0,0,0.121375962,0.0001945725472,0,0,0.2359795684,0.03914618956,0,0,-0.349403511,0,-0.1769179052,-0.01111444297,0.0001945725472,0.07370734265,0.01136649092,0.002145267429,0.002626972707,0.1661484678,0.005355218578,0.0005579803844,-0.2734739334,-0.000139799264,0,0.01024585242,-0.001926472738,-0.0001382647729,-0.0005731088419,0,0.1661484678,0,0.1548662772,0,0.07370734265,0,0.2158061399,-0.5819600271,-0.001377018999,0,0.1009206383,-0.1076429373,-0.001362547063,-0.0575171418,0,0.005355218578,0,0.009422508384,0,0.01136649092,0,0.009984048541,-0.1390917663,-0.0003642119071,0,0,-0.02845534083,-0.005021391099,0,0.2359795684,0.0005579803844,0.2158061399,0.009984048541,0.121375962,0.002145267429,0.1548662772,0.009422508384
1,2,2,4,2,1500,500,v1,0,0,0,0,0,0,0,0,0,0,0,0,0,0.113900406,0,0,0,0,0.02573302318,0,0,0,0,0,0,0.5588396242,0,0,0,0,0.1262562049,0,0,0,0,0,0,0,0,0,0,0,0,0,0,0,0,0,0,0,0.1429701237,0,0,0,0,0,0,0.03230061802,0,0,0,0,0,0,0,0,0,0,0,0.4097102754,0,0,0,0.07976816888,0,-0.4559757537,0,0.1296567908,0,0,0,0,0,0,0,0,0,0,0,0,0.2924046515,0,-0.6187236144,0,0,0,0,0,0,0,0,0,0,0,0,0,0,0,0,0,0,0,0.07976816888,0,0,0,0.4097102754,0,0,0,-0.4890668236,0,0,0.1627478607,0,0,0,0,0,0,0,0,0,0,0
1,2,2,4,3,1500,500,v1,0,0,0,0,0.02684843088,0,0,0.007509116964,0,0,0,0,0,0,0,0,0.719104678,0,0,0.2011231554,0,0,0,0,0,0,0,0,0,0,0,0,0,0,0,0,0,0,0,0,0,0,0,0,0,0,0,0,0,0,0,0,0,0,0,0,0.03548889047,0,0,0.009925728271,-0.9646196431,0,0,0,-0.03429491058,0,0,0,0,0,0,0,0,0,0,-0.07962673391,0,0,0,-0.9192878198,0,0,0,0,0,0,0,0,0,0,0,0,0,0,0,0,0,0,0,1.170639352,0,0,0,0.3277324788,0,0,0,0,0,0,0,0,0,0,0.3277324788,0,0,0,1.170639352,0,-0.9535827303,0,0,0,0,0,-0.04533182332,0,0,0,0,0,0,0,0
1,2,2,4,1,1500,500,v1,0.007135381351,0.002293013647,0.009068035408,0.3769896364,0.000281612165,0,0.07433042436,0.0006560090072,0.01936506672,0.003078446542,0,0.126973121,0,0.0007332542434,0,0,1.74734939e-05,0,0.009689036148,4.070409879e-05,0.001201565192,0,0,0.00787843826,0,0.0002546644963,0,0,4.941386204e-05,0.0001954138612,0.003365072255,0.001601801777,0.0004173122722,0,6.633974155e-05,0.002736238527,0,0,0,0,0.005834104701,0.007414301409,0,0.3082381868,0,0,0.002517031474,0,0,0,0.0005176056022,0,0.0003125287057,0.0001004336772,0,0.01651209338,1.233457346e-05,0.006839509535,0.003255662197,2.873310281e-05,-0.33444773,-0.3835509861,-0.0765023108,-0.01213292447,-0.0009290517197,0,-0.1201772077,0,0,0.0009561456398,0,0,0,0.0227104924,0,-0.1291552031,0,-0.004905820241,0,3.11247881e-05,0,0.008245356741,0,0.01989825459,0.003660651459,0.02498627934,0,1.0509852,0.118591139,0.008478617136,-0.2260263765,0,-0.003584659038,0,-0.001648436193,-0.0002612625471,0.002863671967,0,1.0509852,0.0004227976535,0,0,0.01989825459,0.0009851086061,0,-0.4127404105,0,0,0,-0.3135760795,-0.009915743969,0,0.0227104924,0.118591139,0.0009851086061,0.01660308621,0.0009561456398,0.003660651459,0.0004227976535,0.1469991822,-0.7846662188,0,0,-0.007287279412,-0.0167952374,-0.003350446649,-4.067724149e-05,0,0.008478617136,0,0.1469991822,0,0.02498627934,0,0.01660308621
1,2,2,4,0,1500,500,v1,0.07826513501,0,0,0.5268846628,0,0,0,0,0,0,0,0,0,0,0,0,0,0,0,0,0,0,0,0,0,0,0,0,0,0,0,0,0,0,0,0,0,0,0,0,0.03980620208,0,0,0.2679772718,0,0,0,0,0,0,0,0,0.01126049991,0,0,0.07580622835,0,0,0,0,0.3661252692,-0.5434529458,0,0,0,0,0,0,0,0,0,0,0,0,0,0,0,0,0,0,0,0,0,0.02450905643,0,0,0,0.2414824586,0,0,0,0,0,0,0,0,0,0,0.2414824586,0,0,0,0.02450905643,0,0,-0.4627161347,0,0,0,0.285388458,0,0,0,0,0,0,0,0,0,0,-0.2580644878,0,0,0,0.08073681116,0,0,0,0,0,0,0,0,0,0
1,2,2,4,4,1500,500,v1,0.0002435876026,0.0003047658415,0,4.295594989e-05,0,5.643863239e-06,3.222238672e-05,0,8.526555963e-05,0,0.0001290990588,6.797348968e-05,0.0028216701,0.00856753184,0.00015057775,0.002176750064,0,0.002462540455,0.01057978684,0,0.03720322075,3.66334238e-05,0.05632873115,0.02965831401,0.003697745147,0.03073589442,0.0005401954628,0.00397181626,0.4770493518,0,0.03795482964,0.05043763639,0.1334660071,0.0001314218689,0,0.1063987652,6.74241489e-06,1.845758436e-05,9.849845748e-07,7.242152183e-06,0.000695233514,0,1.423892465e-05,0.0001226023643,1.610838495e-05,2.396327304e-07,0,0.0003684669966,1.198401519e-05,3.280663899e-05,9.961190153e-05,1.287225173e-05,0.00123571289,0.001546068333,2.530836384e-05,0.0002179142962,0,0.0001230077349,0.0001634632395,0,-0.8647012237,-0.000285098573,-6.293673693e-05,0,0,-0.0001344741298,-0.0001529576021,0.005502659405,0.004207559846,0.03291222424,0.001035912275,0.005912121708,0.003249696583,0.04175459907,0.0002520401865,-0.2921989987,-0.004970317727,0.001444225043,-0.0001868989965,0,-0.05877160637,-0.06673874041,0.005912121708,0.001338949063,0.6818317952,0,0.005502659405,0.0001138044548,0.06599901395,0,-0.06393366043,-0.007609750633,-0.05141003511,-0.0006705134028,-0.5000679824,0,-0.239632729,0.003249696583,0.0001138044548,0,0.003720250972,0.004207559846,0.001338949063,0,0.08521458209,-0.07245328687,-1.384700381e-05,-3.24900948e-05,-1.222575174e-06,-0.000813729635,0,-0.0003838082104,0.04175459907,0.06599901395,0,0.255724719,0.03291222424,0.6818317952,0,0.2040619215,-0.5638219629,1.37435612e-05,3.130353618e-05,0.000187927856,0.000130325863,0.00157704643,0,0.0002520401865,0,0.08521458209,0.2040619215,0.001035912275,0,0.003720250972,0.255724719
1,2,2,4,3,1500,500,v1,0,0,0.02919297366,0,0,0,0,0,0,0.1770654915,0,0,0,0,0.1131624847,0,0,0,0,0,0,0.0520823429,0,0,0,0,0.10603784,0,0,0.01500218275,0,0,0,0.04880326868,0.09099343198,0,0,0,0.1494646537,0,0,0.02114618752,0,0,0,0.06879019462,0.1282589479,0,0,0,0,0,0,0,0,0,0,0,0,0,-0.2279206399,0,0,-0.2047467208,0,0,0,0,0,0,-0.1133471608,0,0,0,-0.05689603024,-0.03585904041,0,0,0.1493545011,0,0,0,0,0,0,0.08683018176,0,0,0,0.5621708593,-0.3542224703,0,0,0.1399734858,0,-0.1049229155,0,0,0,0,0,0,0,0,0,-0.02034164944,0,0,-0.1758325262,0,-0.1229977244,0,0,0,0,0,0,0,0,0,0,0,0,0,0,0,0,-0.05689603024,0.5621708593,0,0,-0.1133471608,0.08683018176,0,0
1,2,2,4,4,1500,500,v1,0,0,0,0,0.009657575817,0,0,0.09324291744,0.006966810875,0,0,0.04099030286,0,0,0,0,0.03190983745,0,0,0.3080862522,0.0230192138,0,0,0.1354370834,0,0,0,0,0,0,0,0,0.007056399394,0,0,0.04151741068,0,0,0,0,0,0,0,0,0,0,0,0,0,0,0,0,0,0,0,0,0.02835467526,0,0,0.2737615209,-0.222543441,0,0,0,0.09465307184,0,-0.04786245121,0,0,0,0,0,0,0,0,0.2630773651,0,0,0,-0.2804401713,0,-0.1583900142,0,0,0,0,0,0,0,0,-0.2062524655,0,0,0,0,0,-0.04847793025,0,0,-0.01785429896,0,0,0,-0.100612064,0,0,0,0,0,0,0,0,0,0,-0.100612064,0.05547175355,0,0,-0.01785429896,0.32662384,-0.1857870994,0,0,0,0,0,0.2647646747,0,0,0,0.32662384,0,0,0,0.05547175355
1,2,2,4,1,1500,500,v1,0,0,0,0,0.1833310064,0,0,0.2801960472,0,0,0,0,0,0,0,0,0.1010683834,0,0,0.1544690235,0,0,0,0,0,0,0,0,0,0,0,0,0,0,0,0,0,0,0,0,0,0,0,0,0,0,0,0,0,0,0,0,0,0,0,0,0.1111136767,0,0,0.1698218628,0.4931779503,0,0,0,-0.401728026,0,0,0,0,0,0,0,0,0,0,-0.1435046735,0,0,0,0.2349545978,0,0,0,0,0,0,0,0,0,0,0,0,0,0,0,0,0,0,0,-0.05727325434,0,0,0,-0.07990163212,0,0,0,0,0,0,0,0,0,0,-0.07990163212,0,0,0,-0.05727325434,0,-0.1667734282,0,0,0,0,0,0.2582233525,0,0,0,0,0,0,0,0
1,2,2,4,2,1500,500,v1,0.03817907363,0.1739960356,0,0.02294068319,0.003794085631,0,0.2990288598,0.0007075103078,0,0,0,0,0,0,0,0,0.001214784965,0,0,0.0002265296485,0,0,0,0,0,0,0,0,0.1372682547,0,0,0.235908649,0,0,0,0,0,0,0,0,0.02006790304,0,0,0.0120582131,0,0,0,0,0,0,0,0,0.003870698017,0.01764018992,0,0.002325788671,0.0003846546899,0,0.0303163567,7.172931359e-05,0.3473566901,-0.06104763479,-0.4129561578,0,-0.004497318792,0,0,0,0,0,0,0,0,0,0,-0.004952862615,0,0,0,-0.001438661278,0,0,0,0.09302305532,0.01004318157,0,0,0.05593001027,0.02813309891,0,-0.3687705175,0,0,0,0.3433196638,0,0,0,0.05593001027,0.008081139952,0,0,0.09302305532,0.001506145889,0,-0.06723305967,0,0,0,-0.03206898406,0,0,0,0.02813309891,0.001506145889,0,0,0.01004318157,0.008081139952,0,-0.1686890929,0,0,0,-0.00618542488,0.04418564029,-0.0004555438234,0,0,0,0,0,0,0,0
1,2,2,4,3,1500,500,v1,0,0,0,0,0,0,0,0,0,0,0,0,0,0,0.2236141256,0,0,0,0,0,0,0.02991745928,0,0,0,0,0.002150370976,0,0,0,0,0,0,0.0002876993389,0,0,0,0,0.6562326152,0,0,0,0,0,0,0.08779772963,0,0,0,0,0,0,0,0,0,0,0,0,0,0,0,0,0,0,0,0,0,0,0,0,0.5930204287,0,0,0,0.06628342843,-0.6754435738,0,0,0.235907669,0,0,0,0,0,0,0,0,0,0,0,-0.4418045008,0,0,0.002268596029,0,0,0,0,0,0,0,0,0,0,0,0.2381762651,0,0,-0.6777121698,0,0,0,0,0,0,0,0,0,0,0,0,0,0,0,0,0,0,0.06628342843,0,0,0,0.5930204287,0,0,0
