1,2,2,4,2,1500,500,v1,0,0,0.05968096254,0,0,0,0,0,0,0.02529660078,0,0,0,0,0,0,0,0,0,0,0,0,0,0,0.001373837289,0,0,0.0003660482046,0,0.0006403038178,0,0,0,0,0.0002714016223,0,0.03581284116,0,0,0.009542051535,0,0.01669127713,0,0,0,0,0.00707482849,0,0.6658415675,0,0,0.17740828,0,0,0,0,0,0,0,0,-0.02232154343,0,0,-0.08208514695,0,0,0,0.8764254492,0,0,0,0.2188285892,0,0,0,0,0,0,0,0,0,0,0.2188285892,0,0,0.1099243497,0.8764254492,0,0,0.04668568592,-0.8366158406,0.001620391735,0,0,0,0.0004193995912,0,0,0,0,0,0,0,0,0,-0.8523341912,0.04049908492,0,0,0,-0.02274094302,0,0,0,0,0,0,0,0,0,0.04211947666,-0.7722888356,0,0,0,0,0,0,0.04668568592,0,0,0,0.1099243497,0,0
1,2,2,4,4,1500,500,v1,0,0,0,0,0.002875907424,0,0,0.002998233128,0,0,0,0,0,0,0,0,0.1078985323,0,0,0.1124879581,0,0,0,0,0,0,0,0,0,0,0,0,0,0,0,0,0,0,0,0,0,0,0,0,0,0,0,0,0,0,0,0,0,0,0,0,0.3788133389,0,0,0.3949260301,-0.4954524021,0,0,0,0.005457123891,0,0,0,0,0,0,0,0,0,0,-0.6947360966,0,0,0,0.2047408183,0,0,0,0,0,0,0,0,0,0,0,0,0,0,0,0,0,0,0,0.3593833199,0,0,0,0.3756095974,0,0,0,0,0,0,0,0,0,0,0.3756095974,0,0,0,0.3593833199,0,0.2101979422,0,0,0,0,0,-0.7001932205,0,0,0,0,0,0,0,0
1,2,2,4,1,1500,500,v1,0.06854788286,0.09066155693,0.08782020042,0.1166888002,0,0.04215101605,0.04030561106,0,0.0665234592,0.01921378796,0.01379969068,0.01712123543,0,0,0,0,0,0.003436314087,0,0,0.005423250051,0,0.001125004233,0.001395789426,0.005570376227,0,0,0.009782426189,0.009968139812,0.009655735747,0,0.004431558202,0.007314182158,0,0.002112535138,0.001882461259,0.03107199871,0,0,0.0545671462,0.04204067257,0.05386045691,0,0.07156567696,0.02585137557,0,0.01178388791,0.008463401833,0.008431781756,0,0,0.01480748864,0.01140827081,0.01508860012,0,0.019420256,0,0,0.00670797269,0,-0.2328691242,-0.185031591,-0.1308800511,-0.106980078,0,-0.03900636251,-0.07753248783,0.06749981877,0,0,0,0.1186376479,0,0,0,-0.1000544681,0,0,0,0,0.003966874439,0.004244907231,0.1186376479,0.1828056092,0.1734694142,0.2267795318,0.06749981877,0.3110065901,0.07704124805,0.04958311885,-0.5071867686,-0.0153238902,0,0,-0.01437216319,-0.01174527831,-0.007612825736,0,0.3110065901,0,0.01455292214,0,0.1828056092,0,0.00186049804,-0.4080886277,-0.08557224777,0,0,-0.1134037462,-0.06551641087,0.02409720795,0,0.07704124805,0,0.09708346234,0,0.1734694142,0,0.02426714716,-0.5445836895,-0.02319550648,0,0,-0.03077279569,-0.02175489383,0,0,0.04958311885,0.00186049804,0.02426714716,0,0.2267795318,0.01455292214,0.09708346234
1,2,2,4,2,1500,500,v1,0,0,0,0,0,0,0,0,0,0,0,0,0,0.03043256479,0,0,0,0,0.1972864139,0,0,0,0,0,0,0.0931345776,0,0,0,0,0.6037672787,0,0,0,0,0,0,0,0,0,0,0,0,0,0,0,0,0,0,0,0.01007373797,0,0,0,0,0,0,0.06530542701,0,0,0,0,0,0,0,0,0,0,0,0.0591510316,0,0,0,0.4658686175,0,-0.5616514895,0,0.2116383902,0,0,0,0,0,0,0,0,0,0,0,0,0.281694591,0,-0.6317076904,0,0,0,0,0,0,0,0,0,0,0,0,0,0,0,0,0,0,0,0.4658686175,0,0,0,0.0591510316,0,0,0,-0.4200693002,0,0,0.07005620083,0,0,0,0,0,0,0,0,0,0,0
1,2,2,4,3,1500,500,v1,0,0,0,0,0,0.2042407999,0,0,0,0,0.2647759327,0,0,0,0,0,0,0.179818605,0,0,0,0,0.2331152194,0,0,0,0,0,0,0,0,0,0,0,0,0,0,0,0,0,0,0,0,0,0.0514065085,0,0,0.06664293444,0,0,0,0,0,0,0,0,0,0,0,0,0.4877881589,0,0,0,0,-0.4066551079,0,0,0,0,0,0,0,0,0,-0.2980558137,0,0,0,0,0.3791888647,0,0,0,0,0,0,0,0,0,0,0,0,0,0,0,0,0,0,0,-0.05489762467,0,0,0,-0.06680195187,-0.02746624313,0,0,0,0,0,0.1085992942,0,0,0,0,0,0,0,0,0,0,0,0,0,0,0,0,0,-0.06680195187,0,0,0,-0.05489762467,0
1,2,2,4,3,1500,500,v1,0,0,0,0,0,0,0,0,0.172011827,0,0,0.2260985196,0,0,0,0,0,0,0,0,0.001093650153,0,0,0.001437533016,0,0,0,0,0,0,0,0,0.2589652502,0,0,0.34039322,0,0,0,0,0,0,0,0,0,0,0,0,0,0,0,0,0,0,0,0,0,0,0,0,-0.6013336035,0,0,0,0,0,-0.3973940353,0,0,0,0,0,0,0,0,-0.9962011761,0,0,0,0,0,-0.002526462716,0,0,0,0,0,0,0,0,-0.399920498,0,0,0,0,0,-0.5988071408,0,0,0,0,0,0,0,0,0,0,0,0,0,0,0,0,0,0,0.6475136742,0,0,0,0.850577784,0,0,0,0,0,0,0,0,0,0,0.850577784,0,0,0,0.6475136742
1,2,2,4,4,1500,500,v1,0,0,0,0,0.1147763685,0,0,0.1614701853,0,0,0,0,0,0,0,0,0.06939837846,0,0,0.09763132588,0,0,0,0,0,0,0,0,0,0,0,0,0,0,0,0,0,0,0,0,0,0,0,0,0,0,0,0,0,0,0,0,0,0,0,0,0.231310503,0,0,0.3254132388,-0.3375185606,0,0,0,0.2551283928,0,0,0,0,0,0,0,0,0,0,-0.2366644526,0,0,0,0.1542742848,0,0,0,0,0,0,0,0,0,0,0,0,0,0,0,0,0,0,0,0.04846461898,0,0,0,0.0751206327,0,0,0,0,0,0,0,0,0,0,0.0751206327,0,0,0,0.04846461898,0,0.4094026777,0,0,0,0,0,-0.4917928455,0,0,0,0,0,0,0,0
1,2,2,4,4,1500,500,v1,0,0,0,0,0,0,0,0,0,0,0,0,0,0,0,0,0,0,0,0,0,0,0,0,0.02879912579,0,0,0.01464521733,0,0,0,0,0,0,0,0,0.001108298658,0,0,0.000563603035,0,0,0,0,0,0,0,0,0.6329896002,0,0,0.321894155,0,0,0,0,0,0,0,0,0,0,0,0,0,0,0,0.8363716106,0,0,0,0.4133314349,0,0,0,0,0,0,0,0,0,0,0.4133314349,0,0,0,0.8363716106,0,0,0,-0.8736213078,0.04048594412,0,0,0,0,0,0,0,0,0,0,0,0,0,-0.8346934151,0.001558051374,0,0,0,0,0,0,0,0,0,0,0,0,0,0.04204399549,-0.8751793592,0,0,0,0,0,0,0,0,0,0,0,0,0
1,2,2,4,0,1500,500,v1,0.0003649929541,0.03329716001,0,0.04244271813,0.00794804865,0,0.08799587136,0.06050313197,0,0,0,0,0,0,0,0,0.001787053156,0,0,0.01360362999,0,0,0,0,0,0,0,0,0.02031864518,0,0,0.05369697857,0,0,0,0,0,0,0,0,0.00351908478,0,0,0.4092120731,0,0,0,0,0,0,0,0,0.0004164080984,0.03798760203,0,0.04842145951,0.009067659493,0,0.1003915091,0.06902597394,-0.4782516791,0.02812211281,0.004021144855,0,-0.05157738951,0,0,0,0,0,0,0,0,0,0,-0.1290496098,0,0,0,-0.01523355841,0,0,0,0.004693429361,-0.02200291479,0,0,0.5981390396,-0.05072559,0,-0.00352140929,0,0,0,0.05200707915,0,0,0,0.5981390396,0.02186409107,0,0,0.004693429361,0.1945606612,0,-0.01026130338,0,0,0,-0.3916270093,0,0,0,-0.05072559,0.1945606612,0,0,-0.02200291479,0.02186409107,0,-0.3742876204,0,0,0,-0.03838341619,-0.007542554145,-0.07747222026,0,0,0,0,0,0,0,0
1,2,2,4,3,1500,500,v1,0.004423268207,0,0.001111397262,1.149342856e-06,0,0.001235925444,0,0,0,0.0001862293885,0.0009912677125,0,0,0,0,0,0,0.003226460516,0,0,0,0,0.002587766236,0,0,0,0,0,0,0.03043826585,0,0,0,0,0.005100336153,0,0,0,0,0,0.40559325,0.101909992,0,0.0001053894275,0.1133286507,0,0.01707637416,0.09089466753,0,0,0,0,0.2217319952,0,0,5.761488398e-05,0,0,0,0,-0.4676894625,0.004108902917,0,-0.001284574787,0,-0.002204521459,0,0,0,0,0,0,0,0,0,-0.172627409,0,0,0,0,-0.005766771089,0,0,0.2348126307,0,0.1743918043,0,-0.0001279733958,0,0.02393675186,-0.09698697613,0,0,0,0,-0.03523206134,0,0,-0.0001279733958,0,0.1497372358,0,0.2348126307,0,0.1178540343,0.1655007402,0,0,0,-0.3664451071,-0.09570240134,-0.1704228875,0,0,0,0,0,0,0,0,-0.3623362042,0,0,0,0.2058797659,0,0,0,0.02393675186,0.1178540343,0,0,0.1743918043,0.1497372358,0
1,2,2,4,2,1500,500,v1,0,0,0,0,0.6757247069,0,0,0.1583773133,0,0,0,0,0,0,0,0,0.07832413336,0,0,0.01835772125,0,0,0,0,0,0,0,0,0,0,0,0,0,0,0,0,0,0,0,0,0,0,0,0,0,0,0,0,0,0,0,0,0,0,0,0,0.05607353144,0,0,0.01314259367,-0.1655688663,0,0,0,-0.833786245,0,0,0,0,0,0,0,0,0,0,-0.902865057,0,0,0,-0.0964900542,0,0,0,0,0,0,0,0,0,0,0,0,0,0,0,0,0,0,0,1.214662627,0,0,0,0.2843700396,0,0,0,0,0,0,0,0,0,0,0.2843700396,0,0,0,1.214662627,0,-0.9302762992,0,0,0,0,0,-0.06907881206,0,0,0,0,0,0,0,0
1,2,2,4,4,1500,500,v1,0.01745770586,0.108448195,0,0.4314747473,0,0,0.008353622802,0,0,0,0,0,0,0,0,0,0,0,0,0,0,0,0,0,0,0,0,0,0.01524717547,0,0,0.00117447001,0,0,0,0,0,0,0,0,0.01279045298,0,0,0.3161215747,0,0,0,0,0,0,0,0,0.00274430904,0.01704779336,0,0.06782678427,0,0,0.001313169253,0,0.3421005671,-0.3988976766,-0.1158776957,0,0,0,0,0,0,0,0,0,0,0,0,0,0,0,0,0,0,0,0,-0.004480854378,0.1999862717,0,0,0.04932116397,0.0141856264,0,-0.1265265561,0,0,0,-0.01625470927,0,0,0,0.04932116397,0,0,0,-0.004480854378,0,0,-0.3335888504,0,0,0,0.3036953107,0,0,0,0.0141856264,0,0,0,0.1999862717,0,0,-0.2273347709,0,0,0,0.06530882623,-0.01064886049,0,0,0,0,0,0,0,0,0
1,2,2,4,0,1500,500,v1,0,0.003299595676,0.002931127933,0,9.819414704e-05,0,0.0189152834,0.0001073723658,0.2123951257,0.004204942579,0,0.08789774691,0.001034566177,0.0004561938439,0.002073873931,0.001396920038,7.236709855e-06,0,0.0001832367989,7.913125995e-06,0.01565309079,0.004659690917,0,0.006477886009,0.08231128161,0.00630939122,0.02868272369,0.06666954377,0.003363212597,0.002987640716,0.002534257456,0.01927997417,0.2164901498,0.06444587833,0.004286014786,0.08959243456,0.007667611928,0.001332898481,0.002671905843,0.00621052399,0,0.0002783102042,0.001799742383,0,0,0.006003381016,0.0003992587341,0,0.009557475069,0.001661422634,0.0007326073426,0.007741253568,0,0.0003905153695,0.002243331185,0,1.162152196e-05,0.0002942622442,0.002238670919,1.270778702e-05,-0.04421430272,0,-0.01300086182,-0.001980812842,9.928230775e-05,0,0.04292392201,0.1492223492,0.006034168697,0.01123760553,0.0501128872,0.1207360286,0.008146426229,0.004510130803,0.1124810014,-0.1072504863,-0.002427305382,-0.0006382532566,-0.006721634045,-1.500677493e-05,0,0.02044662182,0.1207360286,0,0.006843663734,0.005829145533,0.1492223492,0,0.05022792492,0.008971549256,-0.003048436259,-0.1488535279,-0.008835258824,-0.09301437603,-0.02244382268,-0.007215558608,-0.0316886369,0.008146426229,0,-4.361731131e-05,0,0.006034168697,0,-4.664614122e-05,0,-0.2813785415,-0.01385225511,-0.003127566763,-0.008659915634,0,-0.0006707584094,0,0.004510130803,0.05022792492,-4.664614122e-05,-0.03023527558,0.01123760553,0.006843663734,-4.361731131e-05,-0.01728758483,-0.2130945762,-0.0172664689,-0.003898857805,-0.001024978808,0,-0.002603041269,-2.409989779e-05,0.1124810014,0.008971549256,0,-0.01728758483,0.0501128872,0.005829145533,0,-0.03023527558
1,2,2,4,3,1500,500,v1,0,0,0,0,0.0004296051853,0.0002924135877,0,0.01995923362,0.0298610349,0,0.001637552292,0.02984825153,0,0,0,0,0.003083970059,0.002099124452,0,0.143279646,0.2143608613,0,0.0117553568,0.2142690944,0,0,0,0,0,0,0,0,0.06623373327,0,0,0.06620537891,0,0,0,0,0,0,0,0,0.003536946314,0,0,0.01980733723,0,0,0,0,0,0,0,0,0.003652388505,0,0,0.1696880716,-0.8812035873,0,0,0,-0.02034760645,0.001628265118,-0.05959777223,0,0,0,0,0,0,0,0,-0.3967344181,0,0,0,-0.146069305,0.01155145903,-0.4282684367,0,0,0,0,0,0,0,0,-0.487866209,0,0,0,0,0,-0.1321917667,0,0,0.01073108862,-0.001578774444,0,0,0.4988435592,0.001198214447,0.01317972415,0,0,0,0,0,-0.01292601748,0,0,0.4988435592,0.465334684,0,0,0.01073108862,0.4647522795,-0.1664169115,0,0,0,0,0,-0.1732995204,0,0,0.001198214447,0.4647522795,0,0,-0.001578774444,0.465334684
1,2,2,4,1,1500,500,v1,0,0,0,0,0.09432973523,0,0,0.01185273507,0,0,0,0,0.0001903547964,0.005764024018,0,0.000686454235,0.008814335787,0,0.01042102498,0.001107540339,0,0,0,0,0,0.005463712777,0,0,0,0,0.009878079475,0,0,0,0,0,0,7.150403513e-05,0,0,0,0,0.0002578566376,0,0,0,0,0,0,0.006004465155,0.1818177531,0,0,0,0.0216532003,0,0.2780354008,0.3287160744,0,0.03493574891,-0.2633923906,0,0,0,0.09037721556,0,0,0,0.008947514296,0.2682711594,0,0,0.03237034779,0.4845043824,0,-0.7250214221,0.00021365264,0.01327597641,0,0.009121015417,0,0,0,0,0,0,0,0,0,0,-0.4876857188,0,-0.01416464245,0,0,0,0,0.03237034779,0,0.2377627876,0,0.008947514296,0,0.02175997488,0,-0.02721912528,0,-0.0003261161119,0,0,0,0,0.4845043824,0,0.02175997488,0,0.2682711594,0,0.2377627876,0,0.09849710146,0,-0.02743277792,-0.5009616952,0,0,-0.272513406,0,0,0,0,0,0,0,0
1,2,2,4,1,1500,500,v1,0.04148485068,0.001004516043,0.02289183301,0.004981173413,0,0,0.02525326002,0,0.03297921657,0.001277200475,0,0.001032077175,0,0.06484675602,0,0,0,0,0.1244706517,0,0.1158524653,0,0,0.003625576881,0.009242948211,0.04015485199,0,0.2022575989,0.002185101407,0.04979609521,0.07707556864,0.05493285487,0.07173895632,0,0.002778265787,0.002245054525,0.001119161901,0,0,0.02448991313,0.01092664034,0.006029449834,0,0.001311984724,0,0,0.0003364001559,0,6.984670702e-05,0,0.0003034404303,0.001528411382,0.0006819297961,1.65122788e-05,0,8.188074717e-05,0,0.000582441288,0.0004151141965,0,-0.3013944604,-0.04644448468,-0.02621392041,-0.02412111881,0,0,-0.03367530029,0.0156220238,0,0.02140898549,0,0.3422827587,0,0.04995549381,0,6.732806745e-05,0,-0.1546574525,0,0,0,-0.0987139022,0.3422827587,0.079585416,0.004803159593,0.1179662383,0.0156220238,0.009546686871,0.1207040119,0.006576853525,-0.3705145753,-0.2114508053,0.1062775092,0,-0.05702662661,-0.0525543879,-0.07333850461,0,0.009546686871,0,0,0,0.079585416,0,0,-0.3369281383,-0.02555735291,0,0,-0.01221460574,-0.006353221163,0,0.04995549381,0.1207040119,0,0.3022001599,0.02140898549,0.004803159593,0,0.006391400794,-0.427287739,-0.00159503012,0,0.0008036238047,-0.0007623114972,-0.0004309006609,0,0,0.006576853525,0,0.006391400794,0,0.1179662383,0,0.3022001599
1,2,2,4,1,1500,500,v1,0.004642262455,0.001361597922,0.00332639392,0.002013074351,0.007906984019,0.008393330166,0.004089009134,0.01938591542,0.009023052411,0.01335589336,0.006731253579,0.0183735907,0.01379354297,0,0.06858834145,0.002093022455,0.03354402033,0.03560726025,0,0.08224141333,0.03827874861,0.01531560801,0.02855618607,0.07794679975,0,0,0.004505603501,0,0.0003794510866,0.0009270018465,0,0.001139528002,0.002514550726,0.001006090184,0.003722029952,0.005120365451,0,0.00403842378,0.02008104732,0,0.005765938423,0.004131559277,0.0006127875683,0.002500346083,0.01042496528,0.004484048494,0.01658873436,0.008360577202,0,0.03083301312,0,0,0.04402243667,0.01291199256,0.004678579606,0.01908992414,0.07498169406,0,0.03877595189,0.1838360588,-0.4265778246,-0.006642693946,-0.005441114232,-0.01665507669,0.0249417225,-0.01498134417,-0.02723976426,0,0.06426818279,0,0.1192715864,0,0.00823909028,0,0.02218302233,-0.3319363413,-0.008374886078,0,-0.06428634148,0.1057944167,-0.04619157485,-0.09172190284,0,0.08159416365,0.02196479471,0.01256041354,0,0.03534657671,0.06589882189,0.05041630948,-0.3021668882,0,0,-0.005500678753,-0.001516333622,-0.004641065453,-0.007552633082,0.00823909028,0.03534657671,0.03346988717,0.06707878197,0.06426818279,0.08159416365,0.09816199517,0.05263094852,-0.2657045248,0,-0.004599650772,-0.02451605225,-0.008250581398,-0.02068833987,-0.01863356797,0,0.06589882189,0.09816199517,0.05969755695,0,0.02196479471,0.03346988717,0.1300738933,0.09591087912,0,-0.03536364519,0,-0.06306721823,-0.05161829655,-0.2184907274,0.02218302233,0.05041630948,0.05263094852,0.1300738933,0.1192715864,0.01256041354,0.06707878197,0.05969755695
1,2,2,4,0,1500,500,v1,0,0,0,0,0,0,0,0,0.03545269448,0,0,0.02453021276,0,0,0.4231165767,0,0,0,0,0,0.1857399401,0.0943281961,0,0.1285160498,0,0,0.02777516372,0,0,0,0,0,0.01219275616,0.006192102211,0,0.008436337693,0,0,0.04392702579,0,0,0,0,0,0,0.009792944383,0,0,0,0,0,0,0,0,0,0,0,0,0,0,-0.2512755936,0,0,0,0,0,0.0550480772,0,0,0,0.7419271194,0,0,0,0.1652049827,-0.01353360485,0,0,-0.5172411269,0,0,-0.2702075194,0,0,0,0,0,0,0,0,-0.7860141692,0,0,-0.03390000784,0,0,0.01893192583,0,0,0,0,0,0,0,0,-0.5511411347,0,0,-0.05361360004,0,0,0,0,0,0,0.1764607582,0,0,0,0.1178805164,0,0,0,0,0,0,0,0.1652049827,0,0,0.1178805164,0.7419271194,0,0,0.1764607582
1,2,2,4,1,1500,500,v1,0,0,0,0,0,0.02853917236,0,0,0,0,0.169179359,0,0.09168272353,0,0.2381215273,0.01808132455,0,0.03109886019,0,0,0,0.05783302781,0.1843531117,0,0,0,0.07780847372,0,0,0,0,0,0,0.01889749186,0,0,0,0.008467797451,0.02199285519,0,0,0,0.001669987409,0,0.002872284318,0.005341446531,0,0.01702681541,0,0.02258049974,0,0,0,0,0.004453241883,0,0,0,0,0,-0.1121594133,0,0,0,0,0.1323638777,0,0,0.1598975472,0,0.4655655782,0,0.02634706425,0,0.1041584848,-0.009677002206,-0.08722973368,0,-0.256489086,0,-0.13037883,0,0,0,0,0,0,0,0,0,-0.2835177981,0,0,-0.09629824387,0,0,0,0.02634706425,0,0,-0.00922703108,0.1598975472,0,0,-0.02107966559,-0.4649395148,0,-0.01002584161,-0.02702871216,0,0,0.0182194167,0,0,0,0,0,0,0,0,-0.09725557528,0,-0.02690749899,0,0,0,0,0.1041584848,0,-0.02107966559,0,0.4655655782,0,-0.00922703108,0
1,2,2,4,3,1500,500,v1,0,0,0,0,0,0,0,0,0.002560440395,0,0,0.0620618222,0,0.04035661106,0.01622826452,0,0,0,0.1826979293,0,0.003320173661,0.03525880396,0,0.08047679135,0,0.02702501122,0.01086734042,0,0,0,0.1223446038,0,0.002223371291,0.0236112386,0,0.05389169537,0,0,0.0900435605,0,0,0,0,0,0,0.1956357221,0,0,0,0,0.009299041426,0,0,0,0,0,0,0.04209757878,0,0,-0.1396833849,0,0,0,0,0,-0.06451549787,0,0,0.1148312944,0.07364141778,0,0,0.5201566492,0.1744976158,-0.533522613,0,-0.2229525242,0.04718702381,0,0,-0.08366208756,0,0,0,0,0,0,0,0,-0.6194507218,0,-0.1490772138,0.03159903209,0,0,-0.05602129737,0,0,0,0,0,0,0,0,0.07878605591,0,0,-0.2442120783,0,0,0,0.5201566492,0,0,0.01213804897,0.1148312944,0,0,0.2941602752,-0.372029738,0,0,-0.05129555776,0,0,0,0.1744976158,0,0,0.2941602752,0.07364141778,0,0,0.01213804897
1,2,2,4,0,1500,500,v1,0.0002726553243,9.662130441e-05,0.0002233261393,4.264444197e-05,1.813681439e-06,0,0.0001857136482,0.001772937794,0.0001999353049,0.0002330978863,0,0.0004140365232,0,0.000791596736,0,0,4.478371375e-06,0,5.547491815e-05,0.004377766512,0.00049368347,0,0,0.001022345641,0.1043424184,0.02545768879,0,0.5625850055,0.007672677978,0.01773428295,0.001784069006,0.01474748274,0.01587682158,0,0.01851025537,0.03287855544,0.003334336111,0,0,0.01797780353,0.0006918891739,0.0005667116108,0,0.0001082143831,0,0,0.0005915083608,0,0.01950180008,0,0.004758091338,0.1051482271,0.004046707921,0.001434038374,0,0.0006329221757,2.691837785e-05,0.0003334459524,0.002756333084,0.02631366701,-0.123411636,0.0001252185869,0.0002093604906,0.0003582615129,0.001374988506,0,0.0005104745121,0.1906637242,0,0.04647986024,0,1.02712218,0,0.003254068859,0,-0.09439515529,0,-0.0008454102788,0,-0.0029089517,0,-0.0006466290713,1.02712218,0.006905541956,0.009145582958,0.02293970009,0.1906637242,0.001070351814,0.01872615995,0.0240023714,-0.1539284072,-0.6661562896,-0.02722899128,0,-0.01677232822,-0.03093923697,-0.04126138036,0,0.001070351814,3.162262281e-05,0,0,0.006905541956,0.0363323654,0,-0.8256871218,-0.02127400342,0,0,-0.0007943825072,-0.0007137388702,0,0.003254068859,0.01872615995,0.0363323654,0.01941630597,0.04647986024,0.009145582958,3.162262281e-05,0.04267999641,-0.7342707894,-0.1244269767,0,-0.005081551176,-0.004648098593,-0.00201819421,-0.02270869549,0,0.0240023714,0,0.04267999641,0,0.02293970009,0,0.01941630597
1,2,2,4,0,1500,500,v1,0,0,0,0,0,0.0007811852042,0,0,0,0,0.001036998029,0,0,0,0.01608678111,0,0,0.006083124543,0,0,0,0.003397053854,0.008075150586,0,0,0,0.00308013943,0,0,0,0,0,0,0.0006504346302,0,0,0,0,0.4594339107,0,0,0,0,0,0.1737323134,0.09701889561,0,0.2306240129,0,0,0,0,0,0,0,0,0,0,0,0,-0.3418054604,0,0,0,0,0.001676674862,0,0,0,0,0.7177584962,0,0,0,0.1513590355,-0.9131516446,0,0,-0.01944517183,0,0.01305634304,0,0,0,0,0,0,0,0,0,-0.5756885166,0,0,-0.00372317122,0,0,0,0,0,0,0.216929645,0,0,0,0.2932635334,-0.008435325142,0,0,-0.5562433448,0,0,-0.3548618035,0,0,0,0,0,0,0,0,0,0,0,0,0,0,0,0.1513590355,0,0.2932635334,0,0.7177584962,0,0.216929645,0
1,2,2,4,0,1500,500,v1,0,0,0,0,0,0,0,0,0,0,0,0,0,0.01633041088,0,0,0,0,0.09054289616,0,0,0,0,0,0.006750674648,0.003015774284,0,0.01354123696,0,0,0.01672076348,0,0,0,0,0,0.007072299515,0,0,0.01418638707,0,0,0,0,0,0,0,0,0.1402871782,0,0.06267143454,0.2814032702,0,0,0,0,0,0.3474776741,0,0,0,0,0,0,0,0,0,0.2310819211,0,0.1229423893,0,0.4630081277,0,0.6810874452,0,-0.4293351215,0,-0.1066847681,0,0,0,0,0.4630081277,0,0,0,0.2310819211,0,0,0,-0.9587898549,-0.0202550141,-0.01970171985,0,0,0,0,0,0,0,0,0,0,0,0,-0.4415066681,-0.02122003116,0,0,0,0,0,0.6810874452,0,0,0,0.1229423893,0,0,0,-0.1678615333,-0.421251654,0,-0.4096334017,0,0,0,0,0,0,0,0,0,0,0
1,2,2,4,1,1500,500,v1,0,0,0,0,0,0,0,0,0,0,0,0,0,0,0.09945997449,0,0,0,0,0,0,0.1327568977,0,0,0,0,0.1896923464,0,0,0,0,0,0,0.2531970026,0,0,0,0,0.1391540876,0,0,0,0,0,0,0.1857396913,0,0,0,0,0,0,0,0,0,0,0,0,0,0,0,0,0,0,0,0,0,0,0,0,-0.08544528466,0,0,0,-0.1093740324,-0.08336536656,0,0,0.2132449113,0,0,0,0,0,0,0,0,0,0,0,0.5112908448,0,0,-0.3814113001,0,0,0,0,0,0,0,0,0,0,0,-0.1681663888,0,0,0.2980459336,0,0,0,0,0,0,0,0,0,0,0,0,0,0,0,0,0,0,-0.1093740324,0,0,0,-0.08544528466,0,0,0
1,2,2,4,4,1500,500,v1,0,0,0,0,0.03340215979,0,0,0.07598862792,0,0,0,0,0,0,0,0,0.008668251275,0,0,0.01971993802,0,0,0,0,0,0,0,0,0,0,0,0,0,0,0,0,0,0,0,0,0,0,0,0,0,0,0,0,0,0,0,0,0,0,0,0,0.2632766889,0,0,0.5989443341,-0.7601134105,0,0,0,0.1018239023,0,0,0,0,0,0,0,0,0,0,-0.6847140022,0,0,0,0.02642449399,0,0,0,0,0,0,0,0,0,0,0,0,0,0,0,0,0,0,0,0.2928178562,0,0,0,0.6946164061,0,0,0,0,0,0,0,0,0,0,0.6946164061,0,0,0,0.2928178562,0,0.1282483962,0,0,0,0,0,-0.7865379045,0,0,0,0,0,0,0,0
1,2,2,4,2,1500,500,v1,0,0,0.0003813379635,0,0,0,0,0,0,0.0007646050047,0,0,0,0,0,0,0,0,0,0,0,0,0,0,0,0,0,0,0,0.177017661,0,0,0,0,0.3549308029,0,0,0,0,0,0,0.1553732018,0,0,0,0,0.3115323913,0,0,0,0,0,0,0,0,0,0,0,0,0,-0.03790196415,0,0,0.00105800513,0,0,0,0,0,0,0,0,0,0,0,0,0,0,0,0,0,0,0,0,0,0.01308754689,0,0,0,0.04217839164,0.4308419038,0,0,0,0,-0.4676858628,0,0,0,0,0,0,0,0,0,-0.4666278577,0,0,0,0,0.4297838987,0,0,0,0,0,0,0,0,0,0,0,0,0,0,0,0,0,0.04217839164,0,0,0,0.01308754689,0,0
1,2,2,4,2,1500,500,v1,0,0.01303568479,0.1266765883,0,0,0,0.00436537895,0,0.1092808381,0.03002409561,0,0.03070106077,0,0,0,0,0,0,0,0,0.007759093373,0,0,0.002179818542,0,0,0,0,0.0008477096624,0.008237769599,0,0.0002838802852,0.007106525194,0,0.00195246482,0.001996487816,0,0,0,0,0,0.5295565311,0,0,0,0,0.1255121893,0,0,0,0,0,0,0.0003624926253,0,0,0,0,0.0001213912197,0,-0.5957602281,0,-0.01725818168,0.1455120908,0,0,-0.1394116121,0,0,0,0,0,0,0,0,-0.142818238,0,0,0,0,0,-0.009828985441,0,0,0.01973466883,0.539992474,0,0,0.006537568983,0.1151413496,-0.6131964222,0,0,0,0.0002224760268,0.009462641003,-0.003406625918,0,0,0,0,0,0,0,0,0.1549747318,0,0,0,0,-0.5917306143,0,0,0.006537568983,0,0.1797824555,0,0.01973466883,0,0.04918837972,-0.01703570565,0,0,0,0,-0.0004791195591,0,0,0.1151413496,0,0.04918837972,0,0.539992474,0,0.1797824555
1,2,2,4,1,1500,500,v1,0,0,0,0,0,0,0,0,0,0,0,0,0.1709022826,0,0,0.0288619844,0,0,0,0,0,0,0,0,0,0,0,0,0,0,0,0,0,0,0,0,0,0.04581429967,0,0,0,0,0.007737120784,0,0,0,0,0,0,0.6388032019,0,0,0,0,0.1078811106,0,0,0,0,0,0,0,0,0,0,0,0,0,0.5808191773,0,0,0,0.08459413313,0,0,-0.6294276401,0.1858187665,0,0,0,0,0,0,0,0,0,0,0,0,0,0,0,0,0,0,0,0,0.08459413313,0,0,0,0.5808191773,0,0,0,-0.4934218809,0,0.04981300731,0,0,0,0,0,0,0,0,0,0,0,0,0.2356317738,0,-0.6792406474,0,0,0,0,0,0,0,0,0,0,0,0
1,2,2,4,4,1500,500,v1,0,0,0,0,0,0,0,0,0,0,0,0,0,0,0,0,0,0,0,0,0,0,0,0,0.2550430175,0,0,0.5474966747,0,0,0,0,0,0,0,0,0.03109541965,0,0,0.06675202884,0,0,0,0,0,0,0,0,0.03165645819,0,0,0.06795640111,0,0,0,0,0,0,0,0,0,0,0,0,0,0,0,0.2521732616,0,0,0,0.5659235653,0,0,0,0,0,0,0,0,0,0,0.5659235653,0,0,0,0.2521732616,0,0,0,0.1836115845,-0.7290094691,0,0,0,0,0,0,0,0,0,0,0,0,0,-0.6363828793,0.0909849947,0,0,0,0,0,0,0,0,0,0,0,0,0,-0.6380244744,0.09262658982,0,0,0,0,0,0,0,0,0,0,0,0,0
1,2,2,4,1,1500,500,v1,0,0,0,0,0.122492462,0,0,0.3796209164,0,0,0,0,0,0,0,0,0.06273398762,0,0,0.1944212197,0,0,0,0,0,0,0,0,0,0,0,0,0,0,0,0,0,0,0,0,0,0,0,0,0,0,0,0,0,0,0,0,0,0,0,0,0.05872734103,0,0,0.1820040732,0.4592124357,0,0,0,-0.4409928148,0,0,0,0,0,0,0,0,0,0,-0.2189565485,0,0,0,0.2371761694,0,0,0,0,0,0,0,0,0,0,0,0,0,0,0,0,0,0,0,-0.01384162273,0,0,0,-0.01348780863,0,0,0,0,0,0,0,0,0,0,-0.01348780863,0,0,0,-0.01384162273,0,-0.2038166454,0,0,0,0,0,0.2220362664,0,0,0,0,0,0,0,0
1,2,2,4,3,1500,500,v1,0.0009225996695,0.01252327279,0,0.0002371701724,0.03988760517,0,0.003187810494,0.002952115016,0.008183116183,0,0,0.006353052562,0.0001150765145,0.001890688717,0.0002770487511,0.0001418268117,0.002094879083,0,0.0002514620248,0.0001550437529,0.0004297735814,2.550583562e-05,0,0.0003336594632,0.0001298743966,0.008214848265,0.001203748365,0.0008377547314,0.002857711304,0,0.001092576668,0.000727433015,0.001867322065,0.0001108202358,0,0.001449716094,0.0001055188082,0.0004062305187,0.0009780071836,0.0006806490202,0.000171048843,0,0.0005006614907,4.3971058e-05,0,9.003790979e-05,0,0,0.004664925698,0.01795921712,0.2950670631,0.03009110092,0.007561970773,0.1026454116,0.02213395597,0.001943935133,0.3269336793,0.03924398579,0.02612848301,0.02419663501,-0.4982714977,-0.001121549117,-0.01568367814,0,-0.04276529783,0,-0.01452068364,0.00402493533,0.01958034462,0.4570906973,0.002054987934,0.03564030131,0.02493586504,0.06085922826,0.0001361306159,-0.7852408476,-7.24893834e-06,-0.002138404216,-0.0002997015619,-0.002246014207,0,-0.0007620495852,0.03564030131,0.01222856463,0.1767574059,0,0.00402493533,0.003134838129,0.04503910556,0,-0.52203218,-0.0001468251947,-0.009291146664,-0.001302218811,-0.003578890682,0,-0.003311027171,0.02493586504,0.003134838129,0.5525611751,0,0.01958034462,0.01222856463,0.04093232972,0,-0.06947901254,0.0006541388152,0.000761221233,0.0001411746737,9.849941374e-05,0,0,0.06085922826,0.04503910556,0.04093232972,0.01570624499,0.4570906973,0.1767574059,0.5525611751,0.0121843956,-0.07546519553,-0.02695080471,-0.0304314454,-0.3338703995,-0.009219218801,-0.1286017721,-0.3506510245,0.0001361306159,0,0,0.0121843956,0.002054987934,0,0,0.01570624499
1,2,2,4,1,1500,500,v1,0,0,0,0,0,0,0,0,0,0,0,0,0,0.5409935307,0,0,0,0,0.1519566492,0,0,0,0,0,0,0.007835431512,0,0,0,0,0.002200850565,0,0,0,0,0,0,0,0,0,0,0,0,0,0,0,0,0,0,0,0.2318816089,0,0,0,0,0,0,0.06513192913,0,0,0,0,0,0,0,0,0,0,0,0.4084297582,0,0,0,0.1020831474,0,0.2850575829,0,-0.62539952,0,0,0,0,0,0,0,0,0,0,0,0,-0.3496597144,0,0.009317777347,0,0,0,0,0,0,0,0,0,0,0,0,0,0,0,0,0,0,0,0.1020831474,0,0,0,0.4084297582,0,0,0,-0.6160817427,0,0,0.2757398056,0,0,0,0,0,0,0,0,0,0,0
1,2,2,4,0,1500,500,v1,0.002971500151,0,0,0.003033385009,0.01165787708,1.141841492e-05,0,0.0009278915504,4.784373573e-06,0,1.272545854e-06,4.578408002e-05,0.002425692888,0,0.09893839531,0.07503396551,0.01708510085,1.673415916e-05,0,0.00135986343,7.011697277e-06,0.009820930317,1.864968561e-06,6.709846217e-05,0,0,0.1994264314,0,0,0,0,0,1.413321655e-05,0.01979568276,0,0.0001352478663,0,0.005081365271,0.2072571216,0,0.009122595774,0,0.1571818874,0.009312584169,3.505488085e-05,0.02057298122,0,3.906754447e-06,0,0.00344377254,0,0,0.006182618871,0,0.1065262265,0.006311378916,0.02425583281,0,0,0.001930607276,-0.02899498712,0.001126446462,0,0,0.01037109751,7.025917318e-06,2.672613661e-05,0,0.01640357204,0,0.7574639394,0,0.5072859478,0,0.07515963736,-0.7260885589,-0.07732827167,0,-0.1085412032,0.002486943208,-1.842375853e-05,-7.362915975e-05,0,0.008996608358,0,0,0,0.009167309557,0,0,-0.3362216135,0,0,-0.218907674,0,0,-0.0001484371662,0.5072859478,0.009167309557,0.007771941715,6.748335939e-05,0.01640357204,0.008996608358,-0.0001083215041,7.504868563e-06,-0.5175061755,0,-0.1620099611,-0.2276335072,-0.009179763686,0,-3.859431075e-05,0,0,-0.0001083215041,2.750544362e-05,0,0,0.007771941715,0.0002655048403,-0.2345335093,0,-0.1097881138,0,-0.004055961386,0,-0.01796712086,0.07515963736,0,7.504868563e-06,0.0002655048403,0.7574639394,0,6.748335939e-05,2.750544362e-05
1,2,2,4,3,1500,500,v1,0.008042595627,0.007640487435,0.02593726568,9.728393835e-05,0,0,0.009641564982,0,0,0.102725554,0,0,0.002867215783,0.003192053442,0.03473974601,0.007530817057,0,0,0.008022202967,0,0,0.0008379960593,0,0,0,0.001981549017,0.02156558805,0,0.0121856541,0.04136680424,0.004979988178,0.01537713096,0,0.0005202075398,0.1638348443,0,0,0.003438814527,0.04166534795,0,0.02478207813,0.07992187775,0.009032136069,0.0002997661791,0,0.001005056208,0.3165337192,0,0,0.001656975651,0.001844700654,0,0.01194112091,0.01134409692,0.004352089776,0.0001444408402,0,0.00463606369,0.01431516621,0,-0.2379182245,-0.008061016892,-0.01725036469,0.1183949831,0,0,0,0,0.008133431226,0.01050995769,0.1308475652,0,0.02462664501,0.02642167359,0.001879849561,-0.07791309775,-0.01037812447,-0.01120349846,-0.03545136087,0,0,0,0,0.05513151001,0.04667774652,0.004189478035,0,0.0001968871018,0.05891892245,0.05213739033,-0.3535427822,0,-0.006948739486,-0.02183618009,-0.02752650384,0.18879915,0,0.02462664501,0.0001968871018,0,0,0.008133431226,0.05513151001,0,0,0.2134999204,0,-0.005464368914,-0.03119740225,-0.01685460819,-0.3447453787,0,0.02642167359,0.05891892245,0,0,0.01050995769,0.04667774652,0,0,-0.1036872249,0,-0.005997557437,-0.006468849576,-0.01196997299,-0.02562091079,0,0.001879849561,0.05213739033,0,0,0.1308475652,0.004189478035,0,0
1,2,2,4,3,1500,500,v1,0,0,0,0,0.3915952782,0,0,0.01176623616,0,0,0,0,0,0,0,0,0.3406308375,0,0,0.01023491114,0,0,0,0,0,0,0,0,0,0,0,0,0,0,0,0,0,0,0,0,0,0,0,0,0,0,0,0,0,0,0,0,0,0,0,0,0.238603436,0,0,0.007169300889,-0.5956589479,0,0,0,-0.4027492477,0,0,0,0,0,0,0,0,0,0,-0.6481003208,0,0,0,-0.3503078747,0,0,0,0,0,0,0,0,0,0,0,0,0,0,0,0,0,0,0,1.453917558,0,0,0,0.04369473486,0,0,0,0,0,0,0,0,0,0,0.04369473486,0,0,0,1.453917558,0,-0.7530571224,0,0,0,0,0,-0.2453510732,0,0,0,0,0,0,0,0
1,2,2,4,1,1500,500,v1,0,0,0.003040324363,0,0,0.002274475796,0,0,0.0007026900418,0.01588436131,0.01545923135,0.0002718135927,0.004714504779,0.01059577509,0,0.03331355256,0,0.004034706232,0.0006587234632,0,0.001246506072,0,0.02742322304,0.0004821717596,0.09526632541,0.05118022536,0,0.05943555322,0,0.02605073505,0.003181797935,0,0.006020933925,0,0.1361036648,0.002329009356,0.06965605909,0.01665041371,0,0.04345760571,0,0.01904756515,0.1176548669,0,0.01424954075,0,0.09951517366,0.0968517438,0.005638794747,0.001347883682,0.003029347303,0.003517978507,0,0,0.009524392483,0,0,0.0001883299834,0,0,-0.3566431832,0,0,-0.01889173678,0,-0.003077558051,-0.0009674007951,0.2554259576,0.01493513623,0.05736255403,0,0.1594492934,0.1208170365,0.003019404018,0,-0.2717854305,0.03154900173,0.001443452245,0,0,0.02746794866,0.0001704562036,0.1594492934,0,0,0.07212647815,0.2554259576,0,0,0.3766456134,-0.2605012773,-0.1545310064,-0.03985683323,0,0,-0.1619273614,-0.008302480434,0.1208170365,0,0,0.01134467535,0.01493513623,0,0,0.09560391373,-0.2925817292,-0.1129122921,-0.1180196354,0,0,-0.1183622962,-0.09568945,0.003019404018,0,0,0.009970846463,0.05736255403,0,0,0.003678291075,-0.3923273131,-0.009140202218,-0.004030814781,-0.001841257719,0,0,0,0,0.3766456134,0.09560391373,0.003678291075,0,0.07212647815,0.01134467535,0.009970846463
1,2,2,4,1,1500,500,v1,0,0,0.1876969243,0,0,0,0,0,0,0.3400237093,0,0,0,0,0,0,0,0,0,0,0,0,0,0,0,0,0,0,0,0.1381165258,0,0,0,0,0.2502059829,0,0,0,0,0,0,0.02986133752,0,0,0,0,0.05409552013,0,0,0,0,0,0,0,0,0,0,0,0,0,-0.4714425216,0,0,-0.5271716041,0,0,0,0,0,0,0,0,0,0,0,0,0,0,0,0,0,0,0,0,0,0.5329471428,0,0,0,0.9649740458,-0.6109740923,0,0,0,0,-0.3876400334,0,0,0,0,0,0,0,0,0,-0.9148116375,0,0,0,0,-0.0838024882,0,0,0,0,0,0,0,0,0,0,0,0,0,0,0,0,0,0.9649740458,0,0,0,0.5329471428,0,0
1,2,2,4,4,1500,500,v1,0.1875217794,0.007962983099,0.01756544277,0.04305362905,0,0,0.02974413721,0,0.0963440004,0.0831257971,0,0.05968326964,0,0,0,0,0,0,0,0,0.0007751585684,0,0,0.0004801959402,0.03480147355,0,0,0.02190660664,0.006934520276,0.01529676976,0,0.02590251919,0.08390064576,0,0.07238964572,0.05197484892,0.01538173008,0,0,0.009682392039,0.07217717781,0.006760943133,0,0.01657135214,0,0,0.03199513922,0,0.0009670468182,0,0,0.000608730381,0.004537767194,0.0001926931559,0,0.001041838159,0,0,0.000719766901,0,-0.2092271455,-0.1946332704,-0.03747950748,-0.100635959,0,0,-0.1558410946,0.07469962947,0,0,0,0.04674031112,0,0,0,-0.2914881354,0,0,0,0,0,-0.001253078412,0.04674031112,0.1381871221,0.02201367456,0.05933621291,0.07469962947,0.02446954768,0.08269011942,0.2809169679,-0.3582376387,-0.05639762605,0,0,-0.0325377818,-0.08751907005,-0.1356470409,0,0.02446954768,0,0,0,0.1381871221,0,0,-0.4338490714,-0.02480050242,0,0,0.08109680451,-0.03868042485,0,0,0.08269011942,0,0.2710893935,0,0.02201367456,0,0.1680224272,-0.2647518836,0.0002381680833,0,0,0.005098686014,0.0002147599635,0,0,0.2809169679,0,0.1680224272,0,0.05933621291,0,0.2710893935
1,2,2,4,0,1500,500,v1,0,0.06504426826,0.004992158743,0,0,0,0.2736642056,0,2.514418065e-05,0.002417807236,0,0.09882806615,0,0,0,0,0,0,0,0,3.645704902e-06,0,0,0.01432927842,0,0,0,0,0.04958959433,0.003806009869,0,0.2086409349,1.91698631e-05,0,0.001843330446,0.07534628093,0,0,0,0,0,0.002468154217,0,0,0,0,0.00119537888,0,0,0,0,0,0,0.0379821701,0,0,0,0,0.1598044022,0,0.3185753091,0,-0.2875552527,-0.002210647089,0,0,-0.08218879961,0,0,0,0,0,0,0,0,-0.1573326029,0,0,0,0,0,-0.01416826987,0,0,-0.04343402851,0.01204667343,0,0,-0.1509061128,0.005111244165,-0.20873806,0,0,0,0.2361020506,-0.005599577546,-0.0751438033,0,0,0,0,0,0,0,0,-0.007810224635,0,0,0,0,-0.003628387098,0,0,-0.1509061128,0,1.347183754e-05,0,-0.04343402851,0,0.2572378373,-0.05145320213,0,0,0,0,0.1810132963,0,0,0.005111244165,0,0.2572378373,0,0.01204667343,0,1.347183754e-05
1,2,2,4,4,1500,500,v1,0,0,0,0,0,0,0,0,0,0,0,0,0,0,0,0,0,0,0,0,0,0,0,0,0.2898747799,0,0,0.4428034695,0,0,0,0,0,0,0,0,0.02209503399,0,0,0.0337516693,0,0,0,0,0,0,0,0,0.0836673981,0,0,0.1278076491,0,0,0,0,0,0,0,0,0,0,0,0,0,0,0,0.2407027535,0,0,0,0.3787155084,0,0,0,0,0,0,0,0,0,0,0.3787155084,0,0,0,0.2407027535,0,0,0,0.2481688597,-0.6611143676,0,0,0,0,0,0,0,0,0,0,0,0,0,-0.4647909445,0.05184543662,0,0,0,0,0,0,0,0,0,0,0,0,0,-0.609268931,0.1963234231,0,0,0,0,0,0,0,0,0,0,0,0,0
1,2,2,4,1,1500,500,v1,0.02248563279,0.1198093466,0,0.05817145019,0,0.01308870021,0.01521058511,0,0.008245552305,0,0.02387546585,0.002292982804,0,0,0.008570968957,0,0,0.004992653046,0,0,0.003145245988,0.02012363601,0.009107238712,0.0008746527459,0.01491161762,0,0.01940240345,0.2813874858,0.103454926,0,0,0.01313428378,0.007120003808,0.04555458162,0,0.00197998214,0.003946518359,0,0.005135052639,0.07447219386,0.00513872004,0,0,0.01329412428,0.002991206283,0.01205650502,0,0.005456343433,0.002489823821,0,0,0.04698385398,0.003241973406,0.01727408426,0,0.008387146417,0,0,0.002193058691,0,-0.174460701,-0.08055376493,-0.1349661457,0,0,-0.01861675479,-0.01045774121,0.0319689314,0,0,0.01015879879,0.6038285053,0,0,0.02813519354,-0.08949336663,0,0,0.02428488991,0,0.002577346527,-0.0006359937592,0.6038285053,0.04626078771,0.3604006586,0,0.0319689314,0.1195835218,0.04573099985,0,-0.2680404345,-0.296231045,0,-0.05061123738,-0.1163597431,0,-0.009020415478,0,0.1195835218,0,0.008919520268,0,0.04626078771,0,0.01751594765,-0.4801329276,-0.07826022393,0,0.0007970192416,-0.01840043501,0,-0.001584237019,0,0.04573099985,0,0.02399257773,0,0.3604006586,0,0.006178647948,-0.7247713577,-0.04937368893,0,0,-0.01160867307,-0.0194285501,0,0.02813519354,0,0.01751594765,0.006178647948,0.01015879879,0,0.008919520268,0.02399257773
1,2,2,4,3,1500,500,v1,0,0,0,0,0.2211942863,0,0,0.1158709934,0.04253889214,0,0,0.01405381156,0,0,0,0,0.0005095255397,0,0,0.0002669111912,9.798920367e-05,0,0,3.237324091e-05,0,0,0,0,0,0,0,0,0.0001640430738,0,0,5.419582718e-05,0,0,0,0,0,0,0,0,0,0,0,0,0,0,0,0,0,0,0,0,0.3971650172,0,0,0.2080519613,-0.6057263324,0,0,0,-0.3364644974,0,-0.05655639673,0,0,0,0,0,0,0,0,-0.9978421055,0,0,0,-0.0007750086875,0,-0.0001301123979,0,0,0,0,0,0,0,0,-0.05668650913,0,0,0,0,0,-0.0002178202994,0,0,0.9268889483,0,0,0,0.4858753974,0,0,0,0,0,0,0,0,0,0,0.4858753974,0.06418092801,0,0,0.9268889483,0.02117556613,-0.3372395061,0,0,0,0,0,-0.6046033911,0,0,0,0.02117556613,0,0,0,0.06418092801
1,2,2,4,2,1500,500,v1,0,0,0,0,0.003741510549,0,0,0.02770443194,0,0,0,0,0.03012595119,0.05276827477,0,0.02876993565,0.003540498565,0,0.1855155341,0.02621601629,0,0,0,0,0,0.1115892227,0,0,0,0,0.3923102346,0,0,0,0,0,0,0.02429404989,0,0,0,0,0.02320053723,0,0,0,0,0,0,0.008313786548,0.01456233432,0,0,0,0.00793957019,0,0.0009770629036,0.05119627733,0,0.007234771185,-0.03790628958,0,0,0,-0.03139554949,0,0,0,0.09394513026,0.04679262301,0,0,0.08975504002,0.2011272753,0,-0.4887104342,-0.05883287516,0.2202031583,0,-0.02970840038,0,0,0,0,0,0,0,0,0,0,0.28097661,0,-0.4462565422,0,0,0,0,0.08975504002,0,0.01237156825,0,0.09394513026,0,0.09158119035,0,-0.07505661556,0,-0.04741016463,0,0,0,0,0.2011272753,0,0.09158119035,0,0.04679262301,0,0.01237156825,0,-0.3934003735,0,-0.0162237404,0.06077345165,0,0,-0.008197889201,0,0,0,0,0,0,0,0
1,2,2,4,2,1500,500,v1,0,0.08929215748,0,0,0,0,0.05320067782,0,0,0,0,0,0,0.1945537307,0,0,0,0,0.3302086854,0,0,0,0,0,0,0.09781695831,0,0,0.0132476332,0,0.166021022,0.007893000746,0,0,0,0,0,0,0,0,0,0,0,0,0,0,0,0,0,0,0.01639539858,0,0,0.002220476185,0,0,0,0.02782728962,0.001322969917,0,0.002892578235,0,-0.1175015508,0,0,0,0,0,0,0.1078876096,0,0,0,0.1929337218,0,0.2689125194,0,-0.4694600737,0,0,0,0,0,0,0.108574337,0,0,0,0.06333912186,0,-0.5633182861,0,0.2429059959,0,0.005255763369,0,0,0,0,0,0,0,0,0,0,0,0,0,0,0,0,0,0.1929337218,0.06333912186,0,0,0.1078876096,0.108574337,0,0,-0.3387998652,0,0,0.02600652351,0,-0.002363185133,0,0,0,0,0,0,0,0,0
1,2,2,4,4,1500,500,v1,0,0,0,0,0,0.009560044725,0,0,0,0,0.16359272,0,0.000158381606,0,0,8.922269079e-05,0,0.01714538974,0,0,0,0,0.2933941235,0,0,0,0,0,0,0,0,0,0,0,0,0,0,0.0002629882682,0,0,0,0,0.0001481518058,0,0.02846944459,0,0,0.4871728126,0,4.298846477e-06,0,0,0,0,2.42171209e-06,0,0,0,0,0,-0.8254420787,0,0,0,0,-0.1728021039,0,0,-0.0003011957642,0,0,0,-0.000182150802,0,0,-0.6881452222,0.0001351348642,0,0,0,-0.3099118642,0,0,0,0,0,0,0,0,0,0,0,0,0,0,0,0,-0.000182150802,0,0,0.08262540791,-0.0003011957642,0,0,1.414740866,-0.4825747557,0,0.0001830186683,0,0,0,-0.5155302145,0,0,0,0,0,0,0,0,0.0003181535325,0,4.077511666e-06,0,0,0,0,0,0,1.414740866,0,0,0,0.08262540791,0
1,2,2,4,1,1500,500,v1,0,0,0,0,0.001541450179,0,0,0.005469827683,0.02342568025,0,0,0.09294577822,0.08069052509,0.00838564843,0.02976989946,0.07542373157,0.0012490953,0,0.01856185246,0.004432407966,0.01898271349,0.01177596436,0,0.07531747463,0.2171171918,0.006114989275,0.02170882996,0.02291470609,0,0,0.01353568894,0,0.01384258956,0.008587278176,0,0.05492306927,0.1091646456,0.02958485103,0.01091501189,0.01152131597,0,0,0.02765380272,0,0,0.004317609172,0,0,7.264972422e-05,1.968889522e-05,2.046140524e-06,7.667504652e-06,0,0,1.840377103e-05,0,3.047855551e-07,4.529185648e-06,0,1.081529906e-06,0.1422370007,0,0,0,-0.006948921295,0,-0.08590079929,0.4887616397,0.1430399966,0.01527550804,0.08032322895,0.05161715794,0.133055954,0.03794644169,0.02904611374,-0.1533795988,-0.1269021819,-0.01598158212,-0.0277117844,-0.001437413927,0,0.08234167932,0.05161715794,0,0,0,0.4887616397,0,0,0,-0.1828887468,-0.2396906527,-0.01949320908,-0.03013323809,0,0,0.06133410801,0.133055954,0,0.002240232471,0,0.1430399966,0,0.01034132942,0,-0.4245560512,-0.120481701,-0.05712376903,-0.01506787264,0,0,0,0.03794644169,0,0.01034132942,-0.02093054038,0.01527550804,0,0.002240232471,-0.06573194167,-0.5880594311,-8.017801928e-05,-3.801607738e-05,-6.508623353e-06,0,0,-1.372705924e-06,0.02904611374,0,0,-0.06573194167,0.08032322895,0,0,-0.02093054038
1,2,2,4,2,1500,500,v1,0.01829729046,0.01830344458,0,0.0320790533,0.01421107782,0.01512508218,0.01462021288,0.006356151711,0.001302251593,0,0.003594939709,0.0004189872405,0.03577629218,0,0.0001173306302,0.1277382033,0.009283086652,0.009880140709,0,0.004152021955,0.0008506683682,0.007973770821,0.002348318492,0.0002736945719,0.03753746552,0,0.0001435800898,0.006765572052,0.01463123657,0,0,0.01168696922,0.001040981715,0.009757679886,0,0.000334926107,0.002018568641,0.002354272456,7.720986557e-06,0.000363817093,0.0007865268666,0,0.008405860846,0.001378949376,0.0006501664013,0.0005247170088,0,0.0001545319877,0.06635043588,0.07738503437,0,0.0119586831,0.02585317109,0.02586186656,0.2763009985,0.04532612383,0.02007955369,0,0.02065764139,0.008980929607,-0.1471914381,-0.05028205564,-0.002526166324,0,-0.02052883299,-0.01870650241,-0.001711686966,0.04488182132,0.1729914216,0,8.852697486e-05,0.005946946349,0.618186217,0,0.0203248384,-0.4403913957,-0.1631945422,0,-0.008061025329,-0.01341000057,-0.01220526472,-0.001118062237,0.005946946349,0.06729416645,0.01693399255,0,0.04488182132,0.1180539099,0.01315852263,0,-0.04821467563,-0.01517676231,0,-0.00501884183,-0.001975901583,0,0.0001999664863,0.618186217,0.1180539099,0.06527723835,0.03844091596,0.1729914216,0.06729416645,0.02918511286,0.009131490948,-0.7158831992,-0.0001109814505,-0.01073903411,-0.0005290430919,-0.002161407908,0,-0.0008031708176,0,0.01315852263,0.02918511286,0.003083300604,0,0.01693399255,0.06527723835,0.0008613734708,-0.2801056851,-0.01859810135,-0.3535181827,0,-0.07112192066,-0.01555960888,-0.02903606725,0.0203248384,0,0.009131490948,0.0008613734708,8.852697486e-05,0,0.03844091596,0.003083300604
1,2,2,4,0,1500,500,v1,0,0.05572010964,0.13756184,0,0,0,0.2251089717,0,0.01121721777,0.1962043099,0,0.02957323561,0,0,0,0,0,0,0,0,0.000302375684,0,0,0.000797187639,0,0,0,0,0.02124867481,0.05245874108,0,0.08584454278,0.004277647947,0,0.07482184806,0.01127765309,0,0,0,0,0,0.001483169277,0,0,0,0,0.002115442803,0,0,0,0,0,0,0.01785458714,0,0,0,0,0.07213244511,0,0.0337257476,0,-0.2390039747,-0.28953235,0,0,-0.02712783647,0,0,0,0,0,0,0,0,-0.04259459165,0,0,0,0,0,-0.001087745874,0,0,0.01128500132,0.2566160561,0,0,0.07656950809,0.3729135485,-0.4779247886,0,0,0,0.09804775057,-0.1265946203,-0.01546675518,0,0,0,0,0,0,0,0,-0.4161269703,0,0,0,0,-0.003559432783,0,0,0.07656950809,0,0.01604985785,0,0.01128500132,0,0.04947364844,-0.1409562241,0,0,0,0,0.08238655118,0,0,0.3729135485,0,0.04947364844,0,0.2566160561,0,0.01604985785
1,2,2,4,3,1500,500,v1,0,0.008985959635,0,0,0.0001518948945,0,0.01139260343,0.003876584045,0.0003444737267,0,0,0.001008971978,0.002228597713,0.002227111897,0.003597745056,0.002374843736,0.0001202468429,0,0.007516201362,0.003068878608,0.000272700924,0.0001236744055,0,0.000798747682,6.452798674e-05,0.0004640357158,0.0007496175673,0.0001298227867,0.001482191574,0,0.001566057765,0.001879156094,5.681931323e-05,2.576850376e-05,0,0.0001664251594,0.0001268192312,0.0009125949306,0.00147325104,0.0002551455088,0,0,0.0009724816378,0,0,5.064379041e-05,0,0,0.008427207514,0.06064243397,0.06060200339,0.01695455908,0,0.1935708303,0.06462193853,0,0.003272040165,0.204523563,0.2454134889,0.08350734064,-0.5332369823,0,-0.02034005503,0,-0.004020400677,0,-0.001351245144,0.01153370231,0.06865882513,0.09478649028,0.006496652014,0.02348367987,0.07373088665,0.3203294079,0.000182494201,-0.4587316724,0.003670381098,-0.009724275094,-0.003686095722,-0.003182730335,0,-0.001069684652,0.02348367987,0,0.3055920431,0,0.01153370231,0,0.3879296221,0,-0.7629860571,-0.0001751923954,-0.002026126734,-0.0007679521054,-0.00335499595,0,-0.0002228692968,0.07373088665,0,0.005307446938,0,0.06865882513,0,0.135628214,0,-0.1246450326,0.0002228194864,0.001696769269,1.283683899e-06,0,0,0,0.3203294079,0.3879296221,0.135628214,0.00100940412,0.09478649028,0.3055920431,0.005307446938,0.002956294518,-0.03723380636,-0.02339254854,-0.1002936249,-0.2649935303,0,-0.4386527258,-0.08675397626,0.000182494201,0,0,0.002956294518,0.006496652014,0,0,0.00100940412
1,2,2,4,4,1500,500,v1,0,0,0,0,0.01955814178,0,0,0.1183703905,0,0,0,0,0.05755142121,0.5819741111,0,0.004566176405,0.006745936738,0,0.01117995767,0.04082796695,0,0,0,0,0,0.01406648899,0,0,0,0,0.0002702229334,0,0,0,0,0,0,0.07185014385,0,0,0,0,0.005700648648,0,0,0,0,0,0,0.005513900056,0.05575791208,0,0,0,0.0004374772995,0,0.0006463162885,0.001071132006,0,0.003911655429,-0.028656809,0,0,0,-0.1288269131,0,0,0,0.04500761268,0.795395195,0,0,0.001152659831,0.01438852711,0,-0.1376038217,0.02151589384,-0.57946422,0,-0.03256090402,0,0,0,0,0,0,0,0,0,0,-0.5284172242,0,-0.01143859061,0,0,0,0,0.001152659831,0,0.0320003761,0,0.04500761268,0,0.2042252071,0,0.02673392407,0,-0.05750743908,0,0,0,0,0.01438852711,0,0.2042252071,0,0.795395195,0,0.0320003761,0,-0.788282173,0,0.005218030229,0.05104699584,0,0,0.003904095026,0,0,0,0,0,0,0,0
1,2,2,4,0,1500,500,v1,0,0,0,0,0,0.2749496114,0,0,0,0,0.3345564249,0,0,0,0.03158496633,0,0,0.03516593401,0,0,0,0.0126991913,0.04278961917,0,0,0,0.1820582276,0,0,0,0,0,0,0.07319913643,0,0,0,0,0.003358207348,0,0,0,0,0,0.003738946458,0.001350215703,0,0.004549519287,0,0,0,0,0,0,0,0,0,0,0,0,0.07993902693,0,0,0,0,-0.5464155989,0,0,0,0,0.3253467145,0,0,0,0.13066141,-0.7985398744,0,0,-0.04419861515,0,0.07225650129,0,0,0,0,0,0,0,0,0,-0.04889794307,0,0,-0.2551074733,0,0,0,0,0,0,0.3137012178,0,0,0,0.3860136401,-0.773465186,0,0,-0.004699327921,0,0,0.007682525636,0,0,0,0,0,0,0,0,0,0,0,0,0,0,0,0.13066141,0,0.3860136401,0,0.3253467145,0,0.3137012178,0
1,2,2,4,2,1500,500,v1,0,0,0,0,0,0,0,0,0.03023634987,0,0,0.0693641139,0,0.005556308774,0.0217763043,0,0,0,0.005304106707,0,0.01081080642,0.007652217218,0,0.02480067903,0,0.05499204873,0.215525025,0,0,0,0.05249594764,0,0.1069970043,0.07573573018,0,0.245457948,0,0,0.02303963307,0,0,0,0,0,0,0.008096152332,0,0,0,0,0.02156933063,0,0,0,0,0,0,0.020590294,0,0,-0.2727657035,0,0,0,0,0,0.09157987139,0,0,0.1048632872,0.3516251273,0,0,0.09956947769,0.1154443837,-0.6216732857,0,-0.01074542548,-0.02917908122,0,0,0.03274377631,0,0,0,0,0,0,0,0,0.01160972454,0,-0.08365636568,-0.2512978951,0,0,-0.3055094799,0,0,0,0,0,0,0,0,-0.2804769763,0,0,-0.03090269766,0,0,0,0.09956947769,0,0,0.07718913539,0.1048632872,0,0,0.1945896129,-0.09440179116,0,0,-0.04188671878,0,0,0,0.1154443837,0,0,0.1945896129,0.3516251273,0,0,0.07718913539
1,2,2,4,2,1500,500,v1,0,0.03412830088,0.08096255692,0,0.004195509946,6.099532215e-07,0.07817997014,0.001684800352,0.05256924562,0.02410183159,1.253450728e-05,0.007640394701,0.00563624804,0.0599499535,0.005313640796,0.1006782975,0.006680671001,9.712518505e-07,0.04201622873,0.002682772058,0.08370802103,0.005512211043,1.995917549e-05,0.01216609279,0.0006164454818,0.01942885529,0.001722069027,9.516237516e-05,0.01761198714,0.04178091129,0.01361681169,0.04034495107,0.02712847854,0.001786422581,0.0124378049,0.00394284303,4.799968663e-05,0.0001422303205,0.0001340893495,7.409842917e-06,0,0.003253281447,0.002540609713,0,2.450947172e-08,0.0001391002556,0.0009684728908,5.036683811e-07,0.0009752764693,0.002889891466,0.0307383312,0.0001505560962,0,0.0278638698,0.05162110514,0,0.003425401788,0.0215431152,0.06382962094,0.001375546289,-0.1154246219,0,-0.05456234087,-0.1044536703,-0.005869554295,-1.312260426e-05,-0.02823656033,0.001324044016,0.01298096925,0.09961733952,0.008293818604,0.0001654976095,0.2320606884,0.06851257231,0.008630714079,-0.1639646811,-0.1062815863,-0.06181026742,-0.01077185085,-0.009354151876,-2.08956255e-05,-0.04628392258,0.0001654976095,0,0.02159612861,0.1726347641,0.001324044016,0,0.05294175338,0.04803222776,-0.3471916828,0.0001803261426,-0.01880203535,-0.0002395725257,0.008839131367,-0.0384725564,-0.01718572736,0.2320606884,0,0.02142343842,2.404567913e-06,0.01298096925,0,0.008600359419,4.941372614e-05,-0.3155933362,-5.499527309e-05,-0.002677469655,-0.0002715984182,0,-0.004185101202,-5.272996e-07,0.06851257231,0.05294175338,0.008600359419,0.1213682526,0.09961733952,0.02159612861,0.02142343842,0.01619106279,-0.2503929436,-0.00111835862,-0.05440204909,-0.03147430512,0,-0.003968711825,-0.004792159052,0.008630714079,0.04803222776,4.941372614e-05,0.01619106279,0.008293818604,0.1726347641,2.404567913e-06,0.1213682526
1,2,2,4,3,1500,500,v1,0,0,0,0,0,0,0,0,0,0,0,0,0.01563836122,0,0,0.1620226725,0,0,0,0,0,0,0,0,0.02688016003,0,0,0.01976983486,0,0,0,0,0,0,0,0,0.01659516117,0.04792211601,0,0.01220541825,0,0,0.4965014685,0,0,0,0,0,0.005861469776,0.01692626132,0,0.00431099701,0,0,0.1753660794,0,0,0,0,0,0,0,0,0,0,0,0,0.06412728566,0.01016915554,0,0,0.04630048522,0.2072249299,0,0,-0.3095793545,0.1646499642,0,0,0,0,0,0.04630048522,0,0,0,0.06412728566,0,0,0,-0.02729002794,-0.04632848598,0,0,0,0,0,0.2072249299,0,0,0,0.01016915554,0,0,0,0.2864648102,-0.01722362263,-0.4877890918,0,0,0,0,0,0,0,0,0,0,0,0,-0.3866912363,-0.01006640532,0.1782097374,0,0,0,0,0,0,0,0,0,0,0,0
1,2,2,4,2,1500,500,v1,0,0,0.1401641723,0,0,0,0,0,0,0.3608844457,0,0,0,0,0,0,0,0,0,0,0,0,0,0,0,0,0,0,0,0.1229277776,0,0,0,0,0.3165054389,0,0,0,0,0,0,0.01664971045,0,0,0,0,0.0428684551,0,0,0,0,0,0,0,0,0,0,0,0,0,0.4581484958,0,0,-0.4376894612,0,0,0,0,0,0,0,0,0,0,0,0,0,0,0,0,0,0,0,0,0,-0.01502373525,0,0,0,-0.01566481656,-0.38279458,0,0,0,0,0.4032536145,0,0,0,0,0,0,0,0,0,-0.03443584672,0,0,0,0,0.05489488126,0,0,0,0,0,0,0,0,0,0,0,0,0,0,0,0,0,-0.01566481656,0,0,0,-0.01502373525,0,0
1,2,2,4,4,1500,500,v1,0,0,0,0,0.04448207911,0,0,0.05206870709,0,0,0,0,0.001876634682,0.3272096777,0,0.029846848,0.04820428075,0,0.0215346049,0.05642574774,0,0,0,0,0,0.09555631846,0,0,0,0,0.006288834666,0,0,0,0,0,0,0.002600217324,0,0,0,0,0.04135503406,0,0,0,0,0,0,0.001054382631,0.1838419615,0,0,0,0.01676937895,0,0.02708345788,0.01209916538,0,0.03170266911,-0.05942174664,0,0,0,-0.01950780686,0,0,0,0.00653014252,0.1837165047,0,0,0.121628433,0.008648744235,0,0.004775709314,-0.03139052324,-0.2447922867,0,-0.0212050025,0,0,0,0,0,0,0,0,0,0,-0.1392307859,0,0.01098728661,0,0,0,0,0.121628433,0,0.05429098639,0,0.00653014252,0,0.06410334385,0,-0.04176000477,0,-0.04367904556,0,0,0,0,0.008648744235,0,0.06410334385,0,0.1837165047,0,0.05429098639,0,-0.3495873783,0,-0.01036948153,0.1055615008,0,0,-0.03821674414,0,0,0,0,0,0,0,0
1,2,2,4,4,1500,500,v1,0,0,0,0,0,0,0,0,0,0,0,0,0,0,0,0,0,0,0,0,0,0,0,0,0.2065857721,0,0,0.02912852028,0,0,0,0,0,0,0,0,0.4559655568,0,0,0.06429098108,0,0,0,0,0,0,0,0,0.2138731341,0,0,0.03015603572,0,0,0,0,0,0,0,0,0,0,0,0,0,0,0,0.03254599326,0,0,0,-0.005375294953,0,0,0,0,0,0,0,0,0,0,-0.005375294953,0,0,0,0.03254599326,0,0,0,-0.2360620937,0.2179482948,0,0,0,0,0,0,0,0,0,0,0,0,0,0.4435838309,-0.4616976297,0,0,0,0,0,0,0,0,0,0,0,0,0,-0.2437493349,0.225635536,0,0,0,0,0,0,0,0,0,0,0,0,0
1,2,2,4,2,1500,500,v1,0,0,0,0,0,0,0,0,0,0,0,0,0,0.2795424046,0,0,0,0,0.404341377,0,0,0,0,0,0,0.09881018788,0,0,0,0,0.1429230298,0,0,0,0,0,0,0,0,0,0,0,0,0,0,0,0,0,0,0,0.03040458548,0,0,0,0,0,0,0.04397841528,0,0,0,0,0,0,0,0,0,0,0,0.193190216,0,0,0,0.2883496502,0,0.2931286561,0,-0.6141552336,0,0,0,0,0,0,0,0,0,0,0,0,-0.5451812617,0,0.2241546843,0,0,0,0,0,0,0,0,0,0,0,0,0,0,0,0,0,0,0,0.2883496502,0,0,0,0.193190216,0,0,0,-0.3900005493,0,0,0.06897397185,0,0,0,0,0,0,0,0,0,0,0
1,2,2,4,0,1500,500,v1,0.6429772796,0,0,0.001502986422,0,0,0,0,0,0,0,0,0,0,0,0,0,0,0,0,0,0,0,0,0,0,0,0,0,0,0,0,0,0,0,0,0,0,0,0,0.3223831272,0,0,0.000753584113,0,0,0,0,0,0,0,0,0.03230750254,0,0,7.552014543e-05,0,0,0,0,0.3314842397,-0.5921694955,0,0,0,0,0,0,0,0,0,0,0,0,0,0,0,0,0,0,0,0,0,0.3919463062,0,0,0,-0.0009184224526,0,0,0,0,0,0,0,0,0,0,-0.0009184224526,0,0,0,0.3919463062,0,0,-0.5619719358,0,0,0,0.30128668,0,0,0,0,0,0,0,0,0,0,-0.2908828155,0,0,0,0.03019755968,0,0,0,0,0,0,0,0,0,0
1,2,2,4,2,1500,500,v1,0.004119707823,0,0.07311944395,0.002441937671,0.003204582559,0.0003941995586,0,0.01353401916,0.006151601483,0.001609258898,0.000560181419,0.000637058539,0.00249866469,0.05493125667,0.09143562144,0.0004585284798,0.008454554204,0.001040004891,0.0680747922,0.03570639748,0.01622958598,0.1016357442,0.001477909863,0.001680732467,0,0.01488516727,0.02477705048,0,0,0.05227406974,0.01844677748,0,0.004397862286,0.02754106032,0.001150480738,0.0004554416814,0,0.0007287599623,0.02666809208,0,0.003170021366,0.05626374722,0.0001337343098,0.001879015436,0.0003033275846,0.02964305752,0.00123828808,0.0004310468468,0,0.003282270325,0.07215823493,0,0.01427749547,0,0.0006023274866,0.008462919105,0.01110598492,0.08942371149,0,0.04690427224,-0.249809595,-0.006550082346,0,-0.07453232786,-0.0167097089,-0.0009527502314,-0.006720861355,0,0.009748317478,0.03990347317,0.1088688158,0,0.001789137203,0.05133904378,0.1219900881,-0.2016653456,-0.00295231279,0.04242023739,-0.1445943777,-0.04408713462,-0.002514190906,-0.01776393629,0,0.03229725269,0,0.254202543,0,0.01915555258,0,0.004160925064,-0.4164464602,0,0.02969892121,0.01575742222,0,-0.0404712735,-0.001324111376,0.001789137203,0.01915555258,0.03410393168,0.002602540255,0.009748317478,0.03229725269,0.1439793289,0.003697550799,-0.2833998191,0,-0.0008610462846,-0.02506898046,-0.005040139223,-0.05723871069,-0.0007331195651,0.05133904378,0,0.1439793289,0.03545993306,0.03990347317,0,0.03410393168,0.003253430469,-0.00408126556,0,-0.003878277379,-0.1329475032,-0.02271164861,0,-0.05792533023,0.1219900881,0.004160925064,0.003697550799,0.003253430469,0.1088688158,0.254202543,0.002602540255,0.03545993306
1,2,2,4,4,1500,500,v1,0,0,0.2938428133,0,0,0,0,0,0,0.2885515794,0,0,0,0,0,0,0,0,0,0,0,0,0,0,0,0,0,0,0,0.03806577845,0,0,0,0,0.03738032716,0,0,0,0,0,0,0.1726340635,0,0,0,0,0.1695254382,0,0,0,0,0,0,0,0,0,0,0,0,0,-0.4168342953,0,0,-0.581906193,0,0,0,0,0,0,0,0,0,0,0,0,0,0,0,0,0,0,0,0,0,0.755625892,0,0,0,0.7424848405,-0.923436111,0,0,0,0,-0.07530437734,0,0,0,0,0,0,0,0,0,-0.6572105704,0,0,0,0,-0.341529918,0,0,0,0,0,0,0,0,0,0,0,0,0,0,0,0,0,0.7424848405,0,0,0,0.755625892,0,0
1,2,2,4,4,1500,500,v1,0,0,0.3957933434,0,0,0,0,0,0,0.02681391099,0,0,0,0,0.02461622781,0,0,0,0,0,0,0.0006220248499,0,0,0,0,0.005183963616,0,0,0.01581452016,0,0,0,0.0001309930269,0.001071390267,0,0,0,0.1237456315,0,0,0.37750608,0,0,0,0.003126915238,0.02557499917,0,0,0,0,0,0,0,0,0,0,0,0,0,-0.4193224695,0,0,-0.4219774112,0,0,0,0,0,0,0.2299524251,0,0,0,0.005813764707,-0.1319818856,0,0,-0.02519557427,0,0,0,0,0,0,1.181853487,0,0,0,0.08009633399,-0.9763152847,0,0,-0.005305968946,0,-0.01685608691,0,0,0,0,0,0,0,0,0,-0.4693350413,0,0,-0.1266759167,0,-0.4024663826,0,0,0,0,0,0,0,0,0,0,0,0,0,0,0,0,0.005813764707,0.08009633399,0,0,0.2299524251,1.181853487,0,0
1,2,2,4,0,1500,500,v1,0,0.03762521685,0.1718746585,0,0,0,0.04351794947,0,0,0.09042921568,0,0,0,0,0,0,0,0,0,0,0,0,0,0,0,0,0,0,0.006449079946,0.0294598545,0,0.007459112763,0,0,0.01549985064,0,0,0,0,0,0,0.1196961647,0,0,0,0,0.06297630137,0,0,0,0,0,0,0.1924368941,0,0,0,0,0.2225757015,0,-0.2194214862,0,0.01001844828,-0.2204572515,0,0,0,0,0,0,0,0,0,0,0,0,0,0,0,0,0,0,0,0,0.2286938218,0.1014420232,0,0,0.2665583376,0.0480962516,-0.4452651375,0,0,0,-0.008480971378,0.02388581942,0,0,0,0,0,0,0,0,0,-0.1965714321,0,0,0,0,0.09687924892,0,0,0.2665583376,0,0,0,0.2286938218,0,0,0.001537476899,0,0,0,0,-0.3317055831,0,0,0.0480962516,0,0,0,0.1014420232,0,0
1,2,2,4,2,1500,500,v1,0.02652174507,0,0.01651769541,0.08306265555,0,0.01704703402,0,0,0,0.03068578028,0.004628273043,0,0,0,0,0,0,0.02557933763,0,0,0,0,0.00694479513,0,0,0,0,0,0,0.06305655812,0,0,0,0,0.1171434416,0,0,0,0,0,0.01785675477,0.01112115494,0,0.05592503309,0.01147755192,0,0.02066034689,0.003116157572,0,0,0,0,0.1182650216,0,0,0.3703906634,0,0,0,0,-0.7275596994,-0.1093699246,0,0.04281724644,0,-0.0216340275,0,0,0,0,0,0,0,0,0,-0.0361999194,0,0,0,0,-0.03250166383,0,0,0.2435738707,0,0.0367799883,0,0.7635649774,0,0.07664839648,0.07164555572,0,0,0,0,-0.1472644789,0,0,0.7635649774,0,0.08105513378,0,0.2435738707,0,0.02199724106,-0.7563714386,0,0,0,-0.0736373839,0.02882830928,-0.0145658919,0,0,0,0,0,0,0,0,-0.1830073085,0,0,0,-0.4884185901,0,0,0,0.07664839648,0.02199724106,0,0,0.0367799883,0.08105513378,0
1,2,2,4,0,1500,500,v1,0,0,0,0,0,0,0,0,0.01837959449,0,0,0.008704989115,0,0,0.2574800641,0,0,0,0,0,0.1255597042,0.366156663,0,0.05946789841,0,0,0.03536778224,0,0,0,0,0,0.01724703732,0.05029573519,0,0.008168584579,0,0,0.02195303102,0,0,0,0,0,0,0.03121891635,0,0,0,0,0,0,0,0,0,0,0,0,0,0,-0.1293119578,0,0,0,0,0,0.02461165249,0,0,0,0.4719655838,0,0,0,0.6705158699,-0.09087136853,0,0,-0.6230762077,0,0,-0.1524070315,0,0,0,0,0,0,0,0,-0.8039449652,0,0,-0.0855047163,0,0,0.02309507368,0,0,0,0,0,0,0,0,-0.708580924,0,0,-0.05307337839,0,0,0,0,0,0,0.1101082083,0,0,0,0.04694224972,0,0,0,0,0,0,0,0.6705158699,0,0,0.04694224972,0.4719655838,0,0,0.1101082083
1,2,2,4,1,1500,500,v1,0,0.02961015842,0.1798769779,0,0.1300799778,0.002587935815,0.2529004713,0.06219803104,0,0.04442900799,0.05164182456,0,0,0,0,0,0.00644904136,0.000128303413,0,0.003083623487,0,0,0.002560273058,0,0,0,0,0,0.001908667853,0.01159485202,0,0.01630193911,0,0,0.002863889415,0,0,0,0,0,0,0.09807554251,0,0,0.001411037766,0,0.02422432883,0.02815702164,0,0,0,0,0,0.003113075933,0,0,0.01367601086,0,0.02658879292,0.006539215048,-0.1766011185,0,-0.282125301,-0.2241993228,-0.1715402637,-0.0425178409,0,0,0,0,0,0,0,0,0,-0.2171974701,0,0,0,0.008589314457,0.002269322814,0,0,0,0.05191684084,0.4339362216,0,0,0.4430149532,0.1070995053,-0.6580356618,0,0,0,-0.01817896622,-0.014430386,0,0,0,0.1681935262,0.001863399344,0,0,0.07736897985,0.0620823439,-0.2788782268,0,0,0,0,-0.1220607759,-0.002381977407,0,0.4430149532,0.07736897985,0,0,0.05191684084,0.1681935262,0,-0.4632552165,0,0,0,0,-0.02965026216,-0.0007573881014,0,0.1070995053,0.0620823439,0,0,0.4339362216,0.001863399344,0
1,2,2,4,1,1500,500,v1,0,0,0,0,0,0,0,0,0,0,0,0,0,0,0,0,0,0,0,0,0,0,0,0,0.187890716,0,0,0.1659335422,0,0,0,0,0,0,0,0,0.205381215,0,0,0.1813800769,0,0,0,0,0,0,0,0,0.1377564303,0,0,0.1216580198,0,0,0,0,0,0,0,0,0,0,0,0,0,0,0,0.7952483565,0,0,0,0.7025261825,0,0,0,0,0,0,0,0,0,0,0.7025261825,0,0,0,0.7952483565,0,0,0,-0.6453220094,-0.3531943499,0,0,0,0,0,0,0,0,0,0,0,0,0,-0.6121310591,-0.3863853003,0,0,0,0,0,0,0,0,0,0,0,0,0,-0.7395796502,-0.2589367092,0,0,0,0,0,0,0,0,0,0,0,0,0
1,2,2,4,2,1500,500,v1,0,0.10261274,0,0,0,0,0.7170247784,0,0.0008955025387,0,0,0.00652369625,0,0,0,0,0,0,0,0,0.0008376224597,0,0,0.006102042444,0,0,0,0,0.01818373086,0,0,0.1270620547,0.0001586896242,0,0,0.001156046869,0,0,0,0,0,0,0,0,0,0,0,0,0,0,0,0,0,0.002434136178,0,0,0,0,0.01700895964,0,0.1466801571,0,-0.750366973,0,0,0,-0.007364207846,0,0,0,0,0,0,0,0,-0.007231997843,0,0,0,0,0,-0.006883272892,0,0,0.09970815387,0,0,0,0.7956954755,0,-0.7465004324,0,0,0,0.1353171987,0,0.0001322100035,0,0,0,0,0,0,0,0,0,0,0,0,0,0,0,0,0.7956954755,0,0.002469129449,0,0.09970815387,0,0.01870377665,-0.6150497743,0,0,0,0,0.01811402134,0,0,0,0,0.01870377665,0,0,0,0.002469129449
1,2,2,4,0,1500,500,v1,0,0.07917094969,0.002236750341,0,0,0,0.0472321292,0,0.006697173463,0.0003681164924,0,0.0016826902,0,0,0,0,0,0,0,0,0.1221993769,0,0,0.03070305632,0,0,0,0,0.0007627139401,2.154831629e-05,0,0.000455023004,6.451896282e-05,0,3.546345995e-06,1.621063379e-05,0,0,0,0,0,0.09689150791,0,0,0,0,0.01594606308,0,0,0,0,0,0,0.3730142545,0,0,0,0,0.2225343706,0,-0.7889938821,0,0.1167306877,0.002082387368,0,0,0.007019298401,0,0,0,0,0,0,0,0,0.006959559137,0,0,0,0,0,-0.1425192504,0,0,0.4020271549,0.1349639975,0,0,0.2330984121,0.02131316134,-0.6636878732,0,0,0,0.0006071031053,-2.099920755e-05,-5.973926444e-05,0,0,0,0,0,0,0,0,0.00206138816,0,0,0,0,-0.1062461607,0,0,0.2330984121,0,0.1638299886,0,0.4020271549,0,0.03950954831,0.1173377908,0,0,0,0,-0.5407548355,0,0,0.02131316134,0,0.03950954831,0,0.1349639975,0,0.1638299886
1,2,2,4,4,1500,500,v1,0,0,0,0,0,0,0,0,0,0,0,0,0,0,0,0,0,0,0,0,0,0,0,0,0.2071242748,0,0,0.03635514832,0,0,0,0,0,0,0,0,0.5851592042,0,0,0.1027091087,0,0,0,0,0,0,0,0,0.05840144595,0,0,0.01025081793,0,0,0,0,0,0,0,0,0,0,0,0,0,0,0,0.4351105934,0,0,0,0.06361676526,0,0,0,0,0,0,0,0,0,0,0.06361676526,0,0,0,0.4351105934,0,0,0,-0.558676416,0.2261915102,0,0,0,0,0,0,0,0,0,0,0,0,0,0.289969275,-0.6224541808,0,0,0,0,0,0,0,0,0,0,0,0,0,-0.3962626706,0.06377776479,0,0,0,0,0,0,0,0,0,0,0,0,0
1,2,2,4,0,1500,500,v1,0,0,0,0,0,0,0,0,0.001708758243,0,0,0.004341567479,0,0,0.01096201112,0,0,0,0,0,0.00966187094,0.09608172735,0,0.02454862461,0,0,0.05095372408,0,0,0,0,0,0.04491040016,0.4466079966,0,0.1141071498,0,0,0.02008363742,0,0,0,0,0,0,0.1760325322,0,0,0,0,0,0,0,0,0,0,0,0,0,0,-0.09835755534,0,0,0,0,0,0.005482444786,0,0,0,0.1228824235,0,0,0,1.076438002,-0.8165658803,0,0,-0.1068556938,0,0,0.03099951335,0,0,0,0,0,0,0,0,-0.2661465049,0,0,-0.4969184872,0,0,-0.1293570687,0,0,0,0,0,0,0,0,-0.6037741809,0,0,-0.1957727693,0,0,0,0,0,0,0.03547261448,0,0,0,0.1038400514,0,0,0,0,0,0,0,1.076438002,0,0,0.1038400514,0.1228824235,0,0,0.03547261448
1,2,2,4,4,1500,500,v1,0.000626161896,0,0,0.0008537408828,0.003084755598,0.1001208387,0,0.0005324134743,0,0,0.3180837314,0,0.01394215308,0,0.0009185947789,0.003952425519,0.003442934926,0.1117461404,0,0.0005942334449,0,0.0003773429445,0.3550172951,0,0,0,0.0001593967487,0,0,0,0,0,0,6.547744432e-05,0,0,0,0.00206968538,0.0001363635999,0,0.0001037454776,0,0.0005867298447,0.0001414518452,0.01658849618,5.601582274e-05,0,0.05270162371,0,0.008334645277,0,0,0.0004177841534,0,0.002362767392,0.0005696281014,0.00205819296,0,0,0.0003552338685,-0.5397018382,-0.001466901436,0,0,-0.003511457687,-0.41739777,0,0,-0.001423470478,0,0.001818504849,0,-0.001882989632,0,0.0007471315382,-0.4797397447,-0.008655174262,0,-0.001293871585,-0.003919391374,-0.4665262588,0,0,0.0008970437614,0,0,0,0.001277422315,0,0,-0.00148592783,0,0,-0.0002244964278,0,0,0,-0.001882989632,0.001277422315,0.009858027337,0.342127143,-0.001423470478,0.0008970437614,0.001466828723,1.087490486,-0.8865798488,0,0.002134938151,-0.0001920562452,-0.0002428234869,0,-0.06915439041,0,0,0.001466828723,0,0,0,0.009858027337,0,-0.01566081009,0,0.00872454285,0,0.0002600808718,0,-0.0001190549788,0.0007471315382,0,1.087490486,0,0.001818504849,0,0.342127143,0
1,2,2,4,0,1500,500,v1,0.0001325264254,0,3.102698646e-05,0.0002174705736,0,0,0,0,0,0.0005104815181,0,0,0,0,0,0,0,0,0,0,0,0,0,0,0,0,0,0,0,0.0135002003,0,0,0,0,0.2221164068,0,0,0,0,0,0.06033898051,0.01412651647,0,0.09901385828,0,0,0.2324210759,0,0,0,0,0,0.135402068,0,0,0.2221893883,0,0,0,0,-0.5076274223,0.0002858016712,0,0.0004999366138,0,0,0,0,0,0,0,0,0,0,0,0,0,0,0,0,0,0,0,0.2894720784,0,-0.004166798965,0,0.4768717625,0,-0.001914515849,-0.07593883695,0,0,0,0,0.07999304683,0,0,0.4768717625,0,0,0,0.2894720784,0,0,-0.2744732827,0,0,0,-0.1559296278,-0.07643877356,0,0,0,0,0,0,0,0,0,-0.1556438262,0,0,0,-0.3552520678,0,0,0,-0.001914515849,0,0,0,-0.004166798965,0,0
1,2,2,4,2,1500,500,v1,0.001291385061,0,0.0003467432016,0.003236381433,0,0.01200808432,0,0,0,0.009491223403,0.0002066266634,0,0,0,0,0,0,0.3842213781,0,0,0,0,0.00661141105,0,0,0,0,0,0,9.047910505e-05,0,0,0,0,0.002476638029,0,0,0,0,0,0.02424692372,0.006510417544,0,0.06076599156,0.225462655,0,0.1782063126,0.003879602682,0,0,0,0,0.0230874783,0,0,0.05786026829,0,0,0,0,-0.940827087,-0.004519073759,0,0.009014761672,0,-0.01218981863,0,0,0,0,0,0,0,0,0,-0.2410660166,0,0,0,0,-0.3907671115,0,0,0.0728182002,0,0.003630981408,0,0.1825843302,0,0.2159986225,-0.1487720462,0,0,0,0,0.002352310196,0,0,0.1825843302,0,0.9317298649,0,0.0728182002,0,0.0160198273,-0.4769418794,0,0,0,-0.08491633246,-0.1577868078,-0.228876198,0,0,0,0,0,0,0,0,-0.08943540621,0,0,0,-0.08083294739,0,0,0,0.2159986225,0.0160198273,0,0,0.003630981408,0.9317298649,0
1,2,2,4,4,1500,500,v1,0,0,0.005712973989,0,0,0.01866223048,0,0,0.01242791871,0.02948289719,0.0558329743,0.006373968953,0.01014645837,0.02346129368,0.005228037064,0.01018196168,0,0.04725745453,0.01058774763,0,0.0314706114,0.002236263454,0.1413831132,0.01614049019,0.03952938138,0.04318538077,0.009623287375,0.008846599393,0,0.02662893641,0.01948894716,0,0.05792819249,0.004116307058,0.1374237299,0.0297099224,0.01265028785,0.005976950579,0.003079667607,0.002831110048,0,0.008521856374,0.005997864434,0,0.02783783858,0.0013173105,0.04397867307,0.08328422092,0.0003879590006,0.0001833011075,0.0004238406112,8.682447687e-05,0,0,0.0001839424936,0,0,0.0001912732302,0,0,-0.6508771558,0,0,-0.035126587,0,-0.07435091616,-0.01876842499,0.0752978335,0.02384006727,0.01744369803,0.02685184734,0.01684026761,0.02398854388,0.005020286109,0.0114897149,-0.3649652772,-0.02019030974,0.02862489764,-0.007451426629,0,-0.1885326161,-0.04752684219,0.01684026761,0,0,0.06119443631,0.0752978335,0,0,0.3160619859,-0.1510101448,-0.0469104972,-0.04414059863,-0.01372022838,0,-0.1639805113,-0.08753251898,0.02398854388,0,0,0.1404042599,0.02384006727,0,0,0.4202822647,-0.5497914066,-0.0148280665,-0.01185395394,-0.004389386478,0,-0.0523971832,-0.1109074841,0.005020286109,0,0,0.1524891979,0.01744369803,0,0,0.07825248133,-0.1092985284,0.0003131629596,0.0001585229115,0.0005397115669,0,0,0,0.0114897149,0.3160619859,0.4202822647,0.07825248133,0.02685184734,0.06119443631,0.1404042599,0.1524891979
1,2,2,4,0,1500,500,v1,0,0,0,0,0.6370792578,0,0,0.06644199698,0,0,0,0,0,0,0,0,0.06846062235,0,0,0.007139865893,0,0,0,0,0,0,0,0,0,0,0,0,0,0,0,0,0,0,0,0,0,0,0,0,0,0,0,0,0,0,0,0,0,0,0,0,0.2000180593,0,0,0.02086019774,0.2757594039,0,0,0,-0.6397653943,0,0,0,0,0,0,0,0,0,0,-0.4343231611,0,0,0,0.07031717061,0,0,0,0,0,0,0,0,0,0,0,0,0,0,0,0,0,0,0,0.5052449816,0,0,0,0.04076400405,0,0,0,0,0,0,0,0,0,0,0.04076400405,0,0,0,0.5052449816,0,-0.5694482237,0,0,0,0,0,0.2054422333,0,0,0,0,0,0,0,0
1,2,2,4,4,1500,500,v1,0.003095255129,0.003523132308,0.0002871279157,0.001656438592,0,0,4.891903866e-05,0,0,0.0001349457978,0,0,0.2096494325,0.00571142019,0,0.007171761731,0,0,0.03495233797,0,0,0,0,0,0.0001130340972,0.0001531499897,0,5.847635276e-05,0.003465930171,0.0002824660611,0.000937236278,4.812478136e-05,0,0,0.0001327547963,0,0.0004175037033,0.02076430564,0,0.0002159887542,0.01124703819,0.001043319047,0.0007103126912,0.006018899033,0,0,0.0004903442455,0,0.005092223525,0.253258797,0.006899457775,0.002634379064,0.1371782621,0.1561413024,0.008663566256,0.07341151469,0,0.04222280482,0.002168037344,0,-0.3341954816,-0.004700931363,-0.003564835666,-0.0004213626685,0,0,0,0.003608350239,0.01435864051,0.01330726498,0,0.001149810539,-0.003833369884,0.1013037717,0,-0.2389254405,0.1959950117,-0.04049377609,0,0,0,0,0.001149810539,0.1972860767,0.2125861634,0.002415347755,0.003608350239,0.100330219,0.0005707609028,0.001135349212,-0.2188816494,-0.000169845314,-0.001078240062,0,-0.003506956395,-0.0004145213572,0,-0.003833369884,0.100330219,0,0,0.01435864051,0.1972860767,0,0,-0.211388066,-0.000627540446,0.01973936111,0,-0.01715945672,-0.001531247285,0,0.1013037717,0.0005707609028,0,0,0.01330726498,0.2125861634,0,0,0.1444327908,-0.002374721425,-0.2227512199,-0.03483534165,-0.1765504757,-0.1350328241,0,0,0.001135349212,0,0,0,0.002415347755,0,0
1,2,2,4,1,1500,500,v1,0,0,0,0,0,0,0,0,0,0,0,0,0.288371532,0,0,0.5095336573,0,0,0,0,0,0,0,0,0,0,0,0,0,0,0,0,0,0,0,0,0,0.01874171382,0,0,0,0,0.0331153839,0,0,0,0,0,0,0.0542975281,0,0,0,0,0.09594018481,0,0,0,0,0,0,0,0,0,0,0,0,0,0.2846057403,0,0,0,0.5196666862,0,0,0.1878739377,-0.7240555553,0,0,0,0,0,0,0,0,0,0,0,0,0,0,0,0,0,0,0,0,0.5196666862,0,0,0,0.2846057403,0,0,0,-0.5843896697,0,0.04820805203,0,0,0,0,0,0,0,0,0,0,0,0,-0.6758475033,0,0.1396658856,0,0,0,0,0,0,0,0,0,0,0,0
1,2,2,4,1,1500,500,v1,0,0,0,0,0.3316679894,0,0,0.1348410365,0,0,0,0,0.02320736393,0.06481813121,0,0.001398066343,0.1594754362,0,0.07359730993,0.06483541918,0,0,0,0,0,0.002235856893,0,0,0,0,0.00253868863,0,0,0,0,0,0,0.06342826464,0,0,0,0,0.003821068272,0,0,0,0,0,0,0.004441894027,0.01240620308,0,0,0,0.0002675901734,0,0.0305236299,0.01408653962,0,0.012409512,0.2381926334,0,0,0,-0.4151633676,0,0,0,0.1055293903,0.09926850983,0,0,0.005012259015,0.1138788013,0,-0.4729781221,-0.01564082063,-0.1110724244,0,0.2069279926,0,0,0,0,0,0,0,0,0,0,-0.1373733389,0,-0.004724868515,0,0,0,0,0.005012259015,0,0.194384941,0,0.1055293903,0,0.07107116035,0,-0.01940859571,0,-0.05428583719,0,0,0,0,0.1138788013,0,0.07107116035,0,0.09926850983,0,0.194384941,0,-0.3939593258,0,-0.003767775082,-0.02630091449,0,0,0.03126464078,0,0,0,0,0,0,0,0
1,2,2,4,4,1500,500,v1,0,0.2797299603,0.06008241334,0,0.005702102934,0.06012870945,0.3239561182,0.003851767038,0.0104083747,0.08538351169,0.002204088405,0.001802746675,0,0.004381482911,0,0,0.0008312960772,0.008766022093,0.01009070008,0.0005615399908,0.001517412287,0,0.0003213288266,0.0002628181666,0,0.001985913402,0,0,0.01848412286,0.003970152888,0.004573624257,0.02140651893,0.0006877692917,0,0.005642010311,0.0001191227103,0,0,0,0,0,0.02250652941,0,0,0.02252387167,0,0.03198417657,0.0008256389474,0,0,0.0002238998514,0,0,0.002083974234,0,0,4.248038208e-05,0.0005156487641,0.002413456901,2.869547207e-05,-0.05914231147,0,-0.5413819661,-0.1453476868,-0.009491140244,-0.06223329382,-0.01219206422,0,0,0.009349621854,0,0,0,0.02158943108,0,-0.1142651186,0,-0.01435535642,0,-0.001378697377,-0.009072078845,-0.001777224863,0,0,0.3462281233,0.1296264889,0,0,0.4041252259,0.1843691946,-0.7650495172,0,-0.00649511543,0,0.03697741744,-0.009594130939,-0.0008055297134,0,0,0.009713088742,0.1369034608,0,0,0.006534713425,0.00502017011,-0.2262471904,0,0,0,0,-0.05438863793,-0.02331038127,0.02158943108,0.4041252259,0.006534713425,0.01888900465,0.009349621854,0.3462281233,0.009713088742,0.003273223537,-0.5361248582,0,0,0.0002244365646,0,0.004168982524,3.796950949e-05,0,0.1843691946,0.00502017011,0.003273223537,0,0.1296264889,0.1369034608,0.01888900465
1,2,2,4,2,1500,500,v1,0,0,0,0,0,0,0,0,0,0,0,0,0,0,0,0,0,0,0,0,0,0,0,0,0.160469358,0,0,0.3851423234,0,0,0,0,0,0,0,0,0.1316791706,0,0,0.3160430274,0,0,0,0,0,0,0,0,0.001960566737,0,0,0.004705553992,0,0,0,0,0,0,0,0,0,0,0,0,0,0,0,0.02117528102,0,0,0,0.07284763085,0,0,0,0,0,0,0,0,0,0,0.07284763085,0,0,0,0.02117528102,0,0,0,0.4190928994,-0.4817748406,0,0,0,0,0,0,0,0,0,0,0,0,0,-0.4756158223,0.412933881,0,0,0,0,0,0,0,0,0,0,0,0,0,-0.06884095958,0.006159018338,0,0,0,0,0,0,0,0,0,0,0,0,0
1,2,2,4,0,1500,500,v1,0.01197842169,0,0,0.005209309583,0,0,0,0,0,0,0,0,0.003187817285,0,0,0.5420487141,0,0,0,0,0,0,0,0,0,0,0,0,0,0,0,0,0,0,0,0,0,0.0008753510002,0,0,0.01707116562,0,0.1488425595,0.007424098847,0,0,0,0,0,0.001323290746,0,0,0.02580692257,0,0.2250091467,0.01122320223,0,0,0,0,-0.001071557145,0.01462171294,0,0,0,0,0,0,0.00806930783,0,0,0,1.371764432,0,0,-0.3753980794,-0.5444910808,0,0,0,0,0,0,-0.01281252226,0,0,0,-0.007512711436,0,0,0,0,0,0,0,0,0,1.371764432,-0.007512711436,0,0,0.00806930783,-0.01281252226,0,0,-0.7777125866,0,-0.1494576707,0,0.02083125288,0,0,0,0,0,0,0,0,0,0,-0.6584957856,0,-0.2259404088,0,-0.02190281003,0,0,0,0,0,0,0,0,0,0
1,2,2,4,3,1500,500,v1,0.05494072649,0,0,0.03890239125,0,0,0,0,0,0,0,0,0,0,0,0,0,0,0,0,0,0,0,0,0,0,0,0,0,0,0,0,0,0,0,0,0,0,0,0,0.1774221491,0,0,0.1256289514,0,0,0,0,0,0,0,0,0.3530900358,0,0,0.250015746,0,0,0,0,-0.256100987,0.0868210191,0,0,0,0,0,0,0,0,0,0,0,0,0,0,0,0,0,0,0,0,0,0.1517651303,0,0,0,0.1021548216,0,0,0,0,0,0,0,0,0,0,0.1021548216,0,0,0,0.1517651303,0,0,-0.4496046867,0,0,0,0.2803247188,0,0,0,0,0,0,0,0,0,0,0.3671457379,0,0,0,-0.5364257058,0,0,0,0,0,0,0,0,0,0
1,2,2,4,4,1500,500,v1,0,0,0,0,0,0,0,0,0,0,0,0,0.01061101881,0,0,0.1360690568,0,0,0,0,0,0,0,0,0,0,0,0,0,0,0,0,0,0,0,0,0,0.04580964838,0,0,0,0,0.5874342284,0,0,0,0,0,0,0.01592057457,0,0,0,0,0.2041554731,0,0,0,0,0,0,0,0,0,0,0,0,0,0.01574834233,0,0,0,0.3329239768,0,0,-0.3687230015,0.1362747887,0,0,0,0,0,0,0,0,0,0,0,0,0,0,0,0,0,0,0,0,0.3329239768,0,0,0,0.01574834233,0,0,0,0.3407388931,0,-0.5731871058,0,0,0,0,0,0,0,0,0,0,0,0,-0.4369123171,0,0.2044641044,0,0,0,0,0,0,0,0,0,0,0,0
1,2,2,4,1,1500,500,v1,0.02257102196,0.0002937274148,0.006849517699,0.004372548183,0.0002980095083,0,3.288960054e-05,0.001450632888,0.005980791723,0.001992727536,0,0.002065432462,0,0.2087457949,0,0,0.002794583815,0,0.2028808311,0.01360330821,0.05608486738,0,0,0.0193685905,0,0.02319979035,0,0,0.0003061243149,0.007138604731,0.02254796437,3.42777212e-05,0.006233213778,0,0.002076831514,0.002152604986,0,0,0,0,0.001730313667,0.00052508983,0,0.0003352032483,0,0,0.0001527641812,0,0,0,0.1172889021,0,0.1189261686,0.001547642641,0,0.02303885057,0.001570204888,0.1139935295,0.0001732945094,0.007643349587,-0.2383141147,-0.02689055646,-0.0003260312683,-0.008830049434,-0.001731409338,0,-0.007970928682,0,0,0.07830896893,0,0,0,0.07568740851,0,0.2275958311,0,-0.3574002866,0,-0.008549883956,0,-0.0564240053,0,0.2147297503,0.003217103118,0.02174225495,0,0.04155133406,0.000360093027,0.006322959646,-0.220697415,0,0.04208659465,0,-0.0003397915674,-0.009203514196,-0.008307972432,0,0.04155133406,0.003640198547,0,0,0.2147297503,0.02547658153,0,-0.1868261671,0,0,0,-0.002061452841,-0.0006765794347,0,0.07568740851,0.000360093027,0.02547658153,0.08397655897,0.07830896893,0.003217103118,0.003640198547,0.02507780065,-0.3552128174,0,0,0.2126494403,-0.141902047,-0.001718974594,-0.009129893424,0,0.006322959646,0,0.02507780065,0,0.02174225495,0,0.08397655897
1,2,2,4,4,1500,500,v1,0,0,0,0,0,0.0005271357378,0,0,0,0,0.002177975793,0,0,0,0.09555723318,0,0,0.007253183823,0,0,0,0.09157670135,0.02996810434,0,0,0,0.0002115510162,0,0,0,0,0,0,0.0002027386477,0,0,0,0,0.3290335149,0,0,0,0,0,0.02497498607,0.3153272957,0,0.1031895795,0,0,0,0,0,0,0,0,0,0,0,0,-0.1652488646,0,0,0,0,-0.002699828195,0,0,0,0,0.6362441852,0,0,0,0.6103102386,-0.7750535804,0,0,-0.1867827975,0,-0.03714859736,0,0,0,0,0,0,0,0,0,-0.8306227702,0,0,-0.0004135122898,0,0,0,0,0,0,0.04905196654,0,0,0,0.2028710727,-0.2270447354,0,0,-0.6438399727,0,0,-0.1281002673,0,0,0,0,0,0,0,0,0,0,0,0,0,0,0,0.6103102386,0,0.2028710727,0,0.6362441852,0,0.04905196654,0
1,2,2,4,1,1500,500,v1,0.192028919,0,0,0.35100871,0,0,0,0,0,0,0,0,0,0,0,0,0,0,0,0,0,0,0,0,0,0,0,0,0,0,0,0,0,0,0,0,0,0,0,0,0.08719227305,0,0,0.1593783241,0,0,0,0,0,0,0,0,0.0743987207,0,0,0.1359930531,0,0,0,0,-0.4561299453,-0.5424870815,0,0,0,0,0,0,0,0,0,0,0,0,0,0,0,0,0,0,0,0,0,0.5298832612,0,0,0,0.9680422789,0,0,0,0,0,0,0,0,0,0,0.9680422789,0,0,0,0.5298832612,0,0,-0.7524942749,0,0,0,-0.2461227519,0,0,0,0,0,0,0,0,0,0,-0.7886098333,0,0,0,-0.2100071934,0,0,0,0,0,0,0,0,0,0
1,2,2,4,2,1500,500,v1,0,0,0,0,0,0,0,0,0,0,0,0,0.03700338029,0.01472595788,0,0.01138281224,0,0,0.01038786357,0,0,0,0,0,0,0.001313544763,0,0,0,0,0.0009265898964,0,0,0,0,0,0,0.198968069,0,0,0,0,0.06120565614,0,0,0,0,0,0,0.3343323374,0.1330517342,0,0,0,0.1028457993,0,0,0.09385625529,0,0,0,0,0,0,0,0,0,0,0.8541228978,0.1477765429,0,0,0.2628951998,0.1007789154,0,-0.8850082154,-0.04829929357,0.02292513835,0,0,0,0,0,0,0,0,0,0,0,0,-0.1677485446,0,0.002044905715,0,0,0,0,0.2628951998,0,0,0,0.8541228978,0,0,0,-0.484955947,0,-0.2597227848,0,0,0,0,0.1007789154,0,0,0,0.1477765429,0,0,0,-0.2830520343,0,-0.4366566534,-0.190673683,0,0,0,0,0,0,0,0,0,0,0
1,2,2,4,1,1500,500,v1,0.0004237383682,0,0,0.0008324034981,0,0,0,0,0,0,0,0,0,0,0,0,0,0,0,0,0,0,0,0,0,0,0,0,0,0,0,0,0,0,0,0,0,0,0,0,0.0001427578226,0,0,0.0002804374581,0,0,0,0,0,0,0,0,0.336766714,0,0,0.6615539489,0,0,0,0,-0.9978528415,-0.00125381104,0,0,0,0,0,0,0,0,0,0,0,0,0,0,0,0,0,0,0,0,0,0.5059287009,0,0,0,0.9927312779,0,0,0,0,0,0,0,0,0,0,0.9927312779,0,0,0,0.5059287009,0,0,-0.9986842425,0,0,0,-0.0004224100234,0,0,0,0,0,0,0,0,0,0,-0.001676221064,0,0,0,-0.9974304315,0,0,0,0,0,0,0,0,0,0
1,2,2,4,4,1500,500,v1,0,0.0169930866,0,0,0,0,0.2573593311,0,0,0,0,0,0,0,0,0,0,0,0,0,0,0,0,0,0,0,0,0,0.004988252584,0,0,0.07554680199,0,0,0,0,0,0,0,0,0,0,0,0,0,0,0,0,0,0,0,0,0,0.03995755948,0,0,0,0,0.6051549682,0,-0.5104147777,0,0.255032214,0,0,0,0,0,0,0,0,0,0,0,0,0,0,0,0,0,0,0,0,0,0.01448739202,0,0,0,0.3685864535,0,-0.3302468021,0,0,0,0.07486423848,0,0,0,0,0,0,0,0,0,0,0,0,0,0,0,0,0,0,0.3685864535,0,0,0,0.01448739202,0,0,0.3298964525,0,0,0,0,-0.5852790162,0,0,0,0,0,0,0,0,0
1,2,2,4,3,1500,500,v1,0,0,0.02715837541,0,0,0,0,0,0,0.1773347934,0,0,0,0,0,0,0,0,0,0,0,0,0,0,0,0,0,0,0,0.0647965334,0,0,0,0,0.4230989406,0,0,0,0,0,0,0.0408533193,0,0,0,0,0.2667580379,0,0,0,0,0,0,0,0,0,0,0,0,0,-0.146075908,0,0,0.188785578,0,0,0,0,0,0,0,0,0,0,0,0,0,0,0,0,0,0,0,0,0,-0.01676685362,0,0,0,-0.04729765136,0.4725949007,0,0,0,0,-0.4298852307,0,0,0,0,0,0,0,0,0,-0.2410996527,0,0,0,0,0.2838093227,0,0,0,0,0,0,0,0,0,0,0,0,0,0,0,0,0,-0.04729765136,0,0,0,-0.01676685362,0,0
1,2,2,4,4,1500,500,v1,0,0,0,0,0,0.0930640064,0,0,0,0,0.4863226886,0,0.004546296695,0,0,0.01102208069,0,0.01420923683,0,0,0,0,0.07425292038,0,0,0,0,0,0,0,0,0,0,0,0,0,0,0.009182830137,0,0,0,0,0.02226293213,0,0.02870050437,0,0,0.1499796429,0,0.03108766332,0,0,0,0,0.07536919752,0,0,0,0,0,-0.2666111269,0,0,0,0,-0.5791778943,0,0,0.01456008679,0,0,0,0.04531983857,0,0,-0.8113622175,0.01393950631,0,0,0,-0.08828626025,0,0,0,0,0,0,0,0,0,0,0,0,0,0,0,0,0.04531983857,0,0,0.2036300572,0.01456008679,0,0,1.065053475,-0.7355397943,0,0.02815568956,0,0,0,-0.1783248667,0,0,0,0,0,0,0,0,0.04209519587,0,-0.08201514611,0,0,0,0,0,0,1.065053475,0,0,0,0.2036300572,0
1,2,2,4,2,1500,500,v1,0,0,0.06558088661,0,0,0,0,0,0,0.1005126658,0,0,0,0,0,0,0,0,0,0,0,0,0,0,0,0,0,0,0,0.3190904706,0,0,0,0,0.4890545933,0,0,0,0,0,0,0.01017170358,0,0,0,0,0.01558968009,0,0,0,0,0,0,0,0,0,0,0,0,0,-0.7096577566,0,0,0.1544193908,0,0,0,0,0,0,0,0,0,0,0,0,0,0,0,0,0,0,0,0,0,0.3241401947,0,0,0,0.508717354,0.1783700928,0,0,0,0,-0.7336084586,0,0,0,0,0,0,0,0,0,-0.5791890678,0,0,0,0,0.02395070198,0,0,0,0,0,0,0,0,0,0,0,0,0,0,0,0,0,0.508717354,0,0,0,0.3241401947,0,0
1,2,2,4,3,1500,500,v1,0,0,0,0,0,0,0,0,0.005980000504,0,0,0.1477883687,0,0,0,0,0,0,0,0,0.003337317008,0,0,0.08247769147,0,0,0,0,0,0,0,0,0.02957234838,0,0,0.7308442739,0,0,0,0,0,0,0,0,0,0,0,0,0,0,0,0,0,0,0,0,0,0,0,0,-0.8451399481,0,0,0,0,0,-0.1534962778,0,0,0,0,0,0,0,0,-0.9129730661,0,0,0,0,0,-0.08566315974,0,0,0,0,0,0,0,0,-0.2391594375,0,0,0,0,0,-0.7594767883,0,0,0,0,0,0,0,0,0,0,0,0,0,0,0,0,0,0,0.05829046256,0,0,0,1.439663876,0,0,0,0,0,0,0,0,0,0,1.439663876,0,0,0,0.05829046256
1,2,2,4,0,1500,500,v1,0,0.01190158356,0,0,0.00579352584,0,0.03327402179,0.03256098678,0.03393591746,0,0,0.002103283686,0,0.006636138971,0,0,0.0005424784988,0,0.01217432889,0.00304885759,0.003177599629,0,0,0.0001969415876,0.008608955304,0.1164873988,0,0.008221972331,0.01956175461,0,0.2137019599,0.05469005413,0.05577796318,0,0,0.003457012181,0.001674868346,0,0,0.001599580985,0,0,0,0,0,0,0,0,0.006592493458,0,0.0892027415,0.006296152888,0,0.01497983608,0,0,0.007291976481,0.1636468913,0.04188009013,0.04098263413,-0.1150713985,0,0.0395724195,0,-0.02581458,0,-0.02491135056,0.02528228828,0,0.3181593447,0,0.02413643128,0,0.5833574827,0,-0.7395563978,0,-0.01877618678,0,-0.003555124548,0,-0.003340715258,0.02413643128,0,-0.01727556408,0,0.02528228828,0,-0.03971288079,0,-0.226430948,-0.01681005321,-0.3298298472,0,-0.0511459521,0,-0.05872439893,0,0,0.01518328742,0,0,0,0.1006778246,0,-0.02967726969,-0.003268543352,0,0,0,0,0,0.5833574827,-0.03971288079,0.1006778246,0.124631206,0.3181593447,-0.01727556408,0.01518328742,0.005833491173,-0.4096278677,-0.01286721647,0,-0.2524051843,0,0.04956582918,-0.04787103681,0,0,0,0.005833491173,0,0,0,0.124631206
1,2,2,4,3,1500,500,v1,0,0,0,0,0,0,0,0,0.06864692356,0,0,0.1190425793,0,0,0,0,0,0,0,0,0.1694440876,0,0,0.2938378036,0,0,0,0,0,0,0,0,0.1276562603,0,0,0.2213723456,0,0,0,0,0,0,0,0,0,0,0,0,0,0,0,0,0,0,0,0,0,0,0,0,-0.811208117,0,0,0,0,0,-0.1873454799,0,0,0,0,0,0,0,0,-0.5357576087,0,0,0,0,0,-0.4627959882,0,0,0,0,0,0,0,0,-0.6501414682,0,0,0,0,0,-0.3484121287,0,0,0,0,0,0,0,0,0,0,0,0,0,0,0,0,0,0,0.5479720755,0,0,0,0.9498583198,0,0,0,0,0,0,0,0,0,0,0.9498583198,0,0,0,0.5479720755
1,2,2,4,0,1500,500,v1,0,0,0,0,0,0,0,0,0,0,0,0,0.0008856993889,0,0,0.00441709811,0,0,0,0,0,0,0,0,0,0,0,0,0,0,0,0,0,0,0,0,0,0.004894740659,0,0,0,0,0.02441070863,0,0,0,0,0,0,0.1612444914,0,0,0,0,0.8041472618,0,0,0,0,0,0,0,0,0,0,0,0,0,0.2504751718,0,0,0,1.24790687,0,0,-0.9936281902,-0.005293170699,0,0,0,0,0,0,0,0,0,0,0,0,0,0,0,0,0,0,0,0,1.24790687,0,0,0,0.2504751718,0,0,0,-0.9696691133,0,-0.02925224761,0,0,0,0,0,0,0,0,0,0,0,0,-0.03454541831,0,-0.9643759426,0,0,0,0,0,0,0,0,0,0,0,0
1,2,2,4,2,1500,500,v1,0.007350977318,0.0003953032817,0.00286052496,0.000636447442,0,0.01376459195,9.084761908e-05,0,5.952888958e-05,0.002856616135,0.02188215558,0.0007731022274,8.342324251e-05,0,0.0006173743346,0.0003638577044,0,0.01786834847,0,0,7.727675087e-05,0.0001898103002,0.02840607136,0.001003593863,0.0007655843179,0,0.006548048023,0.0002125571133,0.005442704762,0.03938493188,0,0.0012508289,0.0008196192285,0.002013182103,0.0393311135,0.01064440233,0.0008164918345,0.0009436461402,0.006983460368,0.000226691095,0.1079414522,0.04200383228,0.004115794448,0.009345568376,0.2021187089,0.002147048614,0.04194643524,0.3213166833,0.000340296176,0.0003932913465,0,9.447995619e-05,0.04498766781,0.002419239232,0.001715374303,0.003895031213,0,0,0.0005559835559,0,-0.7385015218,-0.007973806588,-0.0004814211521,0.005138429744,0,-0.03558113079,-0.0008245716808,0.001532635076,0.002126999418,0,0.0155808635,0.0003461140915,0.009281737544,0,0.003800741073,-0.5842427461,-0.0004464587841,0,-0.0007986119233,0,-0.04618924021,-0.001070424352,0.0003461140915,0.2400318436,0.007333595047,-0.01003385999,0.001532635076,0.02079420112,0.0009058391518,-0.01002646607,-0.02432705196,0.0002128106496,0,-0.003044992073,-0.002064029199,0.02103529197,-0.005617565079,0.009281737544,0.02079420112,0,0.3504790823,0.002126999418,0.2400318436,0,0.5565829566,-0.1189830157,-0.00103480301,-0.005054575924,-0.009077465722,-0.1171102125,-0.012800171,-0.5229376549,0,0.0009058391518,0,2.361994876e-05,0,0.007333595047,0,0.01124522172,-0.1339524966,-0.0004305070849,-0.002104789934,0,-0.04880001068,-0.002947505781,0,0.003800741073,-0.01002646607,0.5565829566,0.01124522172,0.0155808635,-0.01003385999,0.3504790823,2.361994876e-05
1,2,2,4,0,1500,500,v1,0.04722962943,0.2193570743,0,0.1606813258,0,0,0.02068041089,0,0,0,0,0,0,0,0,0,0,0,0,0,0,0,0,0,0,0,0,0,0.01410430006,0,0,0.001329716497,0,0,0,0,0,0,0,0,0.04209030446,0,0,0.1431966755,0,0,0,0,0,0,0,0,0.0370426835,0.1720440066,0,0.1260240143,0,0,0.01621985869,0,0.09971623884,-0.153139994,-0.2071038898,0,0,0,0,0,0,0,0,0,0,0,0,0,0,0,0,0,0,0,0,-0.05528797801,0.5672845354,0,0,-0.1678083701,0.04660328022,0,-0.3939849965,0,0,0,-0.01527354723,0,0,0,-0.1678083701,0,0,0,-0.05528797801,0,0,-0.005658199388,0,0,0,0.1543890981,0,0,0,0.04660328022,0,0,0,0.5672845354,0,0,-0.2211283329,0,0,0,0.1474817946,-0.1868811067,0,0,0,0,0,0,0,0,0
1,2,2,4,4,1500,500,v1,0,0.2276375926,0,0,0,0,0.3271536531,0,0,0,0,0,0,0.0001158117247,0,0,0,0,0.0002145326532,0,0,0,0,0,0.001745458877,0.001059222057,0,0.005460213976,0.00268661371,0,0.001962130507,0.003861117489,0,0,0,0,0.09299019657,0,0,0.2908956365,0,0,0,0,0,0,0,0,0.004600984014,0,0.002792081677,0.01439298144,0,0.007081843574,0,0,0,0.005172124772,0.01017780486,0,0.01701250676,0,-0.509305623,0,0,0,0,0.1192212668,0,0.002603771867,0,0.3897010127,0,0.006130935896,0,-0.005496054001,0,-0.0003270845075,0,0,0,0,0.3897010127,0,0.2999258471,0,0.1192212668,0,0.4385138272,0,-0.8337484841,-0.001792253384,-0.002994865571,0,0.001137828675,0,0,0,0,0,0,0,0,0,0,0.01541122783,-0.3546927475,0,0,0,0,0,0.006130935896,0.4385138272,0,0,0.002603771867,0.2999258471,0,0,-0.8679747452,0.01720348121,0,-0.00250118843,0,0.01587467809,0,0,0,0,0,0,0,0,0
1,2,2,4,1,1500,500,v1,0,0,0,0,0.02239724907,0,0,0.7737972237,0,0,0,0,0,0,0,0,0.001675975277,0,0,0.05790287068,0,0,0,0,0,0,0,0,0,0,0,0,0,0,0,0,0,0,0,0,0,0,0,0,0,0,0,0,0,0,0,0,0,0,0,0,0.004057150625,0,0,0.1401695307,0.1901984244,0,0,0,-0.7339753856,0,0,0,0,0,0,0,0,0,0,-0.5993780177,0,0,0,0.05560105645,0,0,0,0,0,0,0,0,0,0,0,0,0,0,0,0,0,0,0,0.01469872323,0,0,0,0.8009667186,0,0,0,0,0,0,0,0,0,0,0.8009667186,0,0,0,0.01469872323,0,-0.6783743291,0,0,0,0,0,0.1345973679,0,0,0,0,0,0,0,0
